{
"type": "FeatureCollection",
"name": "tanks",
"crs": { "type": "name", "properties": { "name": "urn:ogc:def:crs:OGC:1.3:CRS84" } },
"features": [
{ "type": "Feature", "properties": { "tank_id": "osm_way_104010895", "centroid_lon": -96.757581186890491, "centroid_lat": 35.948839367588143, "radius_m": 20.36, "height_m": 14.63, "roof_type": "unknown", "capacity_kbbl": 119.858, "first_seen": null, "last_seen": null, "notes": "OSM footprint, height model=flat" }, "geometry": { "type": "Polygon", "coordinates": [ [ [ -96.7577171, 35.9489862 ], [ -96.7577844, 35.9489203 ], [ -96.7578022, 35.9488788 ], [ -96.7578054, 35.9488153 ], [ -96.7577815, 35.9487547 ], [ -96.7577335, 35.9487044 ], [ -96.7576756, 35.9486734 ], [ -96.7575996, 35.9486573 ], [ -96.7575415, 35.9486595 ], [ -96.7574677, 35.9486814 ], [ -96.7574327, 35.9487017 ], [ -96.7573833, 35.9487512 ], [ -96.7573633, 35.9487907 ], [ -96.7573557, 35.948854 ], [ -96.7573894, 35.9489368 ], [ -96.7574177, 35.9489663 ], [ -96.757481, 35.9490039 ], [ -96.7575564, 35.9490218 ], [ -96.7576471, 35.949015 ], [ -96.7577171, 35.9489862 ] ] ] } },
{ "type": "Feature", "properties": { "tank_id": "osm_way_460925318", "centroid_lon": -96.714732495252889, "centroid_lat": 35.961351001693259, "radius_m": 17.76, "height_m": 14.63, "roof_type": "unknown", "capacity_kbbl": 91.192, "first_seen": null, "last_seen": null, "notes": "OSM footprint, height model=flat" }, "geometry": { "type": "Polygon", "coordinates": [ [ [ -96.7147405, 35.9611914 ], [ -96.7146645, 35.9612011 ], [ -96.7145988, 35.9612336 ], [ -96.7145534, 35.9612839 ], [ -96.7145354, 35.9613445 ], [ -96.7145473, 35.9614061 ], [ -96.7145874, 35.9614592 ], [ -96.7146496, 35.9614959 ], [ -96.7147245, 35.9615106 ], [ -96.7148005, 35.9615009 ], [ -96.7148662, 35.9614684 ], [ -96.7149116, 35.9614181 ], [ -96.7149296, 35.9613575 ], [ -96.7149177, 35.961296 ], [ -96.7148776, 35.9612428 ], [ -96.7148154, 35.9612061 ], [ -96.7147405, 35.9611914 ] ] ] } },
{ "type": "Feature", "properties": { "tank_id": "osm_way_460925320", "centroid_lon": -96.74216346339189, "centroid_lat": 35.947481308846321, "radius_m": 41.38, "height_m": 14.63, "roof_type": "unknown", "capacity_kbbl": 495.017, "first_seen": null, "last_seen": null, "notes": "OSM footprint, height model=flat" }, "geometry": { "type": "Polygon", "coordinates": [ [ [ -96.742193, 35.94711 ], [ -96.7420152, 35.9471291 ], [ -96.74186, 35.9472019 ], [ -96.741751, 35.9473172 ], [ -96.7417048, 35.9474574 ], [ -96.7417284, 35.9476013 ], [ -96.7418183, 35.947727 ], [ -96.7419607, 35.9478152 ], [ -96.742134, 35.9478526 ], [ -96.7423117, 35.9478335 ], [ -96.7424669, 35.9477608 ], [ -96.7425759, 35.9476455 ], [ -96.7426221, 35.9475052 ], [ -96.7425985, 35.9473613 ], [ -96.7425086, 35.9472356 ], [ -96.7423662, 35.9471474 ], [ -96.742193, 35.94711 ] ] ] } },
{ "type": "Feature", "properties": { "tank_id": "osm_way_460925321", "centroid_lon": -96.737169187149547, "centroid_lat": 35.944556387614234, "radius_m": 32.01, "height_m": 14.63, "roof_type": "unknown", "capacity_kbbl": 296.145, "first_seen": null, "last_seen": null, "notes": "OSM footprint, height model=flat" }, "geometry": { "type": "Polygon", "coordinates": [ [ [ -96.7371772, 35.9442687 ], [ -96.7370406, 35.9442881 ], [ -96.7369236, 35.9443483 ], [ -96.7368439, 35.9444403 ], [ -96.7368138, 35.9445499 ], [ -96.7368378, 35.9446605 ], [ -96.7369122, 35.9447552 ], [ -96.7370257, 35.9448197 ], [ -96.7371611, 35.9448441 ], [ -96.7372978, 35.9448247 ], [ -96.7374148, 35.9447644 ], [ -96.7374944, 35.9446725 ], [ -96.7375246, 35.9445629 ], [ -96.7375006, 35.9444523 ], [ -96.7374262, 35.9443575 ], [ -96.7373126, 35.9442931 ], [ -96.7371772, 35.9442687 ] ] ] } },
{ "type": "Feature", "properties": { "tank_id": "osm_way_460925322", "centroid_lon": -96.760818225349567, "centroid_lat": 35.950191183314487, "radius_m": 32.85, "height_m": 14.63, "roof_type": "unknown", "capacity_kbbl": 311.881, "first_seen": null, "last_seen": null, "notes": "OSM footprint, height model=flat" }, "geometry": { "type": "Polygon", "coordinates": [ [ [ -96.7608129, 35.9498959 ], [ -96.7606737, 35.94992 ], [ -96.7605565, 35.9499854 ], [ -96.7604792, 35.9500822 ], [ -96.7604534, 35.9501955 ], [ -96.7604833, 35.9503082 ], [ -96.7605641, 35.9504031 ], [ -96.7606836, 35.9504657 ], [ -96.7608236, 35.9504865 ], [ -96.7609628, 35.9504623 ], [ -96.76108, 35.9503969 ], [ -96.7611573, 35.9503002 ], [ -96.761183, 35.9501868 ], [ -96.7611532, 35.9500742 ], [ -96.7610724, 35.9499793 ], [ -96.7609529, 35.9499167 ], [ -96.7608129, 35.9498959 ] ] ] } },
{ "type": "Feature", "properties": { "tank_id": "osm_way_460925323", "centroid_lon": -96.738239382527539, "centroid_lat": 35.939197033609048, "radius_m": 30.61, "height_m": 14.63, "roof_type": "unknown", "capacity_kbbl": 270.916, "first_seen": null, "last_seen": null, "notes": "OSM footprint, height model=flat" }, "geometry": { "type": "Polygon", "coordinates": [ [ [ -96.7382608, 35.9389223 ], [ -96.7381294, 35.9389366 ], [ -96.7380146, 35.9389905 ], [ -96.7379341, 35.9390759 ], [ -96.7379001, 35.9391797 ], [ -96.7379177, 35.9392861 ], [ -96.7379843, 35.939379 ], [ -96.7380897, 35.9394442 ], [ -96.7382179, 35.9394717 ], [ -96.7383494, 35.9394575 ], [ -96.7384641, 35.9394036 ], [ -96.7385446, 35.9393182 ], [ -96.7385787, 35.9392144 ], [ -96.7385611, 35.939108 ], [ -96.7384945, 35.9390151 ], [ -96.738389, 35.9389499 ], [ -96.7382608, 35.9389223 ] ] ] } },
{ "type": "Feature", "properties": { "tank_id": "osm_way_460925324", "centroid_lon": -96.757089950360225, "centroid_lat": 36.021222277672102, "radius_m": 31.01, "height_m": 14.63, "roof_type": "unknown", "capacity_kbbl": 278.072, "first_seen": null, "last_seen": null, "notes": "OSM footprint, height model=flat" }, "geometry": { "type": "Polygon", "coordinates": [ [ [ -96.7572026, 36.0209587 ], [ -96.7570693, 36.0209439 ], [ -96.7569392, 36.0209715 ], [ -96.756832, 36.0210372 ], [ -96.7567641, 36.0211312 ], [ -96.7567458, 36.021239 ], [ -96.7567798, 36.0213442 ], [ -96.7568612, 36.0214309 ], [ -96.7569773, 36.0214858 ], [ -96.7571106, 36.0215007 ], [ -96.7572407, 36.0214731 ], [ -96.7573479, 36.0214073 ], [ -96.7574158, 36.0213134 ], [ -96.7574341, 36.0212056 ], [ -96.7574, 36.0211003 ], [ -96.7573187, 36.0210136 ], [ -96.7572026, 36.0209587 ] ] ] } },
{ "type": "Feature", "properties": { "tank_id": "osm_way_460925325", "centroid_lon": -96.755266042702658, "centroid_lat": 35.952842305591624, "radius_m": 18.38, "height_m": 14.63, "roof_type": "unknown", "capacity_kbbl": 97.636, "first_seen": null, "last_seen": null, "notes": "OSM footprint, height model=flat" }, "geometry": { "type": "Polygon", "coordinates": [ [ [ -96.7552768, 35.9526773 ], [ -96.755198, 35.9526865 ], [ -96.7551295, 35.9527195 ], [ -96.7550818, 35.9527711 ], [ -96.7550622, 35.9528336 ], [ -96.7550736, 35.9528974 ], [ -96.7551143, 35.9529529 ], [ -96.7551781, 35.9529914 ], [ -96.7552553, 35.9530073 ], [ -96.7553341, 35.9529981 ], [ -96.7554026, 35.9529651 ], [ -96.7554503, 35.9529135 ], [ -96.7554699, 35.952851 ], [ -96.7554585, 35.9527872 ], [ -96.7554178, 35.9527318 ], [ -96.755354, 35.9526932 ], [ -96.7552768, 35.9526773 ] ] ] } },
{ "type": "Feature", "properties": { "tank_id": "osm_way_460925326", "centroid_lon": -96.734071218335643, "centroid_lat": 35.941545604062604, "radius_m": 30.61, "height_m": 14.63, "roof_type": "unknown", "capacity_kbbl": 270.895, "first_seen": null, "last_seen": null, "notes": "OSM footprint, height model=flat" }, "geometry": { "type": "Polygon", "coordinates": [ [ [ -96.7340927, 35.9412709 ], [ -96.7339612, 35.9412852 ], [ -96.7338465, 35.9413391 ], [ -96.733766, 35.9414244 ], [ -96.7337319, 35.9415282 ], [ -96.7337495, 35.9416347 ], [ -96.7338161, 35.9417276 ], [ -96.7339216, 35.9417927 ], [ -96.7340498, 35.9418203 ], [ -96.7341812, 35.941806 ], [ -96.734296, 35.9417521 ], [ -96.7343765, 35.9416668 ], [ -96.7344105, 35.941563 ], [ -96.7343929, 35.9414565 ], [ -96.7343263, 35.9413636 ], [ -96.7342209, 35.9412985 ], [ -96.7340927, 35.9412709 ] ] ] } },
{ "type": "Feature", "properties": { "tank_id": "osm_way_460925327", "centroid_lon": -96.748737562761107, "centroid_lat": 36.011025583761686, "radius_m": 31.02, "height_m": 14.63, "roof_type": "unknown", "capacity_kbbl": 278.142, "first_seen": null, "last_seen": null, "notes": "OSM footprint, height model=flat" }, "geometry": { "type": "Polygon", "coordinates": [ [ [ -96.7487469, 36.0107468 ], [ -96.7486143, 36.0107651 ], [ -96.7485005, 36.0108231 ], [ -96.7484227, 36.0109119 ], [ -96.7483929, 36.011018 ], [ -96.7484155, 36.0111253 ], [ -96.7484872, 36.0112173 ], [ -96.748597, 36.0112802 ], [ -96.7487282, 36.0113044 ], [ -96.7488608, 36.0112861 ], [ -96.7489746, 36.0112281 ], [ -96.7490524, 36.0111393 ], [ -96.7490822, 36.0110332 ], [ -96.7490596, 36.0109259 ], [ -96.7489879, 36.0108338 ], [ -96.7488781, 36.0107709 ], [ -96.7487469, 36.0107468 ] ] ] } },
{ "type": "Feature", "properties": { "tank_id": "osm_way_460925328", "centroid_lon": -96.758876296951499, "centroid_lat": 35.942982068722216, "radius_m": 22.58, "height_m": 14.63, "roof_type": "unknown", "capacity_kbbl": 147.409, "first_seen": null, "last_seen": null, "notes": "OSM footprint, height model=flat" }, "geometry": { "type": "Polygon", "coordinates": [ [ [ -96.758875, 35.942779 ], [ -96.7587791, 35.9427949 ], [ -96.758698, 35.9428393 ], [ -96.7586441, 35.9429054 ], [ -96.7586255, 35.9429831 ], [ -96.7586451, 35.9430608 ], [ -96.7586999, 35.9431264 ], [ -96.7587816, 35.9431701 ], [ -96.7588776, 35.9431851 ], [ -96.7589735, 35.9431692 ], [ -96.7590546, 35.9431249 ], [ -96.7591085, 35.9430587 ], [ -96.7591271, 35.942981 ], [ -96.7591075, 35.9429034 ], [ -96.7590527, 35.9428377 ], [ -96.758971, 35.9427941 ], [ -96.758875, 35.942779 ] ] ] } },
{ "type": "Feature", "properties": { "tank_id": "osm_way_460925329", "centroid_lon": -96.736318914663713, "centroid_lat": 35.946536752916437, "radius_m": 32.01, "height_m": 14.63, "roof_type": "unknown", "capacity_kbbl": 296.171, "first_seen": null, "last_seen": null, "notes": "OSM footprint, height model=flat" }, "geometry": { "type": "Polygon", "coordinates": [ [ [ -96.736327, 35.946249 ], [ -96.7361904, 35.9462684 ], [ -96.7360733, 35.9463287 ], [ -96.7359937, 35.9464206 ], [ -96.7359635, 35.9465302 ], [ -96.7359875, 35.9466408 ], [ -96.7360619, 35.9467356 ], [ -96.7361755, 35.9468001 ], [ -96.7363109, 35.9468245 ], [ -96.7364475, 35.9468051 ], [ -96.7365645, 35.9467448 ], [ -96.7366442, 35.9466529 ], [ -96.7366743, 35.9465433 ], [ -96.7366503, 35.9464327 ], [ -96.7365759, 35.9463379 ], [ -96.7364624, 35.9462734 ], [ -96.736327, 35.946249 ] ] ] } },
{ "type": "Feature", "properties": { "tank_id": "osm_way_460925330", "centroid_lon": -96.754321918543511, "centroid_lat": 36.019159160738432, "radius_m": 18.35, "height_m": 14.63, "roof_type": "unknown", "capacity_kbbl": 97.295, "first_seen": null, "last_seen": null, "notes": "OSM footprint, height model=flat" }, "geometry": { "type": "Polygon", "coordinates": [ [ [ -96.7544158, 36.0190127 ], [ -96.7543394, 36.0189948 ], [ -96.7542603, 36.0190019 ], [ -96.7541906, 36.019033 ], [ -96.7541409, 36.0190832 ], [ -96.7541187, 36.0191451 ], [ -96.7541275, 36.019209 ], [ -96.7541659, 36.0192654 ], [ -96.754228, 36.0193056 ], [ -96.7543045, 36.0193235 ], [ -96.7543835, 36.0193164 ], [ -96.7544532, 36.0192854 ], [ -96.754503, 36.0192351 ], [ -96.7545251, 36.0191733 ], [ -96.7545163, 36.0191093 ], [ -96.7544779, 36.0190529 ], [ -96.7544158, 36.0190127 ] ] ] } },
{ "type": "Feature", "properties": { "tank_id": "osm_way_460925331", "centroid_lon": -96.754953642592255, "centroid_lat": 35.924827226505755, "radius_m": 32.7, "height_m": 14.63, "roof_type": "unknown", "capacity_kbbl": 309.202, "first_seen": null, "last_seen": null, "notes": "OSM footprint, height model=flat" }, "geometry": { "type": "Polygon", "coordinates": [ [ [ -96.7549617, 35.9245329 ], [ -96.754822, 35.9245528 ], [ -96.7547023, 35.9246145 ], [ -96.7546209, 35.9247085 ], [ -96.7545902, 35.9248207 ], [ -96.7546148, 35.9249338 ], [ -96.7546909, 35.9250307 ], [ -96.7548071, 35.9250966 ], [ -96.7549456, 35.9251215 ], [ -96.7550853, 35.9251016 ], [ -96.7551515, 35.9250681 ], [ -96.7552049, 35.9250399 ], [ -96.7552863, 35.9249458 ], [ -96.7553171, 35.9248337 ], [ -96.7552925, 35.9247206 ], [ -96.7552163, 35.9246237 ], [ -96.7551001, 35.9245578 ], [ -96.7549617, 35.9245329 ] ] ] } },
{ "type": "Feature", "properties": { "tank_id": "osm_way_460925333", "centroid_lon": -96.755292854308465, "centroid_lat": 35.955643173996776, "radius_m": 18.38, "height_m": 14.63, "roof_type": "unknown", "capacity_kbbl": 97.631, "first_seen": null, "last_seen": null, "notes": "OSM footprint, height model=flat" }, "geometry": { "type": "Polygon", "coordinates": [ [ [ -96.7553036, 35.9554782 ], [ -96.7552248, 35.9554874 ], [ -96.7551563, 35.9555204 ], [ -96.7551086, 35.955572 ], [ -96.755089, 35.9556345 ], [ -96.7551004, 35.9556983 ], [ -96.7551411, 35.9557537 ], [ -96.7552049, 35.9557923 ], [ -96.7552821, 35.9558082 ], [ -96.755361, 35.9557989 ], [ -96.7554294, 35.955766 ], [ -96.7554771, 35.9557143 ], [ -96.7554967, 35.9556519 ], [ -96.7554853, 35.9555881 ], [ -96.7554446, 35.9555326 ], [ -96.7553808, 35.955494 ], [ -96.7553036, 35.9554782 ] ] ] } },
{ "type": "Feature", "properties": { "tank_id": "osm_way_460925334", "centroid_lon": -96.719720053888494, "centroid_lat": 35.938712717760446, "radius_m": 30.2, "height_m": 14.63, "roof_type": "unknown", "capacity_kbbl": 263.696, "first_seen": null, "last_seen": null, "notes": "OSM footprint, height model=flat" }, "geometry": { "type": "Polygon", "coordinates": [ [ [ -96.7197295, 35.9384413 ], [ -96.7196004, 35.938459 ], [ -96.7194896, 35.9385154 ], [ -96.7194139, 35.9386018 ], [ -96.7193848, 35.9387051 ], [ -96.7194067, 35.9388096 ], [ -96.7194764, 35.9388993 ], [ -96.7195831, 35.9389606 ], [ -96.7197107, 35.9389842 ], [ -96.7198397, 35.9389664 ], [ -96.7199505, 35.9389101 ], [ -96.7200262, 35.9388236 ], [ -96.7200553, 35.9387203 ], [ -96.7200334, 35.9386159 ], [ -96.7199638, 35.9385262 ], [ -96.7198571, 35.9384648 ], [ -96.7197295, 35.9384413 ] ] ] } },
{ "type": "Feature", "properties": { "tank_id": "osm_way_460925335", "centroid_lon": -96.7561377778039, "centroid_lat": 36.02049335546684, "radius_m": 31.01, "height_m": 14.63, "roof_type": "unknown", "capacity_kbbl": 278.076, "first_seen": null, "last_seen": null, "notes": "OSM footprint, height model=flat" }, "geometry": { "type": "Polygon", "coordinates": [ [ [ -96.7562504, 36.0202298 ], [ -96.7561171, 36.020215 ], [ -96.755987, 36.0202426 ], [ -96.7558798, 36.0203083 ], [ -96.7558119, 36.0204022 ], [ -96.7557936, 36.02051 ], [ -96.7558277, 36.0206153 ], [ -96.755909, 36.020702 ], [ -96.7560251, 36.0207569 ], [ -96.7561584, 36.0207717 ], [ -96.7562885, 36.0207442 ], [ -96.7563957, 36.0206784 ], [ -96.7564636, 36.0205845 ], [ -96.756482, 36.0204767 ], [ -96.7564479, 36.0203714 ], [ -96.7563665, 36.0202847 ], [ -96.7562504, 36.0202298 ] ] ] } },
{ "type": "Feature", "properties": { "tank_id": "osm_way_460925336", "centroid_lon": -96.747389737602091, "centroid_lat": 35.937802816474544, "radius_m": 19.45, "height_m": 14.63, "roof_type": "unknown", "capacity_kbbl": 109.35, "first_seen": null, "last_seen": null, "notes": "OSM footprint, height model=flat" }, "geometry": { "type": "Polygon", "coordinates": [ [ [ -96.7473951, 35.937628 ], [ -96.7473121, 35.9376396 ], [ -96.7472409, 35.9376761 ], [ -96.7471923, 35.9377319 ], [ -96.7471738, 35.9377985 ], [ -96.7471882, 35.9378657 ], [ -96.7472333, 35.9379234 ], [ -96.7473022, 35.9379627 ], [ -96.7473844, 35.9379776 ], [ -96.7474674, 35.937966 ], [ -96.7475386, 35.9379295 ], [ -96.7475872, 35.9378737 ], [ -96.7476057, 35.9378072 ], [ -96.7475913, 35.9377399 ], [ -96.7475462, 35.9376823 ], [ -96.7474773, 35.937643 ], [ -96.7473951, 35.937628 ] ] ] } },
{ "type": "Feature", "properties": { "tank_id": "osm_way_460925337", "centroid_lon": -96.757331357292372, "centroid_lat": 35.926752606501573, "radius_m": 29.48, "height_m": 14.63, "roof_type": "unknown", "capacity_kbbl": 251.284, "first_seen": null, "last_seen": null, "notes": "OSM footprint, height model=flat" }, "geometry": { "type": "Polygon", "coordinates": [ [ [ -96.7573407, 35.9264876 ], [ -96.7572148, 35.9265049 ], [ -96.7571066, 35.9265599 ], [ -96.7570326, 35.9266442 ], [ -96.7570041, 35.926745 ], [ -96.7570254, 35.926847 ], [ -96.7570933, 35.9269346 ], [ -96.7571975, 35.9269945 ], [ -96.757322, 35.9270176 ], [ -96.7574479, 35.9270003 ], [ -96.7575561, 35.9269454 ], [ -96.7576301, 35.926861 ], [ -96.7576586, 35.9267602 ], [ -96.7576373, 35.9266582 ], [ -96.7575694, 35.9265706 ], [ -96.7574652, 35.9265107 ], [ -96.7573407, 35.9264876 ] ] ] } },
{ "type": "Feature", "properties": { "tank_id": "osm_way_460925338", "centroid_lon": -96.720483156177821, "centroid_lat": 35.958511252713762, "radius_m": 17.76, "height_m": 14.63, "roof_type": "unknown", "capacity_kbbl": 91.216, "first_seen": null, "last_seen": null, "notes": "OSM footprint, height model=flat" }, "geometry": { "type": "Polygon", "coordinates": [ [ [ -96.7204912, 35.9583517 ], [ -96.7204151, 35.9583613 ], [ -96.7203494, 35.9583938 ], [ -96.7203041, 35.9584442 ], [ -96.720286, 35.9585048 ], [ -96.7202979, 35.9585663 ], [ -96.7203381, 35.9586195 ], [ -96.7204003, 35.9586562 ], [ -96.7204751, 35.9586708 ], [ -96.7205512, 35.9586612 ], [ -96.7206169, 35.9586287 ], [ -96.7206622, 35.9585784 ], [ -96.7206803, 35.9585178 ], [ -96.7206684, 35.9584562 ], [ -96.7206282, 35.958403 ], [ -96.720566, 35.9583663 ], [ -96.7204912, 35.9583517 ] ] ] } },
{ "type": "Feature", "properties": { "tank_id": "osm_way_460925339", "centroid_lon": -96.737187962149221, "centroid_lat": 35.946098112612951, "radius_m": 32.01, "height_m": 14.63, "roof_type": "unknown", "capacity_kbbl": 296.145, "first_seen": null, "last_seen": null, "notes": "OSM footprint, height model=flat" }, "geometry": { "type": "Polygon", "coordinates": [ [ [ -96.737196, 35.9458104 ], [ -96.7370594, 35.9458298 ], [ -96.7369423, 35.9458901 ], [ -96.7368627, 35.945982 ], [ -96.7368326, 35.9460916 ], [ -96.7368565, 35.9462022 ], [ -96.736931, 35.946297 ], [ -96.7370445, 35.9463614 ], [ -96.7371799, 35.9463858 ], [ -96.7373165, 35.9463664 ], [ -96.7374336, 35.9463062 ], [ -96.7375132, 35.9462142 ], [ -96.7375434, 35.9461046 ], [ -96.7375194, 35.945994 ], [ -96.7374449, 35.9458993 ], [ -96.7373314, 35.9458348 ], [ -96.737196, 35.9458104 ] ] ] } },
{ "type": "Feature", "properties": { "tank_id": "osm_way_460925340", "centroid_lon": -96.753876602633284, "centroid_lat": 35.957257396049748, "radius_m": 23.8, "height_m": 14.63, "roof_type": "unknown", "capacity_kbbl": 163.7, "first_seen": null, "last_seen": null, "notes": "OSM footprint, height model=flat" }, "geometry": { "type": "Polygon", "coordinates": [ [ [ -96.7538847, 35.9570435 ], [ -96.7537829, 35.9570573 ], [ -96.7536955, 35.9571016 ], [ -96.7536356, 35.9571695 ], [ -96.7536124, 35.9572509 ], [ -96.7536294, 35.9573332 ], [ -96.7536841, 35.957404 ], [ -96.7537681, 35.9574525 ], [ -96.7538686, 35.9574713 ], [ -96.7539703, 35.9574575 ], [ -96.7540577, 35.9574132 ], [ -96.7541176, 35.9573453 ], [ -96.7541408, 35.9572639 ], [ -96.7541238, 35.9571816 ], [ -96.7540691, 35.9571108 ], [ -96.7539852, 35.9570623 ], [ -96.7538847, 35.9570435 ] ] ] } },
{ "type": "Feature", "properties": { "tank_id": "osm_way_460925341", "centroid_lon": -96.752430932310531, "centroid_lat": 36.001009830212887, "radius_m": 29.22, "height_m": 14.63, "roof_type": "unknown", "capacity_kbbl": 246.781, "first_seen": null, "last_seen": null, "notes": "OSM footprint, height model=flat" }, "geometry": { "type": "Polygon", "coordinates": [ [ [ -96.7524417, 36.0007473 ], [ -96.7523167, 36.0007639 ], [ -96.752209, 36.000818 ], [ -96.7521352, 36.0009013 ], [ -96.7521064, 36.0010012 ], [ -96.752127, 36.0011023 ], [ -96.7521939, 36.0011894 ], [ -96.7522968, 36.0012491 ], [ -96.7524202, 36.0012724 ], [ -96.7525452, 36.0012557 ], [ -96.7526529, 36.0012016 ], [ -96.7527267, 36.0011183 ], [ -96.7527555, 36.0010185 ], [ -96.7527349, 36.0009174 ], [ -96.752668, 36.0008303 ], [ -96.7525651, 36.0007706 ], [ -96.7524417, 36.0007473 ] ] ] } },
{ "type": "Feature", "properties": { "tank_id": "osm_way_460925343", "centroid_lon": -96.745439770664021, "centroid_lat": 35.935420448706957, "radius_m": 23.22, "height_m": 14.63, "roof_type": "unknown", "capacity_kbbl": 155.919, "first_seen": null, "last_seen": null, "notes": "OSM footprint, height model=flat" }, "geometry": { "type": "Polygon", "coordinates": [ [ [ -96.7454545, 35.935212 ], [ -96.7453549, 35.9352233 ], [ -96.7452681, 35.9352646 ], [ -96.7452075, 35.9353296 ], [ -96.7451823, 35.9354085 ], [ -96.7451962, 35.9354892 ], [ -96.7452473, 35.9355594 ], [ -96.7453276, 35.9356085 ], [ -96.745425, 35.9356289 ], [ -96.7455247, 35.9356176 ], [ -96.7456114, 35.9355763 ], [ -96.745672, 35.9355113 ], [ -96.7456973, 35.9354324 ], [ -96.7456833, 35.9353517 ], [ -96.7456323, 35.9352815 ], [ -96.7455519, 35.9352324 ], [ -96.7454545, 35.935212 ] ] ] } },
{ "type": "Feature", "properties": { "tank_id": "osm_way_460925344", "centroid_lon": -96.742097755457692, "centroid_lat": 35.941748614765224, "radius_m": 17.4, "height_m": 14.63, "roof_type": "unknown", "capacity_kbbl": 87.474, "first_seen": null, "last_seen": null, "notes": "OSM footprint, height model=flat" }, "geometry": { "type": "Polygon", "coordinates": [ [ [ -96.7421031, 35.9415923 ], [ -96.7420288, 35.9416025 ], [ -96.741965, 35.941635 ], [ -96.7419214, 35.9416848 ], [ -96.7419046, 35.9417443 ], [ -96.7419173, 35.9418044 ], [ -96.7419574, 35.9418561 ], [ -96.7420189, 35.9418914 ], [ -96.7420924, 35.941905 ], [ -96.7421667, 35.9418947 ], [ -96.7422305, 35.9418622 ], [ -96.7422741, 35.9418125 ], [ -96.7422909, 35.941753 ], [ -96.7422782, 35.9416928 ], [ -96.7422381, 35.9416411 ], [ -96.7421766, 35.9416058 ], [ -96.7421031, 35.9415923 ] ] ] } },
{ "type": "Feature", "properties": { "tank_id": "osm_way_460925345", "centroid_lon": -96.764106606807374, "centroid_lat": 35.94792862239175, "radius_m": 34.82, "height_m": 14.63, "roof_type": "unknown", "capacity_kbbl": 350.4, "first_seen": null, "last_seen": null, "notes": "OSM footprint, height model=flat" }, "geometry": { "type": "Polygon", "coordinates": [ [ [ -96.7641254, 35.9476159 ], [ -96.7639761, 35.9476339 ], [ -96.7638468, 35.9476968 ], [ -96.763757, 35.9477949 ], [ -96.7637204, 35.9479134 ], [ -96.7637426, 35.9480342 ], [ -96.7638202, 35.948139 ], [ -96.7639415, 35.9482117 ], [ -96.7640878, 35.9482413 ], [ -96.7642371, 35.9482233 ], [ -96.7643664, 35.9481605 ], [ -96.7644563, 35.9480623 ], [ -96.7644928, 35.9479438 ], [ -96.7644706, 35.947823 ], [ -96.764393, 35.9477183 ], [ -96.7642718, 35.9476456 ], [ -96.7641254, 35.9476159 ] ] ] } },
{ "type": "Feature", "properties": { "tank_id": "osm_way_460925346", "centroid_lon": -96.748014691048382, "centroid_lat": 35.941496713951132, "radius_m": 22.22, "height_m": 14.63, "roof_type": "unknown", "capacity_kbbl": 142.74, "first_seen": null, "last_seen": null, "notes": "OSM footprint, height model=flat" }, "geometry": { "type": "Polygon", "coordinates": [ [ [ -96.7480187, 35.9412969 ], [ -96.747924, 35.9413109 ], [ -96.7478431, 35.9413531 ], [ -96.7477883, 35.9414173 ], [ -96.7477679, 35.9414935 ], [ -96.7477852, 35.9415702 ], [ -96.7478374, 35.9416357 ], [ -96.7479165, 35.94168 ], [ -96.7480107, 35.9416965 ], [ -96.7481054, 35.9416825 ], [ -96.7481863, 35.9416403 ], [ -96.7482411, 35.9415762 ], [ -96.7482615, 35.9415 ], [ -96.7482442, 35.9414233 ], [ -96.748192, 35.9413578 ], [ -96.7481128, 35.9413134 ], [ -96.7480187, 35.9412969 ] ] ] } },
{ "type": "Feature", "properties": { "tank_id": "osm_way_460925347", "centroid_lon": -96.721953000329975, "centroid_lat": 35.959214699575135, "radius_m": 17.76, "height_m": 14.63, "roof_type": "unknown", "capacity_kbbl": 91.192, "first_seen": null, "last_seen": null, "notes": "OSM footprint, height model=flat" }, "geometry": { "type": "Polygon", "coordinates": [ [ [ -96.7219611, 35.9590551 ], [ -96.721885, 35.9590648 ], [ -96.7218193, 35.9590973 ], [ -96.7217739, 35.9591476 ], [ -96.7217559, 35.9592082 ], [ -96.7217678, 35.9592697 ], [ -96.7218079, 35.9593229 ], [ -96.7218701, 35.9593596 ], [ -96.721945, 35.9593743 ], [ -96.722021, 35.9593646 ], [ -96.7220867, 35.9593321 ], [ -96.7221321, 35.9592818 ], [ -96.7221501, 35.9592212 ], [ -96.7221382, 35.9591597 ], [ -96.7220981, 35.9591065 ], [ -96.7220359, 35.9590698 ], [ -96.7219611, 35.9590551 ] ] ] } },
{ "type": "Feature", "properties": { "tank_id": "osm_way_460925348", "centroid_lon": -96.738073089395982, "centroid_lat": 35.947344509066689, "radius_m": 32.01, "height_m": 14.63, "roof_type": "unknown", "capacity_kbbl": 296.13, "first_seen": null, "last_seen": null, "notes": "OSM footprint, height model=flat" }, "geometry": { "type": "Polygon", "coordinates": [ [ [ -96.7380811, 35.9470568 ], [ -96.7379445, 35.9470762 ], [ -96.7378275, 35.9471365 ], [ -96.7377478, 35.9472284 ], [ -96.7377177, 35.947338 ], [ -96.7377417, 35.9474486 ], [ -96.7378161, 35.9475434 ], [ -96.7379297, 35.9476078 ], [ -96.738065, 35.9476322 ], [ -96.7382017, 35.9476128 ], [ -96.7383187, 35.9475526 ], [ -96.7383983, 35.9474606 ], [ -96.7384285, 35.947351 ], [ -96.7384045, 35.9472404 ], [ -96.7383301, 35.9471457 ], [ -96.7382165, 35.9470812 ], [ -96.7380811, 35.9470568 ] ] ] } },
{ "type": "Feature", "properties": { "tank_id": "osm_way_460925349", "centroid_lon": -96.735801270685513, "centroid_lat": 35.941585774184674, "radius_m": 30.61, "height_m": 14.63, "roof_type": "unknown", "capacity_kbbl": 270.896, "first_seen": null, "last_seen": null, "notes": "OSM footprint, height model=flat" }, "geometry": { "type": "Polygon", "coordinates": [ [ [ -96.7358227, 35.9413111 ], [ -96.7356912, 35.9413253 ], [ -96.7355765, 35.9413793 ], [ -96.735496, 35.9414646 ], [ -96.735462, 35.9415684 ], [ -96.7354796, 35.9416749 ], [ -96.7355462, 35.9417677 ], [ -96.7356516, 35.9418329 ], [ -96.7357798, 35.9418605 ], [ -96.7359113, 35.9418462 ], [ -96.736026, 35.9417923 ], [ -96.7361065, 35.941707 ], [ -96.7361406, 35.9416032 ], [ -96.7361229, 35.9414967 ], [ -96.7360563, 35.9414038 ], [ -96.7359509, 35.9413386 ], [ -96.7358227, 35.9413111 ] ] ] } },
{ "type": "Feature", "properties": { "tank_id": "osm_way_460925350", "centroid_lon": -96.737651982917214, "centroid_lat": 35.938519462419151, "radius_m": 30.61, "height_m": 14.63, "roof_type": "unknown", "capacity_kbbl": 270.929, "first_seen": null, "last_seen": null, "notes": "OSM footprint, height model=flat" }, "geometry": { "type": "Polygon", "coordinates": [ [ [ -96.7376734, 35.9382448 ], [ -96.737542, 35.938259 ], [ -96.7374272, 35.9383129 ], [ -96.7373467, 35.9383983 ], [ -96.7373127, 35.9385021 ], [ -96.7373303, 35.9386086 ], [ -96.7373969, 35.9387014 ], [ -96.7375023, 35.9387666 ], [ -96.7376305, 35.9387942 ], [ -96.737762, 35.9387799 ], [ -96.7378767, 35.938726 ], [ -96.7379572, 35.9386407 ], [ -96.7379913, 35.9385369 ], [ -96.7379737, 35.9384304 ], [ -96.7379071, 35.9383375 ], [ -96.7378016, 35.9382723 ], [ -96.7376734, 35.9382448 ] ] ] } },
{ "type": "Feature", "properties": { "tank_id": "osm_way_460925351", "centroid_lon": -96.750649955269665, "centroid_lat": 36.006082960891916, "radius_m": 31.02, "height_m": 14.63, "roof_type": "unknown", "capacity_kbbl": 278.181, "first_seen": null, "last_seen": null, "notes": "OSM footprint, height model=flat" }, "geometry": { "type": "Polygon", "coordinates": [ [ [ -96.7506593, 36.0058041 ], [ -96.7505267, 36.0058225 ], [ -96.7504129, 36.0058804 ], [ -96.7503351, 36.0059692 ], [ -96.7503053, 36.0060754 ], [ -96.7503279, 36.0061826 ], [ -96.7503996, 36.0062747 ], [ -96.7505094, 36.0063376 ], [ -96.7506406, 36.0063618 ], [ -96.7507732, 36.0063435 ], [ -96.750887, 36.0062855 ], [ -96.7509648, 36.0061967 ], [ -96.7509946, 36.0060906 ], [ -96.750972, 36.0059833 ], [ -96.7509003, 36.0058912 ], [ -96.7507905, 36.0058283 ], [ -96.7506593, 36.0058041 ] ] ] } },
{ "type": "Feature", "properties": { "tank_id": "osm_way_460925352", "centroid_lon": -96.757095295789483, "centroid_lat": 36.019807812022727, "radius_m": 31.02, "height_m": 14.63, "roof_type": "unknown", "capacity_kbbl": 278.127, "first_seen": null, "last_seen": null, "notes": "OSM footprint, height model=flat" }, "geometry": { "type": "Polygon", "coordinates": [ [ [ -96.757208, 36.0195442 ], [ -96.7570747, 36.0195294 ], [ -96.7569445, 36.019557 ], [ -96.7568373, 36.0196228 ], [ -96.7567694, 36.0197167 ], [ -96.7567511, 36.0198245 ], [ -96.7567852, 36.0199298 ], [ -96.7568665, 36.0200165 ], [ -96.7569827, 36.0200714 ], [ -96.7571159, 36.0200862 ], [ -96.7572461, 36.0200586 ], [ -96.7573533, 36.0199929 ], [ -96.7574212, 36.0198989 ], [ -96.7574395, 36.0197911 ], [ -96.7574054, 36.0196859 ], [ -96.7573241, 36.0195992 ], [ -96.757208, 36.0195442 ] ] ] } },
{ "type": "Feature", "properties": { "tank_id": "osm_way_460925353", "centroid_lon": -96.746772829378799, "centroid_lat": 35.937312015230496, "radius_m": 19.45, "height_m": 14.63, "roof_type": "unknown", "capacity_kbbl": 109.358, "first_seen": null, "last_seen": null, "notes": "OSM footprint, height model=flat" }, "geometry": { "type": "Polygon", "coordinates": [ [ [ -96.7467782, 35.9371372 ], [ -96.7466952, 35.9371488 ], [ -96.7466239, 35.9371853 ], [ -96.7465754, 35.9372411 ], [ -96.7465569, 35.9373077 ], [ -96.7465713, 35.9373749 ], [ -96.7466164, 35.9374326 ], [ -96.7466852, 35.9374719 ], [ -96.7467675, 35.9374868 ], [ -96.7468505, 35.9374752 ], [ -96.7469217, 35.9374387 ], [ -96.7469703, 35.9373829 ], [ -96.7469888, 35.9373164 ], [ -96.7469744, 35.9372491 ], [ -96.7469293, 35.9371915 ], [ -96.7468604, 35.9371522 ], [ -96.7467782, 35.9371372 ] ] ] } },
{ "type": "Feature", "properties": { "tank_id": "osm_way_460925354", "centroid_lon": -96.746099597792778, "centroid_lat": 35.941501053453976, "radius_m": 22.22, "height_m": 14.63, "roof_type": "unknown", "capacity_kbbl": 142.742, "first_seen": null, "last_seen": null, "notes": "OSM footprint, height model=flat" }, "geometry": { "type": "Polygon", "coordinates": [ [ [ -96.7461036, 35.9413013 ], [ -96.7460089, 35.9413152 ], [ -96.745928, 35.9413575 ], [ -96.7458732, 35.9414216 ], [ -96.7458528, 35.9414978 ], [ -96.7458701, 35.9415745 ], [ -96.7459223, 35.94164 ], [ -96.7460014, 35.9416844 ], [ -96.7460956, 35.9417008 ], [ -96.7461903, 35.9416869 ], [ -96.7462712, 35.9416446 ], [ -96.746326, 35.9415805 ], [ -96.7463464, 35.9415043 ], [ -96.7463291, 35.9414276 ], [ -96.7462769, 35.9413621 ], [ -96.7461977, 35.9413177 ], [ -96.7461036, 35.9413013 ] ] ] } },
{ "type": "Feature", "properties": { "tank_id": "osm_way_460925355", "centroid_lon": -96.76503195679642, "centroid_lat": 35.94383328259395, "radius_m": 34.82, "height_m": 14.63, "roof_type": "unknown", "capacity_kbbl": 350.456, "first_seen": null, "last_seen": null, "notes": "OSM footprint, height model=flat" }, "geometry": { "type": "Polygon", "coordinates": [ [ [ -96.7650507, 35.9435206 ], [ -96.7649015, 35.9435386 ], [ -96.7647721, 35.9436014 ], [ -96.7646823, 35.9436996 ], [ -96.7646457, 35.9438181 ], [ -96.7646679, 35.9439389 ], [ -96.7647456, 35.9440436 ], [ -96.7648668, 35.9441164 ], [ -96.7650132, 35.944146 ], [ -96.7651624, 35.944128 ], [ -96.7652918, 35.9440651 ], [ -96.7653816, 35.943967 ], [ -96.7654182, 35.9438485 ], [ -96.765396, 35.9437277 ], [ -96.7653184, 35.9436229 ], [ -96.7651971, 35.9435502 ], [ -96.7650507, 35.9435206 ] ] ] } },
{ "type": "Feature", "properties": { "tank_id": "osm_way_460925356", "centroid_lon": -96.73805699964899, "centroid_lat": 35.945694237612322, "radius_m": 32.01, "height_m": 14.63, "roof_type": "unknown", "capacity_kbbl": 296.176, "first_seen": null, "last_seen": null, "notes": "OSM footprint, height model=flat" }, "geometry": { "type": "Polygon", "coordinates": [ [ [ -96.738065, 35.9454065 ], [ -96.7379284, 35.9454259 ], [ -96.7378114, 35.9454862 ], [ -96.7377317, 35.9455781 ], [ -96.7377016, 35.9456877 ], [ -96.7377256, 35.9457983 ], [ -96.7378, 35.9458931 ], [ -96.7379136, 35.9459576 ], [ -96.7380489, 35.945982 ], [ -96.7381856, 35.9459625 ], [ -96.7383026, 35.9459023 ], [ -96.7383823, 35.9458104 ], [ -96.7384124, 35.9457008 ], [ -96.7383884, 35.9455901 ], [ -96.738314, 35.9454954 ], [ -96.7382004, 35.9454309 ], [ -96.738065, 35.9454065 ] ] ] } },
{ "type": "Feature", "properties": { "tank_id": "osm_way_460925358", "centroid_lon": -96.757773899970047, "centroid_lat": 35.943093899883912, "radius_m": 33.69, "height_m": 14.63, "roof_type": "unknown", "capacity_kbbl": 328.143, "first_seen": null, "last_seen": null, "notes": "OSM footprint, height model=flat" }, "geometry": { "type": "Polygon", "coordinates": [ [ [ -96.7577739, 35.942791 ], [ -96.7576307, 35.942814 ], [ -96.7575093, 35.9428797 ], [ -96.7574282, 35.942978 ], [ -96.7573997, 35.9430939 ], [ -96.7574282, 35.9432098 ], [ -96.7575093, 35.9433081 ], [ -96.7576307, 35.9433738 ], [ -96.7577739, 35.9433968 ], [ -96.7579171, 35.9433738 ], [ -96.7580385, 35.9433081 ], [ -96.7581196, 35.9432098 ], [ -96.7581481, 35.9430939 ], [ -96.7581196, 35.942978 ], [ -96.7580385, 35.9428797 ], [ -96.7579171, 35.942814 ], [ -96.7577739, 35.942791 ] ] ] } },
{ "type": "Feature", "properties": { "tank_id": "osm_way_460925359", "centroid_lon": -96.746837210279821, "centroid_lat": 35.93541395316138, "radius_m": 23.22, "height_m": 14.63, "roof_type": "unknown", "capacity_kbbl": 155.91, "first_seen": null, "last_seen": null, "notes": "OSM footprint, height model=flat" }, "geometry": { "type": "Polygon", "coordinates": [ [ [ -96.746852, 35.9352055 ], [ -96.7467523, 35.9352168 ], [ -96.7466656, 35.9352581 ], [ -96.746605, 35.9353231 ], [ -96.7465797, 35.935402 ], [ -96.7465937, 35.9354827 ], [ -96.7466447, 35.9355529 ], [ -96.746725, 35.935602 ], [ -96.7468225, 35.9356224 ], [ -96.7469221, 35.9356111 ], [ -96.7470088, 35.9355698 ], [ -96.7470695, 35.9355048 ], [ -96.7470947, 35.9354259 ], [ -96.7470807, 35.9353452 ], [ -96.7470297, 35.935275 ], [ -96.7469494, 35.9352259 ], [ -96.746852, 35.9352055 ] ] ] } },
{ "type": "Feature", "properties": { "tank_id": "osm_way_460925360", "centroid_lon": -96.744505042396398, "centroid_lat": 35.947548621684774, "radius_m": 33.09, "height_m": 14.63, "roof_type": "unknown", "capacity_kbbl": 316.445, "first_seen": null, "last_seen": null, "notes": "OSM footprint, height model=flat" }, "geometry": { "type": "Polygon", "coordinates": [ [ [ -96.7445077, 35.9472511 ], [ -96.7443669, 35.947273 ], [ -96.7442471, 35.9473367 ], [ -96.7441666, 35.9474328 ], [ -96.7441376, 35.9475465 ], [ -96.7441645, 35.9476605 ], [ -96.7442433, 35.9477574 ], [ -96.7443619, 35.9478226 ], [ -96.7445023, 35.9478461 ], [ -96.7446432, 35.9478243 ], [ -96.744763, 35.9477605 ], [ -96.7448435, 35.9476645 ], [ -96.7448725, 35.9475508 ], [ -96.7448455, 35.9474368 ], [ -96.7447668, 35.9473398 ], [ -96.7446481, 35.9472746 ], [ -96.7445077, 35.9472511 ] ] ] } },
{ "type": "Feature", "properties": { "tank_id": "osm_way_460925361", "centroid_lon": -96.750353592801574, "centroid_lat": 35.936432480324825, "radius_m": 28.15, "height_m": 14.63, "roof_type": "unknown", "capacity_kbbl": 229.096, "first_seen": null, "last_seen": null, "notes": "OSM footprint, height model=flat" }, "geometry": { "type": "Polygon", "coordinates": [ [ [ -96.750363, 35.9361795 ], [ -96.7502427, 35.9361958 ], [ -96.7501393, 35.9362482 ], [ -96.7500685, 35.9363286 ], [ -96.7500411, 35.9364249 ], [ -96.7500613, 35.9365223 ], [ -96.750126, 35.936606 ], [ -96.7502253, 35.9366633 ], [ -96.7503442, 35.9366855 ], [ -96.7504645, 35.9366691 ], [ -96.7505679, 35.9366168 ], [ -96.7506387, 35.9365363 ], [ -96.7506661, 35.9364401 ], [ -96.7506459, 35.9363427 ], [ -96.7505812, 35.936259 ], [ -96.7504818, 35.9362016 ], [ -96.750363, 35.9361795 ] ] ] } },
{ "type": "Feature", "properties": { "tank_id": "osm_way_460925362", "centroid_lon": -96.766595705626045, "centroid_lat": 35.947620277360521, "radius_m": 34.82, "height_m": 14.63, "roof_type": "unknown", "capacity_kbbl": 350.416, "first_seen": null, "last_seen": null, "notes": "OSM footprint, height model=flat" }, "geometry": { "type": "Polygon", "coordinates": [ [ [ -96.7666145, 35.9473076 ], [ -96.7664652, 35.9473256 ], [ -96.7663359, 35.9473884 ], [ -96.766246, 35.9474866 ], [ -96.7662095, 35.9476051 ], [ -96.7662317, 35.9477259 ], [ -96.7663093, 35.9478306 ], [ -96.7664305, 35.9479033 ], [ -96.7665769, 35.947933 ], [ -96.7667262, 35.947915 ], [ -96.7668555, 35.9478521 ], [ -96.7669454, 35.947754 ], [ -96.7669819, 35.9476355 ], [ -96.7669597, 35.9475147 ], [ -96.7668821, 35.9474099 ], [ -96.7667609, 35.9473372 ], [ -96.7666145, 35.9473076 ] ] ] } },
{ "type": "Feature", "properties": { "tank_id": "osm_way_460925363", "centroid_lon": -96.74001902701815, "centroid_lat": 35.93782235482648, "radius_m": 31.42, "height_m": 14.63, "roof_type": "unknown", "capacity_kbbl": 285.351, "first_seen": null, "last_seen": null, "notes": "OSM footprint, height model=flat" }, "geometry": { "type": "Polygon", "coordinates": [ [ [ -96.7400311, 35.93754 ], [ -96.7398967, 35.9375578 ], [ -96.739781, 35.9376158 ], [ -96.7397015, 35.9377053 ], [ -96.7396703, 35.9378126 ], [ -96.7396923, 35.9379214 ], [ -96.7397639, 35.9380151 ], [ -96.7398744, 35.9380794 ], [ -96.740007, 35.9381047 ], [ -96.7401413, 35.9380869 ], [ -96.7402571, 35.9380289 ], [ -96.7403366, 35.9379394 ], [ -96.7403677, 35.9378321 ], [ -96.7403458, 35.9377233 ], [ -96.7402741, 35.9376296 ], [ -96.7401636, 35.9375653 ], [ -96.7400311, 35.93754 ] ] ] } },
{ "type": "Feature", "properties": { "tank_id": "osm_way_460925364", "centroid_lon": -96.746678937602098, "centroid_lat": 35.936827716474539, "radius_m": 19.45, "height_m": 14.63, "roof_type": "unknown", "capacity_kbbl": 109.351, "first_seen": null, "last_seen": null, "notes": "OSM footprint, height model=flat" }, "geometry": { "type": "Polygon", "coordinates": [ [ [ -96.7466843, 35.9366529 ], [ -96.7466013, 35.9366645 ], [ -96.7465301, 35.936701 ], [ -96.7464815, 35.9367568 ], [ -96.746463, 35.9368234 ], [ -96.7464774, 35.9368906 ], [ -96.7465225, 35.9369483 ], [ -96.7465914, 35.9369876 ], [ -96.7466736, 35.9370025 ], [ -96.7467566, 35.9369909 ], [ -96.7468278, 35.9369544 ], [ -96.7468764, 35.9368986 ], [ -96.7468949, 35.9368321 ], [ -96.7468805, 35.9367648 ], [ -96.7468354, 35.9367072 ], [ -96.7467665, 35.9366679 ], [ -96.7466843, 35.9366529 ] ] ] } },
{ "type": "Feature", "properties": { "tank_id": "osm_way_460925365", "centroid_lon": -96.723412121972402, "centroid_lat": 35.958650218517867, "radius_m": 17.76, "height_m": 14.63, "roof_type": "unknown", "capacity_kbbl": 91.204, "first_seen": null, "last_seen": null, "notes": "OSM footprint, height model=flat" }, "geometry": { "type": "Polygon", "coordinates": [ [ [ -96.7234202, 35.9584906 ], [ -96.7233441, 35.9585003 ], [ -96.7232784, 35.9585328 ], [ -96.7232331, 35.9585831 ], [ -96.723215, 35.9586437 ], [ -96.7232269, 35.9587053 ], [ -96.723267, 35.9587584 ], [ -96.7233293, 35.9587952 ], [ -96.7234041, 35.9588098 ], [ -96.7234801, 35.9588001 ], [ -96.7235458, 35.9587677 ], [ -96.7235912, 35.9587173 ], [ -96.7236093, 35.9586567 ], [ -96.7235973, 35.9585952 ], [ -96.7235572, 35.958542 ], [ -96.723495, 35.9585053 ], [ -96.7234202, 35.9584906 ] ] ] } },
{ "type": "Feature", "properties": { "tank_id": "osm_way_460925366", "centroid_lon": -96.736324289395967, "centroid_lat": 35.948187009066686, "radius_m": 32.01, "height_m": 14.63, "roof_type": "unknown", "capacity_kbbl": 296.128, "first_seen": null, "last_seen": null, "notes": "OSM footprint, height model=flat" }, "geometry": { "type": "Polygon", "coordinates": [ [ [ -96.7363323, 35.9478993 ], [ -96.7361957, 35.9479187 ], [ -96.7360787, 35.947979 ], [ -96.735999, 35.9480709 ], [ -96.7359689, 35.9481805 ], [ -96.7359929, 35.9482911 ], [ -96.7360673, 35.9483859 ], [ -96.7361809, 35.9484503 ], [ -96.7363162, 35.9484747 ], [ -96.7364529, 35.9484553 ], [ -96.7365699, 35.9483951 ], [ -96.7366495, 35.9483031 ], [ -96.7366797, 35.9481935 ], [ -96.7366557, 35.9480829 ], [ -96.7365813, 35.9479882 ], [ -96.7364677, 35.9479237 ], [ -96.7363323, 35.9478993 ] ] ] } },
{ "type": "Feature", "properties": { "tank_id": "osm_way_460925367", "centroid_lon": -96.735747605475041, "centroid_lat": 35.940606404666653, "radius_m": 30.61, "height_m": 14.63, "roof_type": "unknown", "capacity_kbbl": 270.912, "first_seen": null, "last_seen": null, "notes": "OSM footprint, height model=flat" }, "geometry": { "type": "Polygon", "coordinates": [ [ [ -96.7357691, 35.9403317 ], [ -96.7356376, 35.940346 ], [ -96.7355229, 35.9403999 ], [ -96.7354423, 35.9404852 ], [ -96.7354083, 35.940589 ], [ -96.7354259, 35.9406955 ], [ -96.7354925, 35.9407884 ], [ -96.7355979, 35.9408535 ], [ -96.7357261, 35.9408811 ], [ -96.7358576, 35.9408668 ], [ -96.7359724, 35.9408129 ], [ -96.7360529, 35.9407276 ], [ -96.7360869, 35.9406238 ], [ -96.7360693, 35.9405173 ], [ -96.7360027, 35.9404244 ], [ -96.7358973, 35.9403593 ], [ -96.7357691, 35.9403317 ] ] ] } },
{ "type": "Feature", "properties": { "tank_id": "osm_way_460925369", "centroid_lon": -96.750647261803536, "centroid_lat": 36.005371285686003, "radius_m": 31.02, "height_m": 14.63, "roof_type": "unknown", "capacity_kbbl": 278.197, "first_seen": null, "last_seen": null, "notes": "OSM footprint, height model=flat" }, "geometry": { "type": "Polygon", "coordinates": [ [ [ -96.7506567, 36.0050924 ], [ -96.7505241, 36.0051108 ], [ -96.7504102, 36.0051687 ], [ -96.7503324, 36.0052576 ], [ -96.7503026, 36.0053637 ], [ -96.7503253, 36.005471 ], [ -96.7503969, 36.0055631 ], [ -96.7505067, 36.005626 ], [ -96.7506379, 36.0056501 ], [ -96.7507705, 36.0056318 ], [ -96.7508844, 36.0055738 ], [ -96.7509621, 36.005485 ], [ -96.7509919, 36.0053789 ], [ -96.7509693, 36.0052716 ], [ -96.7508976, 36.0051795 ], [ -96.7507878, 36.0051166 ], [ -96.7506567, 36.0050924 ] ] ] } },
{ "type": "Feature", "properties": { "tank_id": "osm_way_460925370", "centroid_lon": -96.750353602526062, "centroid_lat": 35.935516026703702, "radius_m": 28.15, "height_m": 14.63, "roof_type": "unknown", "capacity_kbbl": 229.098, "first_seen": null, "last_seen": null, "notes": "OSM footprint, height model=flat" }, "geometry": { "type": "Polygon", "coordinates": [ [ [ -96.750363, 35.935263 ], [ -96.7502427, 35.9352794 ], [ -96.7501393, 35.9353317 ], [ -96.7500685, 35.9354122 ], [ -96.7500411, 35.9355084 ], [ -96.7500613, 35.9356058 ], [ -96.750126, 35.9356895 ], [ -96.7502253, 35.9357469 ], [ -96.7503442, 35.935769 ], [ -96.7504645, 35.9357527 ], [ -96.7505679, 35.9357003 ], [ -96.7506387, 35.9356199 ], [ -96.7506661, 35.9355236 ], [ -96.7506459, 35.9354262 ], [ -96.7505812, 35.9353425 ], [ -96.7504818, 35.9352852 ], [ -96.750363, 35.935263 ] ] ] } },
{ "type": "Feature", "properties": { "tank_id": "osm_way_460925371", "centroid_lon": -96.754335301557319, "centroid_lat": 36.020486846939825, "radius_m": 31.02, "height_m": 14.63, "roof_type": "unknown", "capacity_kbbl": 278.116, "first_seen": null, "last_seen": null, "notes": "OSM footprint, height model=flat" }, "geometry": { "type": "Polygon", "coordinates": [ [ [ -96.754448, 36.0202233 ], [ -96.7543147, 36.0202085 ], [ -96.7541845, 36.020236 ], [ -96.7540773, 36.0203018 ], [ -96.7540094, 36.0203957 ], [ -96.7539911, 36.0205035 ], [ -96.7540252, 36.0206088 ], [ -96.7541065, 36.0206955 ], [ -96.7542227, 36.0207504 ], [ -96.7543559, 36.0207652 ], [ -96.7544861, 36.0207377 ], [ -96.7545933, 36.0206719 ], [ -96.7546612, 36.020578 ], [ -96.7546795, 36.0204702 ], [ -96.7546454, 36.0203649 ], [ -96.7545641, 36.0202782 ], [ -96.754448, 36.0202233 ] ] ] } },
{ "type": "Feature", "properties": { "tank_id": "osm_way_460925372", "centroid_lon": -96.75521509226148, "centroid_lat": 36.01625641737612, "radius_m": 31.02, "height_m": 14.63, "roof_type": "unknown", "capacity_kbbl": 278.14, "first_seen": null, "last_seen": null, "notes": "OSM footprint, height model=flat" }, "geometry": { "type": "Polygon", "coordinates": [ [ [ -96.7553277, 36.0159928 ], [ -96.7551944, 36.015978 ], [ -96.7550643, 36.0160056 ], [ -96.7549571, 36.0160714 ], [ -96.7548892, 36.0161653 ], [ -96.7548709, 36.0162731 ], [ -96.754905, 36.0163784 ], [ -96.7549863, 36.0164651 ], [ -96.7551024, 36.01652 ], [ -96.7552357, 36.0165348 ], [ -96.7553659, 36.0165072 ], [ -96.7554731, 36.0164415 ], [ -96.755541, 36.0163475 ], [ -96.7555593, 36.0162397 ], [ -96.7555252, 36.0161345 ], [ -96.7554439, 36.0160478 ], [ -96.7553277, 36.0159928 ] ] ] } },
{ "type": "Feature", "properties": { "tank_id": "osm_way_460925373", "centroid_lon": -96.742636885208142, "centroid_lat": 35.939312103431774, "radius_m": 35.27, "height_m": 14.63, "roof_type": "unknown", "capacity_kbbl": 359.665, "first_seen": null, "last_seen": null, "notes": "OSM footprint, height model=flat" }, "geometry": { "type": "Polygon", "coordinates": [ [ [ -96.7426463, 35.938995 ], [ -96.7424957, 35.9390163 ], [ -96.7423666, 35.9390825 ], [ -96.7422787, 35.9391837 ], [ -96.7422453, 35.9393045 ], [ -96.7422715, 35.9394264 ], [ -96.7423533, 35.9395309 ], [ -96.7424783, 35.9396021 ], [ -96.7426275, 35.9396292 ], [ -96.7427781, 35.9396079 ], [ -96.7429071, 35.9395417 ], [ -96.7429951, 35.9394405 ], [ -96.7430285, 35.9393197 ], [ -96.7430023, 35.9391978 ], [ -96.7429204, 35.9390933 ], [ -96.7427954, 35.9390221 ], [ -96.7426463, 35.938995 ] ] ] } },
{ "type": "Feature", "properties": { "tank_id": "osm_way_460925374", "centroid_lon": -96.759015753570452, "centroid_lat": 35.951871758732501, "radius_m": 24.15, "height_m": 14.63, "roof_type": "unknown", "capacity_kbbl": 168.634, "first_seen": null, "last_seen": null, "notes": "OSM footprint, height model=flat" }, "geometry": { "type": "Polygon", "coordinates": [ [ [ -96.7590104, 35.9516546 ], [ -96.7589082, 35.9516728 ], [ -96.7588223, 35.9517213 ], [ -96.7587659, 35.9517927 ], [ -96.7587476, 35.9518761 ], [ -96.75877, 35.9519589 ], [ -96.7588299, 35.9520284 ], [ -96.7589181, 35.952074 ], [ -96.7590211, 35.9520889 ], [ -96.7591234, 35.9520707 ], [ -96.7592092, 35.9520222 ], [ -96.7592656, 35.9519508 ], [ -96.759284, 35.9518674 ], [ -96.7592615, 35.9517847 ], [ -96.7592016, 35.9517152 ], [ -96.7591135, 35.9516695 ], [ -96.7590104, 35.9516546 ] ] ] } },
{ "type": "Feature", "properties": { "tank_id": "osm_way_460925375", "centroid_lon": -96.735449884458617, "centroid_lat": 35.948616935934353, "radius_m": 32.01, "height_m": 14.63, "roof_type": "unknown", "capacity_kbbl": 296.152, "first_seen": null, "last_seen": null, "notes": "OSM footprint, height model=flat" }, "geometry": { "type": "Polygon", "coordinates": [ [ [ -96.7354579, 35.9483292 ], [ -96.7353213, 35.9483486 ], [ -96.7352043, 35.9484089 ], [ -96.7351246, 35.9485008 ], [ -96.7350945, 35.9486104 ], [ -96.7351185, 35.948721 ], [ -96.7351929, 35.9488158 ], [ -96.7353065, 35.9488803 ], [ -96.7354418, 35.9489047 ], [ -96.7355785, 35.9488852 ], [ -96.7356955, 35.948825 ], [ -96.7357751, 35.9487331 ], [ -96.7358053, 35.9486235 ], [ -96.7357813, 35.9485129 ], [ -96.7357069, 35.9484181 ], [ -96.7355933, 35.9483536 ], [ -96.7354579, 35.9483292 ] ] ] } },
{ "type": "Feature", "properties": { "tank_id": "osm_way_460925376", "centroid_lon": -96.735165578748578, "centroid_lat": 35.939933213625309, "radius_m": 30.61, "height_m": 14.63, "roof_type": "unknown", "capacity_kbbl": 270.926, "first_seen": null, "last_seen": null, "notes": "OSM footprint, height model=flat" }, "geometry": { "type": "Polygon", "coordinates": [ [ [ -96.735187, 35.9396585 ], [ -96.7350555, 35.9396728 ], [ -96.7349408, 35.9397267 ], [ -96.7348603, 35.939812 ], [ -96.7348263, 35.9399158 ], [ -96.7348439, 35.9400223 ], [ -96.7349105, 35.9401152 ], [ -96.7350159, 35.9401804 ], [ -96.7351441, 35.9402079 ], [ -96.7352756, 35.9401937 ], [ -96.7353903, 35.9401397 ], [ -96.7354708, 35.9400544 ], [ -96.7355049, 35.9399506 ], [ -96.7354873, 35.9398441 ], [ -96.7354207, 35.9397512 ], [ -96.7353152, 35.9396861 ], [ -96.735187, 35.9396585 ] ] ] } },
{ "type": "Feature", "properties": { "tank_id": "osm_way_460925377", "centroid_lon": -96.766601062455621, "centroid_lat": 35.946716972576013, "radius_m": 34.82, "height_m": 14.63, "roof_type": "unknown", "capacity_kbbl": 350.43, "first_seen": null, "last_seen": null, "notes": "OSM footprint, height model=flat" }, "geometry": { "type": "Polygon", "coordinates": [ [ [ -96.7666198, 35.9464043 ], [ -96.7664706, 35.9464223 ], [ -96.7663412, 35.9464851 ], [ -96.7662514, 35.9465833 ], [ -96.7662148, 35.9467018 ], [ -96.766237, 35.9468226 ], [ -96.7663147, 35.9469273 ], [ -96.7664359, 35.947 ], [ -96.7665823, 35.9470297 ], [ -96.7667315, 35.9470117 ], [ -96.7668609, 35.9469488 ], [ -96.7669507, 35.9468507 ], [ -96.7669873, 35.9467322 ], [ -96.7669651, 35.9466114 ], [ -96.7668875, 35.9465066 ], [ -96.7667662, 35.9464339 ], [ -96.7666198, 35.9464043 ] ] ] } },
{ "type": "Feature", "properties": { "tank_id": "osm_way_460925379", "centroid_lon": -96.730922316396502, "centroid_lat": 35.959092050879725, "radius_m": 17.76, "height_m": 14.63, "roof_type": "unknown", "capacity_kbbl": 91.21, "first_seen": null, "last_seen": null, "notes": "OSM footprint, height model=flat" }, "geometry": { "type": "Polygon", "coordinates": [ [ [ -96.7309304, 35.9589325 ], [ -96.7308543, 35.9589421 ], [ -96.7307886, 35.9589746 ], [ -96.7307433, 35.9590249 ], [ -96.7307252, 35.9590855 ], [ -96.7307371, 35.9591471 ], [ -96.7307772, 35.9592003 ], [ -96.7308394, 35.959237 ], [ -96.7309143, 35.9592516 ], [ -96.7309903, 35.959242 ], [ -96.731056, 35.9592095 ], [ -96.7311014, 35.9591591 ], [ -96.7311195, 35.9590985 ], [ -96.7311075, 35.959037 ], [ -96.7310674, 35.9589838 ], [ -96.7310052, 35.9589471 ], [ -96.7309304, 35.9589325 ] ] ] } },
{ "type": "Feature", "properties": { "tank_id": "osm_way_460925380", "centroid_lon": -96.744773245892816, "centroid_lat": 35.945876624429545, "radius_m": 33.09, "height_m": 14.63, "roof_type": "unknown", "capacity_kbbl": 316.471, "first_seen": null, "last_seen": null, "notes": "OSM footprint, height model=flat" }, "geometry": { "type": "Polygon", "coordinates": [ [ [ -96.7447759, 35.9455791 ], [ -96.7446351, 35.945601 ], [ -96.7445153, 35.9456647 ], [ -96.7444348, 35.9457608 ], [ -96.7444058, 35.9458745 ], [ -96.7444327, 35.9459885 ], [ -96.7445115, 35.9460855 ], [ -96.7446301, 35.9461506 ], [ -96.7447706, 35.9461741 ], [ -96.7449114, 35.9461523 ], [ -96.7450312, 35.9460885 ], [ -96.7451117, 35.9459925 ], [ -96.7451407, 35.9458788 ], [ -96.7451138, 35.9457648 ], [ -96.745035, 35.9456678 ], [ -96.7449163, 35.9456026 ], [ -96.7447759, 35.9455791 ] ] ] } },
{ "type": "Feature", "properties": { "tank_id": "osm_way_460925381", "centroid_lon": -96.740906832977288, "centroid_lat": 35.937292466612725, "radius_m": 31.42, "height_m": 14.63, "roof_type": "unknown", "capacity_kbbl": 285.341, "first_seen": null, "last_seen": null, "notes": "OSM footprint, height model=flat" }, "geometry": { "type": "Polygon", "coordinates": [ [ [ -96.7409189, 35.9370101 ], [ -96.7407846, 35.9370279 ], [ -96.7406688, 35.9370859 ], [ -96.7405893, 35.9371754 ], [ -96.7405582, 35.9372827 ], [ -96.7405801, 35.9373915 ], [ -96.7406517, 35.9374852 ], [ -96.7407623, 35.9375496 ], [ -96.7408948, 35.9375748 ], [ -96.7410291, 35.937557 ], [ -96.7411449, 35.937499 ], [ -96.7412244, 35.9374095 ], [ -96.7412555, 35.9373022 ], [ -96.7412336, 35.9371935 ], [ -96.7411619, 35.9370997 ], [ -96.7410514, 35.9370354 ], [ -96.7409189, 35.9370101 ] ] ] } },
{ "type": "Feature", "properties": { "tank_id": "osm_way_460925382", "centroid_lon": -96.755225807327818, "centroid_lat": 36.019074581852031, "radius_m": 31.02, "height_m": 14.63, "roof_type": "unknown", "capacity_kbbl": 278.13, "first_seen": null, "last_seen": null, "notes": "OSM footprint, height model=flat" }, "geometry": { "type": "Polygon", "coordinates": [ [ [ -96.7553385, 36.018811 ], [ -96.7552052, 36.0187962 ], [ -96.755075, 36.0188238 ], [ -96.7549678, 36.0188895 ], [ -96.7548999, 36.0189835 ], [ -96.7548816, 36.0190913 ], [ -96.7549157, 36.0191965 ], [ -96.754997, 36.0192832 ], [ -96.7551132, 36.0193382 ], [ -96.7552464, 36.019353 ], [ -96.7553766, 36.0193254 ], [ -96.7554838, 36.0192596 ], [ -96.7555517, 36.0191657 ], [ -96.75557, 36.0190579 ], [ -96.7555359, 36.0189526 ], [ -96.7554546, 36.0188659 ], [ -96.7553385, 36.018811 ] ] ] } },
{ "type": "Feature", "properties": { "tank_id": "osm_way_460925383", "centroid_lon": -96.747438019908699, "centroid_lat": 35.936328234600914, "radius_m": 19.45, "height_m": 14.63, "roof_type": "unknown", "capacity_kbbl": 109.355, "first_seen": null, "last_seen": null, "notes": "OSM footprint, height model=flat" }, "geometry": { "type": "Polygon", "coordinates": [ [ [ -96.7474434, 35.9361534 ], [ -96.7473603, 35.9361651 ], [ -96.7472891, 35.9362015 ], [ -96.7472406, 35.9362573 ], [ -96.7472221, 35.9363239 ], [ -96.7472365, 35.9363911 ], [ -96.7472816, 35.9364488 ], [ -96.7473504, 35.9364881 ], [ -96.7474327, 35.9365031 ], [ -96.7475157, 35.9364914 ], [ -96.7475869, 35.9364549 ], [ -96.7476355, 35.9363991 ], [ -96.7476539, 35.9363326 ], [ -96.7476396, 35.9362653 ], [ -96.7475945, 35.9362077 ], [ -96.7475256, 35.9361684 ], [ -96.7474434, 35.9361534 ] ] ] } },
{ "type": "Feature", "properties": { "tank_id": "osm_way_460925384", "centroid_lon": -96.757303172596622, "centroid_lat": 35.925896866502811, "radius_m": 32.74, "height_m": 14.63, "roof_type": "unknown", "capacity_kbbl": 309.897, "first_seen": null, "last_seen": null, "notes": "OSM footprint, height model=flat" }, "geometry": { "type": "Polygon", "coordinates": [ [ [ -96.7573112, 35.9256025 ], [ -96.7571715, 35.9256225 ], [ -96.7570519, 35.9256841 ], [ -96.7569705, 35.9257782 ], [ -96.7569397, 35.9258903 ], [ -96.7569643, 35.9260035 ], [ -96.7570405, 35.9261004 ], [ -96.7571567, 35.9261663 ], [ -96.7572951, 35.9261912 ], [ -96.7574348, 35.9261713 ], [ -96.7575545, 35.9261096 ], [ -96.7576359, 35.9260155 ], [ -96.7576666, 35.9259034 ], [ -96.757642, 35.9257902 ], [ -96.7575659, 35.9256934 ], [ -96.7574497, 35.9256274 ], [ -96.7573112, 35.9256025 ] ] ] } },
{ "type": "Feature", "properties": { "tank_id": "osm_way_460925386", "centroid_lon": -96.73392639054336, "centroid_lat": 35.94288652660655, "radius_m": 42.27, "height_m": 14.63, "roof_type": "unknown", "capacity_kbbl": 516.411, "first_seen": null, "last_seen": null, "notes": "OSM footprint, height model=flat" }, "geometry": { "type": "Polygon", "coordinates": [ [ [ -96.7339304, 35.9425065 ], [ -96.7337505, 35.9425342 ], [ -96.7335973, 35.9426155 ], [ -96.7334943, 35.9427381 ], [ -96.733457, 35.9428833 ], [ -96.7334912, 35.9430289 ], [ -96.7335916, 35.9431529 ], [ -96.733743, 35.9432364 ], [ -96.7339224, 35.9432665 ], [ -96.7341023, 35.9432389 ], [ -96.7342554, 35.9431575 ], [ -96.7343585, 35.943035 ], [ -96.7343958, 35.9428898 ], [ -96.7343616, 35.9427441 ], [ -96.7342611, 35.9426201 ], [ -96.7341097, 35.9425367 ], [ -96.7339304, 35.9425065 ] ] ] } },
{ "type": "Feature", "properties": { "tank_id": "osm_way_460925387", "centroid_lon": -96.74422607023682, "centroid_lat": 35.945129649366521, "radius_m": 33.09, "height_m": 14.63, "roof_type": "unknown", "capacity_kbbl": 316.463, "first_seen": null, "last_seen": null, "notes": "OSM footprint, height model=flat" }, "geometry": { "type": "Polygon", "coordinates": [ [ [ -96.7442288, 35.9448322 ], [ -96.7440879, 35.944854 ], [ -96.7439681, 35.9449178 ], [ -96.7438876, 35.9450138 ], [ -96.7438586, 35.9451275 ], [ -96.7438856, 35.9452415 ], [ -96.7439643, 35.9453385 ], [ -96.744083, 35.9454037 ], [ -96.7442234, 35.9454271 ], [ -96.7443642, 35.9454053 ], [ -96.744484, 35.9453416 ], [ -96.7445645, 35.9452455 ], [ -96.7445935, 35.9451318 ], [ -96.7445666, 35.9450178 ], [ -96.7444878, 35.9449208 ], [ -96.7443692, 35.9448556 ], [ -96.7442288, 35.9448322 ] ] ] } },
{ "type": "Feature", "properties": { "tank_id": "osm_way_460925388", "centroid_lon": -96.750649949974573, "centroid_lat": 36.004577099901383, "radius_m": 31.02, "height_m": 14.63, "roof_type": "unknown", "capacity_kbbl": 278.184, "first_seen": null, "last_seen": null, "notes": "OSM footprint, height model=flat" }, "geometry": { "type": "Polygon", "coordinates": [ [ [ -96.7506593, 36.0042983 ], [ -96.7505267, 36.0043166 ], [ -96.7504129, 36.0043746 ], [ -96.7503351, 36.0044634 ], [ -96.7503053, 36.0045695 ], [ -96.7503279, 36.0046768 ], [ -96.7503996, 36.0047689 ], [ -96.7505094, 36.0048318 ], [ -96.7506406, 36.0048559 ], [ -96.7507732, 36.0048376 ], [ -96.750887, 36.0047796 ], [ -96.7509648, 36.0046908 ], [ -96.7509946, 36.0045847 ], [ -96.750972, 36.0044774 ], [ -96.7509003, 36.0043853 ], [ -96.7507905, 36.0043224 ], [ -96.7506593, 36.0042983 ] ] ] } },
{ "type": "Feature", "properties": { "tank_id": "osm_way_460925389", "centroid_lon": -96.759597808771858, "centroid_lat": 36.01610455105908, "radius_m": 26.69, "height_m": 14.63, "roof_type": "unknown", "capacity_kbbl": 206.005, "first_seen": null, "last_seen": null, "notes": "OSM footprint, height model=flat" }, "geometry": { "type": "Polygon", "coordinates": [ [ [ -96.7597453, 36.0158963 ], [ -96.7596356, 36.0158665 ], [ -96.75952, 36.0158729 ], [ -96.7594164, 36.0159146 ], [ -96.7593403, 36.0159852 ], [ -96.7593035, 36.016074 ], [ -96.7593114, 36.0161675 ], [ -96.759363, 36.0162513 ], [ -96.7594503, 36.0163128 ], [ -96.7595601, 36.0163426 ], [ -96.7596756, 36.0163362 ], [ -96.7597792, 36.0162945 ], [ -96.7598553, 36.0162239 ], [ -96.7598922, 36.0161351 ], [ -96.7598842, 36.0160417 ], [ -96.7598326, 36.0159578 ], [ -96.7597453, 36.0158963 ] ] ] } },
{ "type": "Feature", "properties": { "tank_id": "osm_way_460925390", "centroid_lon": -96.75523650569464, "centroid_lat": 36.02119842113769, "radius_m": 31.02, "height_m": 14.63, "roof_type": "unknown", "capacity_kbbl": 278.111, "first_seen": null, "last_seen": null, "notes": "OSM footprint, height model=flat" }, "geometry": { "type": "Polygon", "coordinates": [ [ [ -96.7553492, 36.0209348 ], [ -96.7552159, 36.02092 ], [ -96.7550858, 36.0209476 ], [ -96.7549786, 36.0210134 ], [ -96.7549106, 36.0211073 ], [ -96.7548923, 36.0212151 ], [ -96.7549264, 36.0213204 ], [ -96.7550077, 36.0214071 ], [ -96.7551239, 36.021462 ], [ -96.7552572, 36.0214768 ], [ -96.7553873, 36.0214492 ], [ -96.7554945, 36.0213835 ], [ -96.7555624, 36.0212895 ], [ -96.7555807, 36.0211817 ], [ -96.7555466, 36.0210765 ], [ -96.7554653, 36.0209898 ], [ -96.7553492, 36.0209348 ] ] ] } },
{ "type": "Feature", "properties": { "tank_id": "osm_way_460925391", "centroid_lon": -96.745792464056791, "centroid_lat": 35.95487890333326, "radius_m": 18.38, "height_m": 14.63, "roof_type": "unknown", "capacity_kbbl": 97.624, "first_seen": null, "last_seen": null, "notes": "OSM footprint, height model=flat" }, "geometry": { "type": "Polygon", "coordinates": [ [ [ -96.7458032, 35.9547139 ], [ -96.7457244, 35.9547231 ], [ -96.7456559, 35.9547561 ], [ -96.7456083, 35.9548077 ], [ -96.7455886, 35.9548702 ], [ -96.7456, 35.954934 ], [ -96.7456408, 35.9549895 ], [ -96.7457046, 35.955028 ], [ -96.7457818, 35.9550439 ], [ -96.7458606, 35.9550347 ], [ -96.745929, 35.9550017 ], [ -96.7459767, 35.9549501 ], [ -96.7459963, 35.9548876 ], [ -96.7459849, 35.9548238 ], [ -96.7459442, 35.9547684 ], [ -96.7458804, 35.9547298 ], [ -96.7458032, 35.9547139 ] ] ] } },
{ "type": "Feature", "properties": { "tank_id": "osm_way_460925392", "centroid_lon": -96.717531376691142, "centroid_lat": 35.941244823024249, "radius_m": 30.2, "height_m": 14.63, "roof_type": "unknown", "capacity_kbbl": 263.688, "first_seen": null, "last_seen": null, "notes": "OSM footprint, height model=flat" }, "geometry": { "type": "Polygon", "coordinates": [ [ [ -96.7175408, 35.9409734 ], [ -96.7174118, 35.9409911 ], [ -96.717301, 35.9410475 ], [ -96.7172252, 35.9411339 ], [ -96.7171961, 35.9412372 ], [ -96.717218, 35.9413417 ], [ -96.7172877, 35.9414314 ], [ -96.7173944, 35.9414927 ], [ -96.717522, 35.9415163 ], [ -96.717651, 35.9414985 ], [ -96.7177618, 35.9414421 ], [ -96.7178376, 35.9413557 ], [ -96.7178667, 35.9412524 ], [ -96.7178447, 35.941148 ], [ -96.7177751, 35.9410583 ], [ -96.7176684, 35.9409969 ], [ -96.7175408, 35.9409734 ] ] ] } },
{ "type": "Feature", "properties": { "tank_id": "osm_way_460925393", "centroid_lon": -96.760898682282331, "centroid_lat": 35.948723342848297, "radius_m": 42.8, "height_m": 14.63, "roof_type": "unknown", "capacity_kbbl": 529.543, "first_seen": null, "last_seen": null, "notes": "OSM footprint, height model=flat" }, "geometry": { "type": "Polygon", "coordinates": [ [ [ -96.7609228, 35.948339 ], [ -96.7607393, 35.9483608 ], [ -96.7605801, 35.9484378 ], [ -96.7604693, 35.9485582 ], [ -96.7604239, 35.9487038 ], [ -96.7604508, 35.9488524 ], [ -96.7605459, 35.9489813 ], [ -96.7606947, 35.9490709 ], [ -96.7608745, 35.9491077 ], [ -96.7610581, 35.9490859 ], [ -96.7612173, 35.9490089 ], [ -96.7613281, 35.9488885 ], [ -96.7613734, 35.9487429 ], [ -96.7613465, 35.9485943 ], [ -96.7612515, 35.9484654 ], [ -96.7611027, 35.9483757 ], [ -96.7609228, 35.948339 ] ] ] } },
{ "type": "Feature", "properties": { "tank_id": "osm_way_460925394", "centroid_lon": -96.736292107294801, "centroid_lat": 35.94735320641378, "radius_m": 32.01, "height_m": 14.63, "roof_type": "unknown", "capacity_kbbl": 296.131, "first_seen": null, "last_seen": null, "notes": "OSM footprint, height model=flat" }, "geometry": { "type": "Polygon", "coordinates": [ [ [ -96.7363001, 35.9470655 ], [ -96.7361635, 35.9470849 ], [ -96.7360465, 35.9471452 ], [ -96.7359668, 35.9472371 ], [ -96.7359367, 35.9473467 ], [ -96.7359607, 35.9474573 ], [ -96.7360351, 35.947552 ], [ -96.7361487, 35.9476165 ], [ -96.7362841, 35.9476409 ], [ -96.7364207, 35.9476215 ], [ -96.7365377, 35.9475613 ], [ -96.7366174, 35.9474693 ], [ -96.7366475, 35.9473597 ], [ -96.7366235, 35.9472491 ], [ -96.7365491, 35.9471544 ], [ -96.7364355, 35.9470899 ], [ -96.7363001, 35.9470655 ] ] ] } },
{ "type": "Feature", "properties": { "tank_id": "osm_way_460925395", "centroid_lon": -96.751399649966956, "centroid_lat": 35.932008599871921, "radius_m": 35.39, "height_m": 14.63, "roof_type": "unknown", "capacity_kbbl": 362.154, "first_seen": null, "last_seen": null, "notes": "OSM footprint, height model=flat" }, "geometry": { "type": "Polygon", "coordinates": [ [ [ -96.7514077, 35.9316904 ], [ -96.7512567, 35.9317122 ], [ -96.7511275, 35.931779 ], [ -96.7510397, 35.9318808 ], [ -96.7510067, 35.9320021 ], [ -96.7510335, 35.9321243 ], [ -96.7511161, 35.932229 ], [ -96.7512418, 35.9323001 ], [ -96.7513916, 35.9323268 ], [ -96.7515426, 35.932305 ], [ -96.7516718, 35.9322382 ], [ -96.7517596, 35.9321364 ], [ -96.7517926, 35.9320151 ], [ -96.7517658, 35.9318929 ], [ -96.7516832, 35.9317882 ], [ -96.7515575, 35.9317171 ], [ -96.7514077, 35.9316904 ] ] ] } },
{ "type": "Feature", "properties": { "tank_id": "osm_way_460925396", "centroid_lon": -96.733513317422521, "centroid_lat": 35.940869166199292, "radius_m": 30.61, "height_m": 14.63, "roof_type": "unknown", "capacity_kbbl": 270.911, "first_seen": null, "last_seen": null, "notes": "OSM footprint, height model=flat" }, "geometry": { "type": "Polygon", "coordinates": [ [ [ -96.7335348, 35.9405945 ], [ -96.7334033, 35.9406087 ], [ -96.7332886, 35.9406626 ], [ -96.7332081, 35.940748 ], [ -96.733174, 35.9408518 ], [ -96.7331916, 35.9409582 ], [ -96.7332582, 35.9410511 ], [ -96.7333637, 35.9411163 ], [ -96.7334919, 35.9411439 ], [ -96.7336233, 35.9411296 ], [ -96.7337381, 35.9410757 ], [ -96.7338186, 35.9409903 ], [ -96.7338526, 35.9408865 ], [ -96.733835, 35.9407801 ], [ -96.7337684, 35.9406872 ], [ -96.733663, 35.940622 ], [ -96.7335348, 35.9405945 ] ] ] } },
{ "type": "Feature", "properties": { "tank_id": "osm_way_460925398", "centroid_lon": -96.735439162147969, "centroid_lat": 35.945396750113652, "radius_m": 32.01, "height_m": 14.63, "roof_type": "unknown", "capacity_kbbl": 296.185, "first_seen": null, "last_seen": null, "notes": "OSM footprint, height model=flat" }, "geometry": { "type": "Polygon", "coordinates": [ [ [ -96.7354472, 35.945109 ], [ -96.7353106, 35.9451284 ], [ -96.7351935, 35.9451887 ], [ -96.7351139, 35.9452806 ], [ -96.7350838, 35.9453902 ], [ -96.7351077, 35.9455008 ], [ -96.7351822, 35.9455956 ], [ -96.7352957, 35.9456601 ], [ -96.7354311, 35.9456845 ], [ -96.7355677, 35.9456651 ], [ -96.7356848, 35.9456048 ], [ -96.7357644, 35.9455129 ], [ -96.7357946, 35.9454033 ], [ -96.7357706, 35.9452927 ], [ -96.7356961, 35.9451979 ], [ -96.7355826, 35.9451334 ], [ -96.7354472, 35.945109 ] ] ] } },
{ "type": "Feature", "properties": { "tank_id": "osm_way_460925399", "centroid_lon": -96.757079201557346, "centroid_lat": 36.019083246939843, "radius_m": 31.02, "height_m": 14.63, "roof_type": "unknown", "capacity_kbbl": 278.12, "first_seen": null, "last_seen": null, "notes": "OSM footprint, height model=flat" }, "geometry": { "type": "Polygon", "coordinates": [ [ [ -96.7571919, 36.0188197 ], [ -96.7570586, 36.0188049 ], [ -96.7569284, 36.0188324 ], [ -96.7568212, 36.0188982 ], [ -96.7567533, 36.0189921 ], [ -96.756735, 36.0190999 ], [ -96.7567691, 36.0192052 ], [ -96.7568504, 36.0192919 ], [ -96.7569666, 36.0193468 ], [ -96.7570998, 36.0193616 ], [ -96.75723, 36.0193341 ], [ -96.7573372, 36.0192683 ], [ -96.7574051, 36.0191744 ], [ -96.7574234, 36.0190666 ], [ -96.7573893, 36.0189613 ], [ -96.757308, 36.0188746 ], [ -96.7571919, 36.0188197 ] ] ] } },
{ "type": "Feature", "properties": { "tank_id": "osm_way_460925400", "centroid_lon": -96.726316958452642, "centroid_lat": 35.957084848285675, "radius_m": 17.76, "height_m": 14.63, "roof_type": "unknown", "capacity_kbbl": 91.217, "first_seen": null, "last_seen": null, "notes": "OSM footprint, height model=flat" }, "geometry": { "type": "Polygon", "coordinates": [ [ [ -96.726325, 35.9569253 ], [ -96.726249, 35.9569349 ], [ -96.7261832, 35.9569674 ], [ -96.7261379, 35.9570178 ], [ -96.7261198, 35.9570783 ], [ -96.7261317, 35.9571399 ], [ -96.7261719, 35.9571931 ], [ -96.7262341, 35.9572298 ], [ -96.7263089, 35.9572444 ], [ -96.726385, 35.9572348 ], [ -96.7264507, 35.9572023 ], [ -96.726496, 35.9571519 ], [ -96.7265141, 35.9570914 ], [ -96.7265022, 35.9570298 ], [ -96.7264621, 35.9569766 ], [ -96.7263998, 35.9569399 ], [ -96.726325, 35.9569253 ] ] ] } },
{ "type": "Feature", "properties": { "tank_id": "osm_way_460925401", "centroid_lon": -96.758837395989374, "centroid_lat": 36.016017798678128, "radius_m": 20.5, "height_m": 14.63, "roof_type": "unknown", "capacity_kbbl": 121.473, "first_seen": null, "last_seen": null, "notes": "OSM footprint, height model=flat" }, "geometry": { "type": "Polygon", "coordinates": [ [ [ -96.7589809, 36.0158746 ], [ -96.7589022, 36.0158411 ], [ -96.7588137, 36.0158345 ], [ -96.7587288, 36.0158558 ], [ -96.7586604, 36.0159017 ], [ -96.7586189, 36.0159653 ], [ -96.7586108, 36.016037 ], [ -96.7586371, 36.0161057 ], [ -96.7586939, 36.016161 ], [ -96.7587726, 36.0161945 ], [ -96.7588611, 36.0162011 ], [ -96.758946, 36.0161798 ], [ -96.7590144, 36.0161339 ], [ -96.7590559, 36.0160702 ], [ -96.759064, 36.0159986 ], [ -96.7590377, 36.0159299 ], [ -96.7589809, 36.0158746 ] ] ] } },
{ "type": "Feature", "properties": { "tank_id": "osm_way_460925402", "centroid_lon": -96.756176669566415, "centroid_lat": 35.92483909764595, "radius_m": 32.74, "height_m": 14.63, "roof_type": "unknown", "capacity_kbbl": 309.862, "first_seen": null, "last_seen": null, "notes": "OSM footprint, height model=flat" }, "geometry": { "type": "Polygon", "coordinates": [ [ [ -96.7561847, 35.9245448 ], [ -96.756045, 35.9245647 ], [ -96.7559254, 35.9246264 ], [ -96.755844, 35.9247204 ], [ -96.7558132, 35.9248326 ], [ -96.7558378, 35.9249457 ], [ -96.755914, 35.9250426 ], [ -96.7560302, 35.9251085 ], [ -96.7561686, 35.9251334 ], [ -96.7563083, 35.9251135 ], [ -96.756428, 35.9250518 ], [ -96.7565094, 35.9249577 ], [ -96.7565401, 35.9248456 ], [ -96.7565155, 35.9247325 ], [ -96.7564394, 35.9246356 ], [ -96.7563232, 35.9245697 ], [ -96.7561847, 35.9245448 ] ] ] } },
{ "type": "Feature", "properties": { "tank_id": "osm_way_460925403", "centroid_lon": -96.754346042661382, "centroid_lat": 36.016633918422777, "radius_m": 20.03, "height_m": 14.63, "roof_type": "unknown", "capacity_kbbl": 116.016, "first_seen": null, "last_seen": null, "notes": "OSM footprint, height model=flat" }, "geometry": { "type": "Polygon", "coordinates": [ [ [ -96.7543514, 36.0164539 ], [ -96.7542658, 36.0164659 ], [ -96.7541924, 36.0165035 ], [ -96.7541424, 36.016561 ], [ -96.7541234, 36.0166296 ], [ -96.7541383, 36.0166988 ], [ -96.7541848, 36.0167582 ], [ -96.7542559, 36.0167986 ], [ -96.7543407, 36.016814 ], [ -96.7544263, 36.0168019 ], [ -96.7544997, 36.0167643 ], [ -96.7545497, 36.0167068 ], [ -96.7545687, 36.0166383 ], [ -96.7545538, 36.016569 ], [ -96.7545073, 36.0165097 ], [ -96.7544362, 36.0164692 ], [ -96.7543514, 36.0164539 ] ] ] } },
{ "type": "Feature", "properties": { "tank_id": "osm_way_460925405", "centroid_lon": -96.736300149969551, "centroid_lat": 35.944964624894105, "radius_m": 32.01, "height_m": 14.63, "roof_type": "unknown", "capacity_kbbl": 296.156, "first_seen": null, "last_seen": null, "notes": "OSM footprint, height model=flat" }, "geometry": { "type": "Polygon", "coordinates": [ [ [ -96.7363082, 35.9446769 ], [ -96.7361716, 35.9446963 ], [ -96.7360545, 35.9447566 ], [ -96.7359749, 35.9448485 ], [ -96.7359448, 35.9449581 ], [ -96.7359687, 35.9450687 ], [ -96.7360432, 35.9451635 ], [ -96.7361567, 35.945228 ], [ -96.7362921, 35.9452523 ], [ -96.7364287, 35.9452329 ], [ -96.7365458, 35.9451727 ], [ -96.7366254, 35.9450808 ], [ -96.7366555, 35.9449711 ], [ -96.7366316, 35.9448605 ], [ -96.7365571, 35.9447658 ], [ -96.7364436, 35.9447013 ], [ -96.7363082, 35.9446769 ] ] ] } },
{ "type": "Feature", "properties": { "tank_id": "osm_way_460925406", "centroid_lon": -96.737381081603743, "centroid_lat": 35.939661745745362, "radius_m": 30.61, "height_m": 14.63, "roof_type": "unknown", "capacity_kbbl": 270.927, "first_seen": null, "last_seen": null, "notes": "OSM footprint, height model=flat" }, "geometry": { "type": "Polygon", "coordinates": [ [ [ -96.7374025, 35.939387 ], [ -96.7372711, 35.9394013 ], [ -96.7371563, 35.9394552 ], [ -96.7370758, 35.9395406 ], [ -96.7370418, 35.9396444 ], [ -96.7370594, 35.9397508 ], [ -96.737126, 35.9398437 ], [ -96.7372314, 35.9399089 ], [ -96.7373596, 35.9399365 ], [ -96.7374911, 35.9399222 ], [ -96.7376058, 35.9398683 ], [ -96.7376863, 35.9397829 ], [ -96.7377204, 35.9396791 ], [ -96.7377028, 35.9395727 ], [ -96.7376362, 35.9394798 ], [ -96.7375307, 35.9394146 ], [ -96.7374025, 35.939387 ] ] ] } },
{ "type": "Feature", "properties": { "tank_id": "osm_way_460925407", "centroid_lon": -96.745835400759063, "centroid_lat": 35.955977537816061, "radius_m": 18.38, "height_m": 14.63, "roof_type": "unknown", "capacity_kbbl": 97.619, "first_seen": null, "last_seen": null, "notes": "OSM footprint, height model=flat" }, "geometry": { "type": "Polygon", "coordinates": [ [ [ -96.7458461, 35.9558125 ], [ -96.7457673, 35.9558218 ], [ -96.7456988, 35.9558547 ], [ -96.7456512, 35.9559064 ], [ -96.7456316, 35.9559689 ], [ -96.745643, 35.9560327 ], [ -96.7456837, 35.9560881 ], [ -96.7457475, 35.9561267 ], [ -96.7458247, 35.9561425 ], [ -96.7459035, 35.9561333 ], [ -96.745972, 35.9561004 ], [ -96.7460196, 35.9560487 ], [ -96.7460392, 35.9559862 ], [ -96.7460278, 35.9559224 ], [ -96.7459871, 35.955867 ], [ -96.7459233, 35.9558284 ], [ -96.7458461, 35.9558125 ] ] ] } },
{ "type": "Feature", "properties": { "tank_id": "osm_way_460925408", "centroid_lon": -96.746350387480106, "centroid_lat": 35.94435226293448, "radius_m": 32.01, "height_m": 14.63, "roof_type": "unknown", "capacity_kbbl": 296.173, "first_seen": null, "last_seen": null, "notes": "OSM footprint, height model=flat" }, "geometry": { "type": "Polygon", "coordinates": [ [ [ -96.7463584, 35.9440645 ], [ -96.7462218, 35.944084 ], [ -96.7461048, 35.9441442 ], [ -96.7460251, 35.9442361 ], [ -96.745995, 35.9443458 ], [ -96.746019, 35.9444564 ], [ -96.7460934, 35.9445511 ], [ -96.7462069, 35.9446156 ], [ -96.7463423, 35.94464 ], [ -96.746479, 35.9446206 ], [ -96.746596, 35.9445603 ], [ -96.7466756, 35.9444684 ], [ -96.7467058, 35.9443588 ], [ -96.7466818, 35.9442482 ], [ -96.7466074, 35.9441534 ], [ -96.7464938, 35.9440889 ], [ -96.7463584, 35.9440645 ] ] ] } },
{ "type": "Feature", "properties": { "tank_id": "osm_way_460925409", "centroid_lon": -96.715790649650089, "centroid_lat": 35.940956000174687, "radius_m": 30.2, "height_m": 14.63, "roof_type": "unknown", "capacity_kbbl": 263.684, "first_seen": null, "last_seen": null, "notes": "OSM footprint, height model=flat" }, "geometry": { "type": "Polygon", "coordinates": [ [ [ -96.7158, 35.9406846 ], [ -96.715671, 35.9407023 ], [ -96.7155602, 35.9407587 ], [ -96.7154845, 35.9408451 ], [ -96.7154554, 35.9409484 ], [ -96.7154773, 35.9410529 ], [ -96.7155469, 35.9411426 ], [ -96.7156537, 35.9412039 ], [ -96.7157812, 35.9412274 ], [ -96.7159103, 35.9412097 ], [ -96.7160211, 35.9411533 ], [ -96.7160968, 35.9410669 ], [ -96.7161259, 35.9409636 ], [ -96.716104, 35.9408591 ], [ -96.7160344, 35.9407694 ], [ -96.7159276, 35.9407081 ], [ -96.7158, 35.9406846 ] ] ] } },
{ "type": "Feature", "properties": { "tank_id": "osm_way_460925410", "centroid_lon": -96.759450273931137, "centroid_lat": 35.947233770860798, "radius_m": 42.8, "height_m": 14.63, "roof_type": "unknown", "capacity_kbbl": 529.559, "first_seen": null, "last_seen": null, "notes": "OSM footprint, height model=flat" }, "geometry": { "type": "Polygon", "coordinates": [ [ [ -96.7594744, 35.9468494 ], [ -96.7592909, 35.9468712 ], [ -96.7591317, 35.9469482 ], [ -96.7590209, 35.9470686 ], [ -96.7589755, 35.9472142 ], [ -96.7590024, 35.9473628 ], [ -96.7590975, 35.9474917 ], [ -96.7592463, 35.9475814 ], [ -96.7594262, 35.9476181 ], [ -96.7596097, 35.9475963 ], [ -96.7597689, 35.9475194 ], [ -96.7598797, 35.9473989 ], [ -96.759925, 35.9472533 ], [ -96.7598981, 35.9471048 ], [ -96.7598031, 35.9469758 ], [ -96.7596543, 35.9468862 ], [ -96.7594744, 35.9468494 ] ] ] } },
{ "type": "Feature", "properties": { "tank_id": "osm_way_460925411", "centroid_lon": -96.751768449551605, "centroid_lat": 36.009552378764518, "radius_m": 17.39, "height_m": 14.63, "roof_type": "unknown", "capacity_kbbl": 87.411, "first_seen": null, "last_seen": null, "notes": "OSM footprint, height model=flat" }, "geometry": { "type": "Polygon", "coordinates": [ [ [ -96.7517765, 36.0093962 ], [ -96.751702, 36.0094056 ], [ -96.7516376, 36.0094373 ], [ -96.7515931, 36.0094866 ], [ -96.7515753, 36.0095459 ], [ -96.7515869, 36.0096061 ], [ -96.7516262, 36.0096582 ], [ -96.7516871, 36.0096942 ], [ -96.7517604, 36.0097086 ], [ -96.7518349, 36.0096992 ], [ -96.7518993, 36.0096674 ], [ -96.7519438, 36.0096182 ], [ -96.7519616, 36.0095589 ], [ -96.7519499, 36.0094986 ], [ -96.7519107, 36.0094465 ], [ -96.7518498, 36.0094105 ], [ -96.7517765, 36.0093962 ] ] ] } },
{ "type": "Feature", "properties": { "tank_id": "osm_way_460925412", "centroid_lon": -96.735417699971961, "centroid_lat": 35.946975387394261, "radius_m": 32.01, "height_m": 14.63, "roof_type": "unknown", "capacity_kbbl": 296.142, "first_seen": null, "last_seen": null, "notes": "OSM footprint, height model=flat" }, "geometry": { "type": "Polygon", "coordinates": [ [ [ -96.7354257, 35.9466877 ], [ -96.7352891, 35.9467071 ], [ -96.7351721, 35.9467673 ], [ -96.7350924, 35.9468593 ], [ -96.7350623, 35.9469689 ], [ -96.7350863, 35.9470795 ], [ -96.7351607, 35.9471742 ], [ -96.7352743, 35.9472387 ], [ -96.7354097, 35.9472631 ], [ -96.7355463, 35.9472437 ], [ -96.7356633, 35.9471834 ], [ -96.735743, 35.9470915 ], [ -96.7357731, 35.9469819 ], [ -96.7357491, 35.9468713 ], [ -96.7356747, 35.9467765 ], [ -96.7355611, 35.9467121 ], [ -96.7354257, 35.9466877 ] ] ] } },
{ "type": "Feature", "properties": { "tank_id": "osm_way_460925414", "centroid_lon": -96.757111417769025, "centroid_lat": 35.951615555243571, "radius_m": 18.38, "height_m": 14.63, "roof_type": "unknown", "capacity_kbbl": 97.633, "first_seen": null, "last_seen": null, "notes": "OSM footprint, height model=flat" }, "geometry": { "type": "Polygon", "coordinates": [ [ [ -96.7571221, 35.9514505 ], [ -96.7570433, 35.9514598 ], [ -96.7569749, 35.9514927 ], [ -96.7569272, 35.9515444 ], [ -96.7569076, 35.9516069 ], [ -96.756919, 35.9516707 ], [ -96.7569597, 35.9517261 ], [ -96.7570235, 35.9517647 ], [ -96.7571007, 35.9517806 ], [ -96.7571795, 35.9517713 ], [ -96.757248, 35.9517384 ], [ -96.7572956, 35.9516867 ], [ -96.7573153, 35.9516242 ], [ -96.7573038, 35.9515604 ], [ -96.7572631, 35.951505 ], [ -96.7571993, 35.9514664 ], [ -96.7571221, 35.9514505 ] ] ] } },
{ "type": "Feature", "properties": { "tank_id": "osm_way_460925415", "centroid_lon": -96.751631649974584, "centroid_lat": 36.00457709990139, "radius_m": 31.02, "height_m": 14.63, "roof_type": "unknown", "capacity_kbbl": 278.183, "first_seen": null, "last_seen": null, "notes": "OSM footprint, height model=flat" }, "geometry": { "type": "Polygon", "coordinates": [ [ [ -96.751641, 36.0042983 ], [ -96.7515084, 36.0043166 ], [ -96.7513946, 36.0043746 ], [ -96.7513168, 36.0044634 ], [ -96.751287, 36.0045695 ], [ -96.7513096, 36.0046768 ], [ -96.7513813, 36.0047689 ], [ -96.7514911, 36.0048318 ], [ -96.7516223, 36.0048559 ], [ -96.7517549, 36.0048376 ], [ -96.7518687, 36.0047796 ], [ -96.7519465, 36.0046908 ], [ -96.7519763, 36.0045847 ], [ -96.7519537, 36.0044774 ], [ -96.751882, 36.0043853 ], [ -96.7517722, 36.0043224 ], [ -96.751641, 36.0042983 ] ] ] } },
{ "type": "Feature", "properties": { "tank_id": "osm_way_460925416", "centroid_lon": -96.747133599650283, "centroid_lat": 35.944730112614216, "radius_m": 32.01, "height_m": 14.63, "roof_type": "unknown", "capacity_kbbl": 296.147, "first_seen": null, "last_seen": null, "notes": "OSM footprint, height model=flat" }, "geometry": { "type": "Polygon", "coordinates": [ [ [ -96.7471416, 35.9444424 ], [ -96.747005, 35.9444618 ], [ -96.746888, 35.9445221 ], [ -96.7468083, 35.944614 ], [ -96.7467782, 35.9447236 ], [ -96.7468022, 35.9448342 ], [ -96.7468766, 35.944929 ], [ -96.7469902, 35.9449934 ], [ -96.7471255, 35.9450178 ], [ -96.7472622, 35.9449984 ], [ -96.7473792, 35.9449382 ], [ -96.7474589, 35.9448462 ], [ -96.747489, 35.9447366 ], [ -96.747465, 35.944626 ], [ -96.7473906, 35.9445313 ], [ -96.747277, 35.9444668 ], [ -96.7471416, 35.9444424 ] ] ] } },
{ "type": "Feature", "properties": { "tank_id": "osm_way_460925417", "centroid_lon": -96.756127017231279, "centroid_lat": 36.01837169096315, "radius_m": 31.02, "height_m": 14.63, "roof_type": "unknown", "capacity_kbbl": 278.121, "first_seen": null, "last_seen": null, "notes": "OSM footprint, height model=flat" }, "geometry": { "type": "Polygon", "coordinates": [ [ [ -96.7562397, 36.0181081 ], [ -96.7561064, 36.0180933 ], [ -96.7559763, 36.0181209 ], [ -96.7558691, 36.0181866 ], [ -96.7558011, 36.0182806 ], [ -96.7557828, 36.0183884 ], [ -96.7558169, 36.0184936 ], [ -96.7558982, 36.0185803 ], [ -96.7560144, 36.0186353 ], [ -96.7561477, 36.0186501 ], [ -96.7562778, 36.0186225 ], [ -96.756385, 36.0185567 ], [ -96.7564529, 36.0184628 ], [ -96.7564712, 36.018355 ], [ -96.7564371, 36.0182497 ], [ -96.7563558, 36.018163 ], [ -96.7562397, 36.0181081 ] ] ] } },
{ "type": "Feature", "properties": { "tank_id": "osm_way_460925418", "centroid_lon": -96.755212410273344, "centroid_lat": 36.020499873903539, "radius_m": 31.02, "height_m": 14.63, "roof_type": "unknown", "capacity_kbbl": 278.117, "first_seen": null, "last_seen": null, "notes": "OSM footprint, height model=flat" }, "geometry": { "type": "Polygon", "coordinates": [ [ [ -96.7553251, 36.0202363 ], [ -96.7551918, 36.0202215 ], [ -96.7550616, 36.0202491 ], [ -96.7549544, 36.0203148 ], [ -96.7548865, 36.0204088 ], [ -96.7548682, 36.0205166 ], [ -96.7549023, 36.0206218 ], [ -96.7549836, 36.0207085 ], [ -96.7550997, 36.0207634 ], [ -96.755233, 36.0207783 ], [ -96.7553632, 36.0207507 ], [ -96.7554704, 36.0206849 ], [ -96.7555383, 36.020591 ], [ -96.7555566, 36.0204832 ], [ -96.7555225, 36.0203779 ], [ -96.7554412, 36.0202912 ], [ -96.7553251, 36.0202363 ] ] ] } },
{ "type": "Feature", "properties": { "tank_id": "osm_way_460925419", "centroid_lon": -96.715784606425487, "centroid_lat": 35.941534712097969, "radius_m": 15.94, "height_m": 14.63, "roof_type": "unknown", "capacity_kbbl": 73.446, "first_seen": null, "last_seen": null, "notes": "OSM footprint, height model=flat" }, "geometry": { "type": "Polygon", "coordinates": [ [ [ -96.7157853, 35.9413914 ], [ -96.7157175, 35.9414021 ], [ -96.7156599, 35.941433 ], [ -96.7156213, 35.9414794 ], [ -96.7156076, 35.9415342 ], [ -96.7156208, 35.9415891 ], [ -96.715659, 35.9416357 ], [ -96.7157162, 35.9416669 ], [ -96.7157839, 35.941678 ], [ -96.7158517, 35.9416673 ], [ -96.7159093, 35.9416365 ], [ -96.7159479, 35.9415901 ], [ -96.7159616, 35.9415353 ], [ -96.7159484, 35.9414804 ], [ -96.7159103, 35.9414338 ], [ -96.715853, 35.9414025 ], [ -96.7157853, 35.9413914 ] ] ] } },
{ "type": "Feature", "properties": { "tank_id": "osm_way_460925420", "centroid_lon": -96.727802902901203, "centroid_lat": 35.957764408037484, "radius_m": 17.76, "height_m": 14.63, "roof_type": "unknown", "capacity_kbbl": 91.2, "first_seen": null, "last_seen": null, "notes": "OSM footprint, height model=flat" }, "geometry": { "type": "Polygon", "coordinates": [ [ [ -96.727811, 35.9576048 ], [ -96.7277349, 35.9576145 ], [ -96.7276692, 35.957647 ], [ -96.7276238, 35.9576973 ], [ -96.7276058, 35.9577579 ], [ -96.7276177, 35.9578195 ], [ -96.7276578, 35.9578726 ], [ -96.72772, 35.9579093 ], [ -96.7277949, 35.957924 ], [ -96.7278709, 35.9579143 ], [ -96.7279366, 35.9578819 ], [ -96.727982, 35.9578315 ], [ -96.728, 35.9577709 ], [ -96.7279881, 35.9577094 ], [ -96.727948, 35.9576562 ], [ -96.7278858, 35.9576195 ], [ -96.727811, 35.9576048 ] ] ] } },
{ "type": "Feature", "properties": { "tank_id": "osm_way_460925421", "centroid_lon": -96.732537011523533, "centroid_lat": 35.94288001834957, "radius_m": 42.27, "height_m": 14.63, "roof_type": "unknown", "capacity_kbbl": 516.416, "first_seen": null, "last_seen": null, "notes": "OSM footprint, height model=flat" }, "geometry": { "type": "Polygon", "coordinates": [ [ [ -96.732541, 35.9425 ], [ -96.7323611, 35.9425277 ], [ -96.7322079, 35.942609 ], [ -96.7321049, 35.9427316 ], [ -96.7320676, 35.9428768 ], [ -96.7321018, 35.9430224 ], [ -96.7322023, 35.9431464 ], [ -96.7323537, 35.9432299 ], [ -96.732533, 35.94326 ], [ -96.7327129, 35.9432324 ], [ -96.7328661, 35.943151 ], [ -96.7329691, 35.9430285 ], [ -96.7330064, 35.9428833 ], [ -96.7329722, 35.9427376 ], [ -96.7328718, 35.9426136 ], [ -96.7327203, 35.9425302 ], [ -96.732541, 35.9425 ] ] ] } },
{ "type": "Feature", "properties": { "tank_id": "osm_way_460925422", "centroid_lon": -96.742119194180091, "centroid_lat": 35.926083647285601, "radius_m": 30.62, "height_m": 14.63, "roof_type": "unknown", "capacity_kbbl": 270.984, "first_seen": null, "last_seen": null, "notes": "OSM footprint, height model=flat" }, "geometry": { "type": "Polygon", "coordinates": [ [ [ -96.7421407, 35.9258089 ], [ -96.7420092, 35.9258232 ], [ -96.7418945, 35.9258771 ], [ -96.7418139, 35.9259624 ], [ -96.7417799, 35.9260663 ], [ -96.7417975, 35.9261727 ], [ -96.7418641, 35.9262656 ], [ -96.7419695, 35.9263308 ], [ -96.7420977, 35.9263584 ], [ -96.7422292, 35.9263441 ], [ -96.7423439, 35.9262902 ], [ -96.7424245, 35.9262048 ], [ -96.7424585, 35.926101 ], [ -96.7424409, 35.9259946 ], [ -96.7423743, 35.9259017 ], [ -96.7422689, 35.9258365 ], [ -96.7421407, 35.9258089 ] ] ] } },
{ "type": "Feature", "properties": { "tank_id": "osm_way_460925423", "centroid_lon": -96.739095004170565, "centroid_lat": 35.938708425490958, "radius_m": 30.61, "height_m": 14.63, "roof_type": "unknown", "capacity_kbbl": 270.94, "first_seen": null, "last_seen": null, "notes": "OSM footprint, height model=flat" }, "geometry": { "type": "Polygon", "coordinates": [ [ [ -96.7391165, 35.9384337 ], [ -96.738985, 35.938448 ], [ -96.7388703, 35.9385019 ], [ -96.7387897, 35.9385872 ], [ -96.7387557, 35.938691 ], [ -96.7387733, 35.9387975 ], [ -96.7388399, 35.9388904 ], [ -96.7389453, 35.9389556 ], [ -96.7390735, 35.9389831 ], [ -96.739205, 35.9389689 ], [ -96.7393198, 35.9389149 ], [ -96.7394003, 35.9388296 ], [ -96.7394343, 35.9387258 ], [ -96.7394167, 35.9386193 ], [ -96.7393501, 35.9385264 ], [ -96.7392447, 35.9384613 ], [ -96.7391165, 35.9384337 ] ] ] } },
{ "type": "Feature", "properties": { "tank_id": "osm_way_460925424", "centroid_lon": -96.714892083427628, "centroid_lat": 35.940990750482825, "radius_m": 30.2, "height_m": 14.63, "roof_type": "unknown", "capacity_kbbl": 263.676, "first_seen": null, "last_seen": null, "notes": "OSM footprint, height model=flat" }, "geometry": { "type": "Polygon", "coordinates": [ [ [ -96.7149015, 35.9407193 ], [ -96.7147725, 35.9407371 ], [ -96.7146617, 35.9407934 ], [ -96.7145859, 35.9408798 ], [ -96.7145568, 35.9409831 ], [ -96.7145787, 35.9410876 ], [ -96.7146484, 35.9411773 ], [ -96.7147551, 35.9412386 ], [ -96.7148827, 35.9412622 ], [ -96.7150117, 35.9412444 ], [ -96.7151225, 35.9411881 ], [ -96.7151983, 35.9411016 ], [ -96.7152274, 35.9409983 ], [ -96.7152054, 35.9408939 ], [ -96.7151358, 35.9408042 ], [ -96.7150291, 35.9407429 ], [ -96.7149015, 35.9407193 ] ] ] } },
{ "type": "Feature", "properties": { "tank_id": "osm_way_460925425", "centroid_lon": -96.755233865658568, "centroid_lat": 36.018362981039438, "radius_m": 31.02, "height_m": 14.63, "roof_type": "unknown", "capacity_kbbl": 278.095, "first_seen": null, "last_seen": null, "notes": "OSM footprint, height model=flat" }, "geometry": { "type": "Polygon", "coordinates": [ [ [ -96.7553465, 36.0180994 ], [ -96.7552132, 36.0180846 ], [ -96.7550831, 36.0181122 ], [ -96.7549759, 36.0181779 ], [ -96.754908, 36.0182719 ], [ -96.7548897, 36.0183797 ], [ -96.7549238, 36.0184849 ], [ -96.7550051, 36.0185716 ], [ -96.7551212, 36.0186266 ], [ -96.7552545, 36.0186414 ], [ -96.7553846, 36.0186138 ], [ -96.7554918, 36.018548 ], [ -96.7555597, 36.0184541 ], [ -96.755578, 36.0183463 ], [ -96.755544, 36.018241 ], [ -96.7554626, 36.0181543 ], [ -96.7553465, 36.0180994 ] ] ] } },
{ "type": "Feature", "properties": { "tank_id": "osm_way_460925426", "centroid_lon": -96.764541132311393, "centroid_lat": 35.948749407707005, "radius_m": 34.82, "height_m": 14.63, "roof_type": "unknown", "capacity_kbbl": 350.404, "first_seen": null, "last_seen": null, "notes": "OSM footprint, height model=flat" }, "geometry": { "type": "Polygon", "coordinates": [ [ [ -96.7645599, 35.9484367 ], [ -96.7644107, 35.9484547 ], [ -96.7642813, 35.9485176 ], [ -96.7641915, 35.9486157 ], [ -96.7641549, 35.9487342 ], [ -96.7641771, 35.948855 ], [ -96.7642547, 35.9489597 ], [ -96.764376, 35.9490325 ], [ -96.7645224, 35.9490621 ], [ -96.7646716, 35.9490441 ], [ -96.764801, 35.9489812 ], [ -96.7648908, 35.9488831 ], [ -96.7649274, 35.9487646 ], [ -96.7649051, 35.9486438 ], [ -96.7648275, 35.9485391 ], [ -96.7647063, 35.9484663 ], [ -96.7645599, 35.9484367 ] ] ] } },
{ "type": "Feature", "properties": { "tank_id": "osm_way_460925428", "centroid_lon": -96.759678261795443, "centroid_lat": 36.016714194333403, "radius_m": 18.63, "height_m": 14.63, "roof_type": "unknown", "capacity_kbbl": 100.287, "first_seen": null, "last_seen": null, "notes": "OSM footprint, height model=flat" }, "geometry": { "type": "Polygon", "coordinates": [ [ [ -96.7598164, 36.0165894 ], [ -96.7597469, 36.0165562 ], [ -96.7596669, 36.016547 ], [ -96.7595887, 36.0165632 ], [ -96.759524, 36.0166025 ], [ -96.7594829, 36.0166587 ], [ -96.7594715, 36.0167234 ], [ -96.7594916, 36.0167867 ], [ -96.7595401, 36.0168389 ], [ -96.7596097, 36.0168722 ], [ -96.7596897, 36.0168814 ], [ -96.7597679, 36.0168652 ], [ -96.7598325, 36.0168259 ], [ -96.7598736, 36.0167697 ], [ -96.759885, 36.016705 ], [ -96.7598649, 36.0166417 ], [ -96.7598164, 36.0165894 ] ] ] } },
{ "type": "Feature", "properties": { "tank_id": "osm_way_460925429", "centroid_lon": -96.738095885327326, "centroid_lat": 35.936158853270769, "radius_m": 42.27, "height_m": 14.63, "roof_type": "unknown", "capacity_kbbl": 516.5, "first_seen": null, "last_seen": null, "notes": "OSM footprint, height model=flat" }, "geometry": { "type": "Polygon", "coordinates": [ [ [ -96.7380999, 35.9357788 ], [ -96.73792, 35.9358065 ], [ -96.7377668, 35.9358878 ], [ -96.7376638, 35.9360104 ], [ -96.7376265, 35.9361556 ], [ -96.7376607, 35.9363013 ], [ -96.7377611, 35.9364253 ], [ -96.7379125, 35.9365087 ], [ -96.7380919, 35.9365389 ], [ -96.7382718, 35.9365112 ], [ -96.7384249, 35.9364299 ], [ -96.738528, 35.9363073 ], [ -96.7385653, 35.9361621 ], [ -96.7385311, 35.9360164 ], [ -96.7384306, 35.9358924 ], [ -96.7382792, 35.935809 ], [ -96.7380999, 35.9357788 ] ] ] } },
{ "type": "Feature", "properties": { "tank_id": "osm_way_460925430", "centroid_lon": -96.729449777410665, "centroid_lat": 35.958437446308643, "radius_m": 17.76, "height_m": 14.63, "roof_type": "unknown", "capacity_kbbl": 91.208, "first_seen": null, "last_seen": null, "notes": "OSM footprint, height model=flat" }, "geometry": { "type": "Polygon", "coordinates": [ [ [ -96.7294578, 35.9582779 ], [ -96.7293818, 35.9582875 ], [ -96.7293161, 35.95832 ], [ -96.7292707, 35.9583704 ], [ -96.7292526, 35.9584309 ], [ -96.7292646, 35.9584925 ], [ -96.7293047, 35.9585457 ], [ -96.7293669, 35.9585824 ], [ -96.7294417, 35.958597 ], [ -96.7295178, 35.9585874 ], [ -96.7295835, 35.9585549 ], [ -96.7296288, 35.9585045 ], [ -96.7296469, 35.958444 ], [ -96.729635, 35.9583824 ], [ -96.7295949, 35.9583292 ], [ -96.7295327, 35.9582925 ], [ -96.7294578, 35.9582779 ] ] ] } },
{ "type": "Feature", "properties": { "tank_id": "osm_way_460925432", "centroid_lon": -96.738480781603769, "centroid_lat": 35.938024345745355, "radius_m": 30.61, "height_m": 14.63, "roof_type": "unknown", "capacity_kbbl": 270.932, "first_seen": null, "last_seen": null, "notes": "OSM footprint, height model=flat" }, "geometry": { "type": "Polygon", "coordinates": [ [ [ -96.7385022, 35.9377496 ], [ -96.7383708, 35.9377639 ], [ -96.738256, 35.9378178 ], [ -96.7381755, 35.9379032 ], [ -96.7381415, 35.938007 ], [ -96.7381591, 35.9381134 ], [ -96.7382257, 35.9382063 ], [ -96.7383311, 35.9382715 ], [ -96.7384593, 35.9382991 ], [ -96.7385908, 35.9382848 ], [ -96.7387055, 35.9382309 ], [ -96.738786, 35.9381455 ], [ -96.7388201, 35.9380417 ], [ -96.7388025, 35.9379353 ], [ -96.7387359, 35.9378424 ], [ -96.7386304, 35.9377772 ], [ -96.7385022, 35.9377496 ] ] ] } },
{ "type": "Feature", "properties": { "tank_id": "osm_way_460925434", "centroid_lon": -96.757084603799825, "centroid_lat": 36.020506387205465, "radius_m": 31.02, "height_m": 14.63, "roof_type": "unknown", "capacity_kbbl": 278.125, "first_seen": null, "last_seen": null, "notes": "OSM footprint, height model=flat" }, "geometry": { "type": "Polygon", "coordinates": [ [ [ -96.7571972, 36.0202428 ], [ -96.7570639, 36.020228 ], [ -96.7569338, 36.0202556 ], [ -96.7568266, 36.0203213 ], [ -96.7567587, 36.0204153 ], [ -96.7567404, 36.0205231 ], [ -96.7567745, 36.0206283 ], [ -96.7568558, 36.020715 ], [ -96.7569719, 36.02077 ], [ -96.7571052, 36.0207848 ], [ -96.7572354, 36.0207572 ], [ -96.7573426, 36.0206914 ], [ -96.7574105, 36.0205975 ], [ -96.7574288, 36.0204897 ], [ -96.7573947, 36.0203844 ], [ -96.7573134, 36.0202977 ], [ -96.7571972, 36.0202428 ] ] ] } },
{ "type": "Feature", "properties": { "tank_id": "osm_way_460925435", "centroid_lon": -96.747446078222126, "centroid_lat": 35.937307662100082, "radius_m": 19.45, "height_m": 14.63, "roof_type": "unknown", "capacity_kbbl": 109.352, "first_seen": null, "last_seen": null, "notes": "OSM footprint, height model=flat" }, "geometry": { "type": "Polygon", "coordinates": [ [ [ -96.7474514, 35.9371328 ], [ -96.7473684, 35.9371445 ], [ -96.7472972, 35.937181 ], [ -96.7472486, 35.9372368 ], [ -96.7472302, 35.9373033 ], [ -96.7472445, 35.9373706 ], [ -96.7472896, 35.9374282 ], [ -96.7473585, 35.9374675 ], [ -96.7474407, 35.9374825 ], [ -96.7475237, 35.9374708 ], [ -96.747595, 35.9374344 ], [ -96.7476435, 35.9373786 ], [ -96.747662, 35.937312 ], [ -96.7476476, 35.9372448 ], [ -96.7476025, 35.9371871 ], [ -96.7475337, 35.9371478 ], [ -96.7474514, 35.9371328 ] ] ] } },
{ "type": "Feature", "properties": { "tank_id": "osm_way_460925436", "centroid_lon": -96.738046267328443, "centroid_lat": 35.946510693594782, "radius_m": 32.01, "height_m": 14.63, "roof_type": "unknown", "capacity_kbbl": 296.135, "first_seen": null, "last_seen": null, "notes": "OSM footprint, height model=flat" }, "geometry": { "type": "Polygon", "coordinates": [ [ [ -96.7380543, 35.946223 ], [ -96.7379177, 35.9462424 ], [ -96.7378007, 35.9463026 ], [ -96.737721, 35.9463946 ], [ -96.7376909, 35.9465042 ], [ -96.7377148, 35.9466148 ], [ -96.7377893, 35.9467095 ], [ -96.7379028, 35.946774 ], [ -96.7380382, 35.9467984 ], [ -96.7381748, 35.946779 ], [ -96.7382919, 35.9467187 ], [ -96.7383715, 35.9466268 ], [ -96.7384017, 35.9465172 ], [ -96.7383777, 35.9464066 ], [ -96.7383033, 35.9463119 ], [ -96.7381897, 35.9462474 ], [ -96.7380543, 35.946223 ] ] ] } },
{ "type": "Feature", "properties": { "tank_id": "osm_way_460925437", "centroid_lon": -96.741625681608014, "centroid_lat": 35.925358195744394, "radius_m": 30.62, "height_m": 14.63, "roof_type": "unknown", "capacity_kbbl": 271.037, "first_seen": null, "last_seen": null, "notes": "OSM footprint, height model=flat" }, "geometry": { "type": "Polygon", "coordinates": [ [ [ -96.7416471, 35.9250834 ], [ -96.7415157, 35.9250977 ], [ -96.7414009, 35.9251516 ], [ -96.7413204, 35.925237 ], [ -96.7412864, 35.9253408 ], [ -96.741304, 35.9254473 ], [ -96.7413706, 35.9255402 ], [ -96.741476, 35.9256054 ], [ -96.7416042, 35.925633 ], [ -96.7417357, 35.9256187 ], [ -96.7418504, 35.9255648 ], [ -96.7419309, 35.9254794 ], [ -96.741965, 35.9253756 ], [ -96.7419474, 35.9252691 ], [ -96.7418808, 35.9251762 ], [ -96.7417753, 35.925111 ], [ -96.7416471, 35.9250834 ] ] ] } },
{ "type": "Feature", "properties": { "tank_id": "osm_way_460925438", "centroid_lon": -96.745583258331564, "centroid_lat": 35.944000500229613, "radius_m": 30.49, "height_m": 14.63, "roof_type": "unknown", "capacity_kbbl": 268.741, "first_seen": null, "last_seen": null, "notes": "OSM footprint, height model=flat" }, "geometry": { "type": "Polygon", "coordinates": [ [ [ -96.7456047, 35.9437269 ], [ -96.7454738, 35.9437411 ], [ -96.7453595, 35.9437947 ], [ -96.7452793, 35.9438797 ], [ -96.7452453, 35.9439831 ], [ -96.7452628, 35.9440891 ], [ -96.7453291, 35.9441817 ], [ -96.7454341, 35.9442466 ], [ -96.7455618, 35.9442741 ], [ -96.7456928, 35.9442599 ], [ -96.7458071, 35.9442062 ], [ -96.7458873, 35.9441212 ], [ -96.7459212, 35.9440179 ], [ -96.7459037, 35.9439118 ], [ -96.7458374, 35.9438193 ], [ -96.7457324, 35.9437544 ], [ -96.7456047, 35.9437269 ] ] ] } },
{ "type": "Feature", "properties": { "tank_id": "osm_way_460925439", "centroid_lon": -96.746121047459937, "centroid_lat": 35.935431307068754, "radius_m": 23.23, "height_m": 14.63, "roof_type": "unknown", "capacity_kbbl": 155.941, "first_seen": null, "last_seen": null, "notes": "OSM footprint, height model=flat" }, "geometry": { "type": "Polygon", "coordinates": [ [ [ -96.7461358, 35.9352228 ], [ -96.7460361, 35.9352341 ], [ -96.7459494, 35.9352754 ], [ -96.7458888, 35.9353405 ], [ -96.7458636, 35.9354194 ], [ -96.7458775, 35.9355001 ], [ -96.7459286, 35.9355703 ], [ -96.7460089, 35.9356194 ], [ -96.7461063, 35.9356398 ], [ -96.746206, 35.9356285 ], [ -96.7462927, 35.9355872 ], [ -96.7463533, 35.9355221 ], [ -96.7463785, 35.9354433 ], [ -96.7463646, 35.9353626 ], [ -96.7463136, 35.9352923 ], [ -96.7462332, 35.9352433 ], [ -96.7461358, 35.9352228 ] ] ] } },
{ "type": "Feature", "properties": { "tank_id": "osm_way_460925440", "centroid_lon": -96.757657256607061, "centroid_lat": 35.946419479421628, "radius_m": 26.1, "height_m": 14.63, "roof_type": "unknown", "capacity_kbbl": 196.859, "first_seen": null, "last_seen": null, "notes": "OSM footprint, height model=flat" }, "geometry": { "type": "Polygon", "coordinates": [ [ [ -96.7576666, 35.946185 ], [ -96.7575551, 35.9461999 ], [ -96.757459, 35.9462483 ], [ -96.7573932, 35.9463227 ], [ -96.7573676, 35.9464119 ], [ -96.757386, 35.9465022 ], [ -96.7574458, 35.9465799 ], [ -96.7575377, 35.9466332 ], [ -96.7576478, 35.946654 ], [ -96.7577594, 35.9466391 ], [ -96.7578554, 35.9465907 ], [ -96.7579213, 35.9465163 ], [ -96.7579469, 35.9464271 ], [ -96.7579285, 35.9463368 ], [ -96.7578687, 35.946259 ], [ -96.7577768, 35.9462057 ], [ -96.7576666, 35.946185 ] ] ] } },
{ "type": "Feature", "properties": { "tank_id": "osm_way_460925441", "centroid_lon": -96.75142914465637, "centroid_lat": 35.936482432011736, "radius_m": 28.15, "height_m": 14.63, "roof_type": "unknown", "capacity_kbbl": 229.079, "first_seen": null, "last_seen": null, "notes": "OSM footprint, height model=flat" }, "geometry": { "type": "Polygon", "coordinates": [ [ [ -96.7514385, 35.9362294 ], [ -96.7513182, 35.9362458 ], [ -96.7512148, 35.9362982 ], [ -96.751144, 35.9363786 ], [ -96.7511167, 35.9364748 ], [ -96.7511369, 35.9365722 ], [ -96.7512016, 35.936656 ], [ -96.7513009, 35.9367133 ], [ -96.7514198, 35.9367354 ], [ -96.7515401, 35.9367191 ], [ -96.7516435, 35.9366667 ], [ -96.7517142, 35.9365863 ], [ -96.7517416, 35.93649 ], [ -96.7517214, 35.9363926 ], [ -96.7516567, 35.9363089 ], [ -96.7515574, 35.9362516 ], [ -96.7514385, 35.9362294 ] ] ] } },
{ "type": "Feature", "properties": { "tank_id": "osm_way_460925442", "centroid_lon": -96.756118992261491, "centroid_lat": 36.017657917376127, "radius_m": 31.02, "height_m": 14.63, "roof_type": "unknown", "capacity_kbbl": 278.135, "first_seen": null, "last_seen": null, "notes": "OSM footprint, height model=flat" }, "geometry": { "type": "Polygon", "coordinates": [ [ [ -96.7562316, 36.0173943 ], [ -96.7560983, 36.0173795 ], [ -96.7559682, 36.0174071 ], [ -96.755861, 36.0174729 ], [ -96.7557931, 36.0175668 ], [ -96.7557748, 36.0176746 ], [ -96.7558089, 36.0177799 ], [ -96.7558902, 36.0178666 ], [ -96.7560063, 36.0179215 ], [ -96.7561396, 36.0179363 ], [ -96.7562698, 36.0179087 ], [ -96.756377, 36.017843 ], [ -96.7564449, 36.017749 ], [ -96.7564632, 36.0176412 ], [ -96.7564291, 36.017536 ], [ -96.7563478, 36.0174493 ], [ -96.7562316, 36.0173943 ] ] ] } },
{ "type": "Feature", "properties": { "tank_id": "osm_way_460925443", "centroid_lon": -96.766584963166636, "centroid_lat": 35.94850186042185, "radius_m": 34.82, "height_m": 14.63, "roof_type": "unknown", "capacity_kbbl": 350.408, "first_seen": null, "last_seen": null, "notes": "OSM footprint, height model=flat" }, "geometry": { "type": "Polygon", "coordinates": [ [ [ -96.7666037, 35.9481892 ], [ -96.7664545, 35.9482072 ], [ -96.7663251, 35.94827 ], [ -96.7662353, 35.9483682 ], [ -96.7661987, 35.9484867 ], [ -96.7662209, 35.9486075 ], [ -96.7662986, 35.9487122 ], [ -96.7664198, 35.9487849 ], [ -96.7665662, 35.9488145 ], [ -96.7667154, 35.9487966 ], [ -96.7668448, 35.9487337 ], [ -96.7669346, 35.9486356 ], [ -96.7669712, 35.9485171 ], [ -96.766949, 35.9483963 ], [ -96.7668714, 35.9482915 ], [ -96.7667501, 35.9482188 ], [ -96.7666037, 35.9481892 ] ] ] } },
{ "type": "Feature", "properties": { "tank_id": "osm_way_460925444", "centroid_lon": -96.763216121653286, "centroid_lat": 35.945739832357759, "radius_m": 34.82, "height_m": 14.63, "roof_type": "unknown", "capacity_kbbl": 350.43, "first_seen": null, "last_seen": null, "notes": "OSM footprint, height model=flat" }, "geometry": { "type": "Polygon", "coordinates": [ [ [ -96.7632349, 35.9454271 ], [ -96.7630857, 35.9454451 ], [ -96.7629563, 35.945508 ], [ -96.7628665, 35.9456061 ], [ -96.7628299, 35.9457246 ], [ -96.7628521, 35.9458455 ], [ -96.7629297, 35.9459502 ], [ -96.763051, 35.9460229 ], [ -96.7631973, 35.9460525 ], [ -96.7633466, 35.9460345 ], [ -96.763476, 35.9459717 ], [ -96.7635658, 35.9458735 ], [ -96.7636024, 35.945755 ], [ -96.7635801, 35.9456342 ], [ -96.7635025, 35.9455295 ], [ -96.7633813, 35.9454568 ], [ -96.7632349, 35.9454271 ] ] ] } },
{ "type": "Feature", "properties": { "tank_id": "osm_way_460925447", "centroid_lon": -96.741145576375189, "centroid_lat": 35.924641415239499, "radius_m": 30.62, "height_m": 14.63, "roof_type": "unknown", "capacity_kbbl": 271.011, "first_seen": null, "last_seen": null, "notes": "OSM footprint, height model=flat" }, "geometry": { "type": "Polygon", "coordinates": [ [ [ -96.741167, 35.9243667 ], [ -96.7410355, 35.9243809 ], [ -96.7409208, 35.9244349 ], [ -96.7408403, 35.9245202 ], [ -96.7408063, 35.9246241 ], [ -96.7408239, 35.9247305 ], [ -96.7408905, 35.9248234 ], [ -96.7409959, 35.9248886 ], [ -96.7411241, 35.9249162 ], [ -96.7412556, 35.9249019 ], [ -96.7413703, 35.924848 ], [ -96.7414508, 35.9247626 ], [ -96.7414849, 35.9246588 ], [ -96.7414672, 35.9245523 ], [ -96.7414007, 35.9244594 ], [ -96.7412952, 35.9243942 ], [ -96.741167, 35.9243667 ] ] ] } },
{ "type": "Feature", "properties": { "tank_id": "osm_way_460925448", "centroid_lon": -96.736844619519204, "centroid_lat": 35.938990740692496, "radius_m": 30.61, "height_m": 14.63, "roof_type": "unknown", "capacity_kbbl": 270.93, "first_seen": null, "last_seen": null, "notes": "OSM footprint, height model=flat" }, "geometry": { "type": "Polygon", "coordinates": [ [ [ -96.7368661, 35.938716 ], [ -96.7367346, 35.9387303 ], [ -96.7366199, 35.9387842 ], [ -96.7365394, 35.9388695 ], [ -96.7365053, 35.9389734 ], [ -96.7365229, 35.9390798 ], [ -96.7365895, 35.9391727 ], [ -96.736695, 35.9392379 ], [ -96.7368232, 35.9392654 ], [ -96.7369547, 35.9392512 ], [ -96.7370694, 35.9391973 ], [ -96.7371499, 35.9391119 ], [ -96.7371839, 35.9390081 ], [ -96.7371663, 35.9389016 ], [ -96.7370997, 35.9388088 ], [ -96.7369943, 35.9387436 ], [ -96.7368661, 35.938716 ] ] ] } },
{ "type": "Feature", "properties": { "tank_id": "osm_way_460925449", "centroid_lon": -96.751543154943164, "centroid_lat": 36.006082961157119, "radius_m": 31.02, "height_m": 14.63, "roof_type": "unknown", "capacity_kbbl": 278.181, "first_seen": null, "last_seen": null, "notes": "OSM footprint, height model=flat" }, "geometry": { "type": "Polygon", "coordinates": [ [ [ -96.7515525, 36.0058041 ], [ -96.7514199, 36.0058225 ], [ -96.7513061, 36.0058804 ], [ -96.7512283, 36.0059692 ], [ -96.7511985, 36.0060754 ], [ -96.7512211, 36.0061826 ], [ -96.7512928, 36.0062747 ], [ -96.7514026, 36.0063376 ], [ -96.7515337, 36.0063618 ], [ -96.7516664, 36.0063435 ], [ -96.7517802, 36.0062855 ], [ -96.751858, 36.0061967 ], [ -96.7518878, 36.0060906 ], [ -96.7518652, 36.0059833 ], [ -96.7517935, 36.0058912 ], [ -96.7516837, 36.0058283 ], [ -96.7515525, 36.0058041 ] ] ] } },
{ "type": "Feature", "properties": { "tank_id": "osm_way_460925450", "centroid_lon": -96.735983630457298, "centroid_lat": 35.939457637751296, "radius_m": 30.61, "height_m": 14.63, "roof_type": "unknown", "capacity_kbbl": 270.919, "first_seen": null, "last_seen": null, "notes": "OSM footprint, height model=flat" }, "geometry": { "type": "Polygon", "coordinates": [ [ [ -96.7360051, 35.9391829 ], [ -96.7358736, 35.9391972 ], [ -96.7357589, 35.9392511 ], [ -96.7356784, 35.9393364 ], [ -96.7356443, 35.9394403 ], [ -96.735662, 35.9395467 ], [ -96.7357285, 35.9396396 ], [ -96.735834, 35.9397048 ], [ -96.7359622, 35.9397323 ], [ -96.7360937, 35.9397181 ], [ -96.7362084, 35.9396642 ], [ -96.7362889, 35.9395788 ], [ -96.7363229, 35.939475 ], [ -96.7363053, 35.9393685 ], [ -96.7362387, 35.9392757 ], [ -96.7361333, 35.9392105 ], [ -96.7360051, 35.9391829 ] ] ] } },
{ "type": "Feature", "properties": { "tank_id": "osm_way_460925451", "centroid_lon": -96.753668798602149, "centroid_lat": 36.001767140800439, "radius_m": 28.01, "height_m": 14.63, "roof_type": "unknown", "capacity_kbbl": 226.871, "first_seen": null, "last_seen": null, "notes": "OSM footprint, height model=flat" }, "geometry": { "type": "Polygon", "coordinates": [ [ [ -96.7536809, 36.0015154 ], [ -96.7535609, 36.0015309 ], [ -96.7534573, 36.0015823 ], [ -96.753386, 36.0016618 ], [ -96.7533577, 36.0017574 ], [ -96.7533767, 36.0018544 ], [ -96.7534402, 36.0019382 ], [ -96.7535386, 36.001996 ], [ -96.7536567, 36.0020188 ], [ -96.7537767, 36.0020034 ], [ -96.7538803, 36.001952 ], [ -96.7539516, 36.0018725 ], [ -96.7539799, 36.0017769 ], [ -96.7539609, 36.0016798 ], [ -96.7538973, 36.0015961 ], [ -96.753799, 36.0015383 ], [ -96.7536809, 36.0015154 ] ] ] } },
{ "type": "Feature", "properties": { "tank_id": "osm_way_460925452", "centroid_lon": -96.756167294254638, "centroid_lat": 36.019796978664949, "radius_m": 31.02, "height_m": 14.63, "roof_type": "unknown", "capacity_kbbl": 278.116, "first_seen": null, "last_seen": null, "notes": "OSM footprint, height model=flat" }, "geometry": { "type": "Polygon", "coordinates": [ [ [ -96.7562799, 36.0195334 ], [ -96.7561466, 36.0195186 ], [ -96.7560165, 36.0195462 ], [ -96.7559093, 36.0196119 ], [ -96.7558414, 36.0197059 ], [ -96.7558231, 36.0198137 ], [ -96.7558572, 36.0199189 ], [ -96.7559385, 36.0200056 ], [ -96.7560546, 36.0200606 ], [ -96.7561879, 36.0200754 ], [ -96.756318, 36.0200478 ], [ -96.7564252, 36.019982 ], [ -96.7564932, 36.0198881 ], [ -96.7565115, 36.0197803 ], [ -96.7564774, 36.019675 ], [ -96.7563961, 36.0195883 ], [ -96.7562799, 36.0195334 ] ] ] } },
{ "type": "Feature", "properties": { "tank_id": "osm_way_460925454", "centroid_lon": -96.757068498391689, "centroid_lat": 36.0176557528629, "radius_m": 31.02, "height_m": 14.63, "roof_type": "unknown", "capacity_kbbl": 278.125, "first_seen": null, "last_seen": null, "notes": "OSM footprint, height model=flat" }, "geometry": { "type": "Polygon", "coordinates": [ [ [ -96.7571811, 36.0173922 ], [ -96.7570479, 36.0173774 ], [ -96.7569177, 36.0174049 ], [ -96.7568105, 36.0174707 ], [ -96.7567426, 36.0175646 ], [ -96.7567243, 36.0176724 ], [ -96.7567584, 36.0177777 ], [ -96.7568397, 36.0178644 ], [ -96.7569558, 36.0179193 ], [ -96.7570891, 36.0179341 ], [ -96.7572193, 36.0179066 ], [ -96.7573265, 36.0178408 ], [ -96.7573944, 36.0177469 ], [ -96.7574127, 36.0176391 ], [ -96.7573786, 36.0175338 ], [ -96.7572973, 36.0174471 ], [ -96.7571811, 36.0173922 ] ] ] } },
{ "type": "Feature", "properties": { "tank_id": "osm_way_460925455", "centroid_lon": -96.717554172655113, "centroid_lat": 35.957193398035308, "radius_m": 17.76, "height_m": 14.63, "roof_type": "unknown", "capacity_kbbl": 91.197, "first_seen": null, "last_seen": null, "notes": "OSM footprint, height model=flat" }, "geometry": { "type": "Polygon", "coordinates": [ [ [ -96.7175622, 35.9570338 ], [ -96.7174862, 35.9570435 ], [ -96.7174205, 35.957076 ], [ -96.7173751, 35.9571263 ], [ -96.717357, 35.9571869 ], [ -96.717369, 35.9572485 ], [ -96.7174091, 35.9573016 ], [ -96.7174713, 35.9573383 ], [ -96.7175461, 35.957353 ], [ -96.7176222, 35.9573433 ], [ -96.7176879, 35.9573108 ], [ -96.7177332, 35.9572605 ], [ -96.7177513, 35.9571999 ], [ -96.7177394, 35.9571384 ], [ -96.7176993, 35.9570852 ], [ -96.7176371, 35.9570485 ], [ -96.7175622, 35.9570338 ] ] ] } },
{ "type": "Feature", "properties": { "tank_id": "osm_way_460925456", "centroid_lon": -96.758887048354808, "centroid_lat": 35.949874146944282, "radius_m": 18.38, "height_m": 14.63, "roof_type": "unknown", "capacity_kbbl": 97.653, "first_seen": null, "last_seen": null, "notes": "OSM footprint, height model=flat" }, "geometry": { "type": "Polygon", "coordinates": [ [ [ -96.7588978, 35.9497091 ], [ -96.7588189, 35.9497184 ], [ -96.7587505, 35.9497513 ], [ -96.7587028, 35.949803 ], [ -96.7586832, 35.9498655 ], [ -96.7586946, 35.9499293 ], [ -96.7587353, 35.9499847 ], [ -96.7587991, 35.9500233 ], [ -96.7588763, 35.9500392 ], [ -96.7589551, 35.9500299 ], [ -96.7590236, 35.949997 ], [ -96.7590713, 35.9499453 ], [ -96.7590909, 35.9498828 ], [ -96.7590795, 35.949819 ], [ -96.7590388, 35.9497636 ], [ -96.758975, 35.949725 ], [ -96.7588978, 35.9497091 ] ] ] } },
{ "type": "Feature", "properties": { "tank_id": "osm_way_460925457", "centroid_lon": -96.755228498391688, "centroid_lat": 36.01979265286289, "radius_m": 31.02, "height_m": 14.63, "roof_type": "unknown", "capacity_kbbl": 278.118, "first_seen": null, "last_seen": null, "notes": "OSM footprint, height model=flat" }, "geometry": { "type": "Polygon", "coordinates": [ [ [ -96.7553411, 36.0195291 ], [ -96.7552079, 36.0195143 ], [ -96.7550777, 36.0195418 ], [ -96.7549705, 36.0196076 ], [ -96.7549026, 36.0197015 ], [ -96.7548843, 36.0198093 ], [ -96.7549184, 36.0199146 ], [ -96.7549997, 36.0200013 ], [ -96.7551158, 36.0200562 ], [ -96.7552491, 36.020071 ], [ -96.7553793, 36.0200435 ], [ -96.7554865, 36.0199777 ], [ -96.7555544, 36.0198838 ], [ -96.7555727, 36.019776 ], [ -96.7555386, 36.0196707 ], [ -96.7554573, 36.019584 ], [ -96.7553411, 36.0195291 ] ] ] } },
{ "type": "Feature", "properties": { "tank_id": "osm_way_460925458", "centroid_lon": -96.74743265782584, "centroid_lat": 35.936832060631573, "radius_m": 19.45, "height_m": 14.63, "roof_type": "unknown", "capacity_kbbl": 109.352, "first_seen": null, "last_seen": null, "notes": "OSM footprint, height model=flat" }, "geometry": { "type": "Polygon", "coordinates": [ [ [ -96.747438, 35.9366572 ], [ -96.747355, 35.9366689 ], [ -96.7472838, 35.9367054 ], [ -96.7472352, 35.9367612 ], [ -96.7472167, 35.9368277 ], [ -96.7472311, 35.936895 ], [ -96.7472762, 35.9369526 ], [ -96.7473451, 35.9369919 ], [ -96.7474273, 35.9370069 ], [ -96.7475103, 35.9369952 ], [ -96.7475815, 35.9369588 ], [ -96.7476301, 35.936903 ], [ -96.7476486, 35.9368364 ], [ -96.7476342, 35.9367692 ], [ -96.7475891, 35.9367115 ], [ -96.7475202, 35.9366722 ], [ -96.747438, 35.9366572 ] ] ] } },
{ "type": "Feature", "properties": { "tank_id": "osm_way_460925459", "centroid_lon": -96.766552767970495, "centroid_lat": 35.945644279079609, "radius_m": 34.82, "height_m": 14.63, "roof_type": "unknown", "capacity_kbbl": 350.437, "first_seen": null, "last_seen": null, "notes": "OSM footprint, height model=flat" }, "geometry": { "type": "Polygon", "coordinates": [ [ [ -96.7665716, 35.9453316 ], [ -96.7664223, 35.9453496 ], [ -96.7662929, 35.9454124 ], [ -96.7662031, 35.9455106 ], [ -96.7661665, 35.9456291 ], [ -96.7661888, 35.9457499 ], [ -96.7662664, 35.9458546 ], [ -96.7663876, 35.9459274 ], [ -96.766534, 35.945957 ], [ -96.7666832, 35.945939 ], [ -96.7668126, 35.9458761 ], [ -96.7669024, 35.945778 ], [ -96.766939, 35.9456595 ], [ -96.7669168, 35.9455387 ], [ -96.7668392, 35.9454339 ], [ -96.7667179, 35.9453612 ], [ -96.7665716, 35.9453316 ] ] ] } },
{ "type": "Feature", "properties": { "tank_id": "osm_way_460925460", "centroid_lon": -96.741463386882032, "centroid_lat": 35.945880990188158, "radius_m": 41.38, "height_m": 14.63, "roof_type": "unknown", "capacity_kbbl": 495.07, "first_seen": null, "last_seen": null, "notes": "OSM footprint, height model=flat" }, "geometry": { "type": "Polygon", "coordinates": [ [ [ -96.7414929, 35.9455097 ], [ -96.7413151, 35.9455288 ], [ -96.7411599, 35.9456015 ], [ -96.7410509, 35.9457168 ], [ -96.7410047, 35.9458571 ], [ -96.7410284, 35.946001 ], [ -96.7411182, 35.9461267 ], [ -96.7412606, 35.9462149 ], [ -96.7414339, 35.9462523 ], [ -96.7416117, 35.9462332 ], [ -96.7417669, 35.9461604 ], [ -96.7418759, 35.9460451 ], [ -96.7419221, 35.9459049 ], [ -96.7418984, 35.945761 ], [ -96.7418086, 35.9456353 ], [ -96.7416662, 35.9455471 ], [ -96.7414929, 35.9455097 ] ] ] } },
{ "type": "Feature", "properties": { "tank_id": "osm_way_460925461", "centroid_lon": -96.757064482717993, "centroid_lat": 36.01695770883952, "radius_m": 31.02, "height_m": 14.63, "roof_type": "unknown", "capacity_kbbl": 278.125, "first_seen": null, "last_seen": null, "notes": "OSM footprint, height model=flat" }, "geometry": { "type": "Polygon", "coordinates": [ [ [ -96.7571771, 36.0166941 ], [ -96.7570438, 36.0166793 ], [ -96.7569137, 36.0167069 ], [ -96.7568065, 36.0167727 ], [ -96.7567386, 36.0168666 ], [ -96.7567203, 36.0169744 ], [ -96.7567544, 36.0170797 ], [ -96.7568357, 36.0171664 ], [ -96.7569518, 36.0172213 ], [ -96.7570851, 36.0172361 ], [ -96.7572152, 36.0172085 ], [ -96.7573224, 36.0171428 ], [ -96.7573904, 36.0170488 ], [ -96.7574087, 36.016941 ], [ -96.7573746, 36.0168358 ], [ -96.7572933, 36.0167491 ], [ -96.7571771, 36.0166941 ] ] ] } },
{ "type": "Feature", "properties": { "tank_id": "osm_way_460925463", "centroid_lon": -96.743591729366685, "centroid_lat": 35.925353862184217, "radius_m": 30.62, "height_m": 14.63, "roof_type": "unknown", "capacity_kbbl": 270.981, "first_seen": null, "last_seen": null, "notes": "OSM footprint, height model=flat" }, "geometry": { "type": "Polygon", "coordinates": [ [ [ -96.7436132, 35.9250791 ], [ -96.7434817, 35.9250934 ], [ -96.743367, 35.9251473 ], [ -96.7432865, 35.9252327 ], [ -96.7432524, 35.9253365 ], [ -96.7432701, 35.9254429 ], [ -96.7433366, 35.9255359 ], [ -96.7434421, 35.925601 ], [ -96.7435703, 35.9256286 ], [ -96.7437018, 35.9256143 ], [ -96.7438165, 35.9255604 ], [ -96.743897, 35.9254751 ], [ -96.743931, 35.9253712 ], [ -96.7439134, 35.9252648 ], [ -96.7438468, 35.9251719 ], [ -96.7437414, 35.9251067 ], [ -96.7436132, 35.9250791 ] ] ] } },
{ "type": "Feature", "properties": { "tank_id": "osm_way_460925464", "centroid_lon": -96.752666969728466, "centroid_lat": 35.93957703959525, "radius_m": 15.7, "height_m": 14.63, "roof_type": "unknown", "capacity_kbbl": 71.25, "first_seen": null, "last_seen": null, "notes": "OSM footprint, height model=flat" }, "geometry": { "type": "Polygon", "coordinates": [ [ [ -96.7526656, 35.9394359 ], [ -96.752599, 35.939447 ], [ -96.7525428, 35.939478 ], [ -96.7525054, 35.939524 ], [ -96.7524926, 35.9395781 ], [ -96.7525064, 35.9396321 ], [ -96.7525447, 35.9396776 ], [ -96.7526015, 35.9397079 ], [ -96.7526683, 35.9397182 ], [ -96.7527349, 35.939707 ], [ -96.7527912, 35.9396761 ], [ -96.7528286, 35.9396301 ], [ -96.7528413, 35.939576 ], [ -96.7528275, 35.939522 ], [ -96.7527893, 35.9394765 ], [ -96.7527325, 35.9394462 ], [ -96.7526656, 35.9394359 ] ] ] } },
{ "type": "Feature", "properties": { "tank_id": "osm_way_460925465", "centroid_lon": -96.751628950300201, "centroid_lat": 36.005377799640669, "radius_m": 31.02, "height_m": 14.63, "roof_type": "unknown", "capacity_kbbl": 278.181, "first_seen": null, "last_seen": null, "notes": "OSM footprint, height model=flat" }, "geometry": { "type": "Polygon", "coordinates": [ [ [ -96.7516384, 36.005099 ], [ -96.7515057, 36.0051173 ], [ -96.7513919, 36.0051753 ], [ -96.7513141, 36.0052641 ], [ -96.7512843, 36.0053702 ], [ -96.7513069, 36.0054775 ], [ -96.7513786, 36.0055696 ], [ -96.7514884, 36.0056325 ], [ -96.7516196, 36.0056566 ], [ -96.7517522, 36.0056383 ], [ -96.751866, 36.0055803 ], [ -96.7519438, 36.0054915 ], [ -96.7519736, 36.0053854 ], [ -96.751951, 36.0052781 ], [ -96.7518793, 36.005186 ], [ -96.7517695, 36.0051231 ], [ -96.7516384, 36.005099 ] ] ] } },
{ "type": "Feature", "properties": { "tank_id": "osm_way_460925466", "centroid_lon": -96.751514992804317, "centroid_lat": 35.935611567822555, "radius_m": 28.15, "height_m": 14.63, "roof_type": "unknown", "capacity_kbbl": 229.097, "first_seen": null, "last_seen": null, "notes": "OSM footprint, height model=flat" }, "geometry": { "type": "Polygon", "coordinates": [ [ [ -96.7515244, 35.9353586 ], [ -96.7514041, 35.9353749 ], [ -96.7513007, 35.9354273 ], [ -96.7512299, 35.9355077 ], [ -96.7512025, 35.935604 ], [ -96.7512227, 35.9357014 ], [ -96.7512874, 35.9357851 ], [ -96.7513867, 35.9358424 ], [ -96.7515056, 35.9358646 ], [ -96.7516259, 35.9358482 ], [ -96.7517293, 35.9357958 ], [ -96.7518001, 35.9357154 ], [ -96.7518275, 35.9356192 ], [ -96.7518073, 35.9355218 ], [ -96.7517426, 35.935438 ], [ -96.7516432, 35.9353807 ], [ -96.7515244, 35.9353586 ] ] ] } },
{ "type": "Feature", "properties": { "tank_id": "osm_way_460925468", "centroid_lon": -96.757173107644419, "centroid_lat": 35.947283706803205, "radius_m": 21.02, "height_m": 14.63, "roof_type": "unknown", "capacity_kbbl": 127.674, "first_seen": null, "last_seen": null, "notes": "OSM footprint, height model=flat" }, "geometry": { "type": "Polygon", "coordinates": [ [ [ -96.7571785, 35.9470948 ], [ -96.7570888, 35.9471075 ], [ -96.7570119, 35.9471471 ], [ -96.7569596, 35.9472074 ], [ -96.7569397, 35.9472794 ], [ -96.7569555, 35.947352 ], [ -96.7570043, 35.9474142 ], [ -96.7570788, 35.9474566 ], [ -96.7571677, 35.9474726 ], [ -96.7572574, 35.9474599 ], [ -96.7573343, 35.9474204 ], [ -96.7573866, 35.94736 ], [ -96.7574065, 35.9472881 ], [ -96.7573907, 35.9472154 ], [ -96.7573419, 35.9471532 ], [ -96.7572674, 35.9471108 ], [ -96.7571785, 35.9470948 ] ] ] } },
{ "type": "Feature", "properties": { "tank_id": "osm_way_460925469", "centroid_lon": -96.718435271226937, "centroid_lat": 35.941396833226733, "radius_m": 30.2, "height_m": 14.63, "roof_type": "unknown", "capacity_kbbl": 263.676, "first_seen": null, "last_seen": null, "notes": "OSM footprint, height model=flat" }, "geometry": { "type": "Polygon", "coordinates": [ [ [ -96.7184447, 35.9411254 ], [ -96.7183157, 35.9411431 ], [ -96.7182049, 35.9411995 ], [ -96.7181291, 35.9412859 ], [ -96.7181, 35.9413892 ], [ -96.7181219, 35.9414937 ], [ -96.7181916, 35.9415834 ], [ -96.7182983, 35.9416447 ], [ -96.7184259, 35.9416683 ], [ -96.7185549, 35.9416505 ], [ -96.7186657, 35.9415941 ], [ -96.7187415, 35.9415077 ], [ -96.7187706, 35.9414044 ], [ -96.7187486, 35.9413 ], [ -96.718679, 35.9412103 ], [ -96.7185723, 35.941149 ], [ -96.7184447, 35.9411254 ] ] ] } },
{ "type": "Feature", "properties": { "tank_id": "osm_way_460925470", "centroid_lon": -96.753808262369319, "centroid_lat": 36.004534806757235, "radius_m": 16.77, "height_m": 14.63, "roof_type": "unknown", "capacity_kbbl": 81.318, "first_seen": null, "last_seen": null, "notes": "OSM footprint, height model=flat" }, "geometry": { "type": "Polygon", "coordinates": [ [ [ -96.7538096, 36.004384 ], [ -96.7537382, 36.0043951 ], [ -96.7536774, 36.0044274 ], [ -96.7536366, 36.0044761 ], [ -96.7536218, 36.0045337 ], [ -96.7536355, 36.0045915 ], [ -96.7536755, 36.0046407 ], [ -96.7537357, 36.0046737 ], [ -96.7538069, 36.0046856 ], [ -96.7538784, 36.0046745 ], [ -96.7539391, 36.0046422 ], [ -96.75398, 36.0045935 ], [ -96.7539947, 36.0045359 ], [ -96.753981, 36.0044781 ], [ -96.753941, 36.0044289 ], [ -96.7538808, 36.0043959 ], [ -96.7538096, 36.004384 ] ] ] } },
{ "type": "Feature", "properties": { "tank_id": "osm_way_460925471", "centroid_lon": -96.75434604999181, "centroid_lat": 35.944636749968197, "radius_m": 17.63, "height_m": 14.63, "roof_type": "unknown", "capacity_kbbl": 89.879, "first_seen": null, "last_seen": null, "notes": "OSM footprint, height model=flat" }, "geometry": { "type": "Polygon", "coordinates": [ [ [ -96.7543487, 35.9444782 ], [ -96.7542736, 35.9444895 ], [ -96.7542095, 35.9445231 ], [ -96.7541662, 35.9445741 ], [ -96.7541502, 35.9446346 ], [ -96.7541641, 35.9446954 ], [ -96.7542057, 35.9447473 ], [ -96.7542686, 35.9447824 ], [ -96.7543434, 35.9447953 ], [ -96.7544185, 35.944784 ], [ -96.7544826, 35.9447504 ], [ -96.7545259, 35.9446994 ], [ -96.7545419, 35.9446389 ], [ -96.754528, 35.9445781 ], [ -96.7544864, 35.9445262 ], [ -96.7544235, 35.9444911 ], [ -96.7543487, 35.9444782 ] ] ] } },
{ "type": "Feature", "properties": { "tank_id": "osm_way_460925472", "centroid_lon": -96.742961410699579, "centroid_lat": 35.937251196745848, "radius_m": 31.42, "height_m": 14.63, "roof_type": "unknown", "capacity_kbbl": 285.33, "first_seen": null, "last_seen": null, "notes": "OSM footprint, height model=flat" }, "geometry": { "type": "Polygon", "coordinates": [ [ [ -96.7429735, 35.9369689 ], [ -96.7428391, 35.9369866 ], [ -96.7427234, 35.9370447 ], [ -96.7426439, 35.9371341 ], [ -96.7426127, 35.9372414 ], [ -96.7426347, 35.9373502 ], [ -96.7427063, 35.9374439 ], [ -96.7428168, 35.9375083 ], [ -96.7429493, 35.9375335 ], [ -96.7430837, 35.9375158 ], [ -96.7431994, 35.9374577 ], [ -96.7432789, 35.9373683 ], [ -96.7433101, 35.937261 ], [ -96.7432882, 35.9371522 ], [ -96.7432165, 35.9370585 ], [ -96.743106, 35.9369941 ], [ -96.7429735, 35.9369689 ] ] ] } },
{ "type": "Feature", "properties": { "tank_id": "osm_way_460925473", "centroid_lon": -96.752552989373171, "centroid_lat": 35.932023796531418, "radius_m": 35.39, "height_m": 14.63, "roof_type": "unknown", "capacity_kbbl": 362.122, "first_seen": null, "last_seen": null, "notes": "OSM footprint, height model=flat" }, "geometry": { "type": "Polygon", "coordinates": [ [ [ -96.752561, 35.9317056 ], [ -96.7524101, 35.9317274 ], [ -96.7522808, 35.9317942 ], [ -96.752193, 35.931896 ], [ -96.7521601, 35.9320173 ], [ -96.7521869, 35.9321395 ], [ -96.7522695, 35.9322442 ], [ -96.7523952, 35.9323153 ], [ -96.7525449, 35.932342 ], [ -96.7526959, 35.9323202 ], [ -96.7528252, 35.9322534 ], [ -96.7529129, 35.9321516 ], [ -96.7529459, 35.9320303 ], [ -96.7529191, 35.9319081 ], [ -96.7528365, 35.9318034 ], [ -96.7527108, 35.9317323 ], [ -96.752561, 35.9317056 ] ] ] } },
{ "type": "Feature", "properties": { "tank_id": "osm_way_460925475", "centroid_lon": -96.758903143148757, "centroid_lat": 35.950946791313598, "radius_m": 18.38, "height_m": 14.63, "roof_type": "unknown", "capacity_kbbl": 97.632, "first_seen": null, "last_seen": null, "notes": "OSM footprint, height model=flat" }, "geometry": { "type": "Polygon", "coordinates": [ [ [ -96.7589139, 35.9507818 ], [ -96.758835, 35.950791 ], [ -96.7587666, 35.950824 ], [ -96.7587189, 35.9508756 ], [ -96.7586993, 35.9509381 ], [ -96.7587107, 35.9510019 ], [ -96.7587514, 35.9510573 ], [ -96.7588152, 35.9510959 ], [ -96.7588924, 35.9511118 ], [ -96.7589712, 35.9511026 ], [ -96.7590397, 35.9510696 ], [ -96.7590873, 35.951018 ], [ -96.759107, 35.9509555 ], [ -96.7590956, 35.9508917 ], [ -96.7590549, 35.9508362 ], [ -96.758991, 35.9507977 ], [ -96.7589139, 35.9507818 ] ] ] } },
{ "type": "Feature", "properties": { "tank_id": "osm_way_460925476", "centroid_lon": -96.759600499991038, "centroid_lat": 35.958485199965409, "radius_m": 18.37, "height_m": 14.63, "roof_type": "unknown", "capacity_kbbl": 97.606, "first_seen": null, "last_seen": null, "notes": "OSM footprint, height model=flat" }, "geometry": { "type": "Polygon", "coordinates": [ [ [ -96.7596112, 35.9583202 ], [ -96.7595324, 35.9583294 ], [ -96.7594639, 35.9583624 ], [ -96.7594163, 35.958414 ], [ -96.7593967, 35.9584765 ], [ -96.7594081, 35.9585403 ], [ -96.7594488, 35.9585957 ], [ -96.7595126, 35.9586343 ], [ -96.7595898, 35.9586502 ], [ -96.7596686, 35.958641 ], [ -96.7597371, 35.958608 ], [ -96.7597847, 35.9585564 ], [ -96.7598043, 35.9584939 ], [ -96.7597929, 35.9584301 ], [ -96.7597522, 35.9583747 ], [ -96.7596884, 35.9583361 ], [ -96.7596112, 35.9583202 ] ] ] } },
{ "type": "Feature", "properties": { "tank_id": "osm_way_460925477", "centroid_lon": -96.752248539632063, "centroid_lat": 35.941312137604392, "radius_m": 15.7, "height_m": 14.63, "roof_type": "unknown", "capacity_kbbl": 71.246, "first_seen": null, "last_seen": null, "notes": "OSM footprint, height model=flat" }, "geometry": { "type": "Polygon", "coordinates": [ [ [ -96.7522472, 35.941171 ], [ -96.7521806, 35.9411821 ], [ -96.7521243, 35.9412131 ], [ -96.752087, 35.9412591 ], [ -96.7520742, 35.9413132 ], [ -96.752088, 35.9413672 ], [ -96.7521262, 35.9414127 ], [ -96.7521831, 35.941443 ], [ -96.7522499, 35.9414533 ], [ -96.7523165, 35.9414421 ], [ -96.7523728, 35.9414112 ], [ -96.7524101, 35.9413651 ], [ -96.7524229, 35.9413111 ], [ -96.7524091, 35.9412571 ], [ -96.7523709, 35.9412116 ], [ -96.752314, 35.9411813 ], [ -96.7522472, 35.941171 ] ] ] } },
{ "type": "Feature", "properties": { "tank_id": "osm_way_460925478", "centroid_lon": -96.753274504535909, "centroid_lat": 35.933007649886179, "radius_m": 30.62, "height_m": 14.63, "roof_type": "unknown", "capacity_kbbl": 270.968, "first_seen": null, "last_seen": null, "notes": "OSM footprint, height model=flat" }, "geometry": { "type": "Polygon", "coordinates": [ [ [ -96.753296, 35.9327329 ], [ -96.7531645, 35.9327472 ], [ -96.7530498, 35.9328011 ], [ -96.7529692, 35.9328864 ], [ -96.7529352, 35.9329903 ], [ -96.7529528, 35.9330967 ], [ -96.7530194, 35.9331896 ], [ -96.7531248, 35.9332548 ], [ -96.7532531, 35.9332824 ], [ -96.7533845, 35.9332681 ], [ -96.7534993, 35.9332142 ], [ -96.7535798, 35.9331288 ], [ -96.7536138, 35.933025 ], [ -96.7535962, 35.9329185 ], [ -96.7535296, 35.9328257 ], [ -96.7534242, 35.9327605 ], [ -96.753296, 35.9327329 ] ] ] } },
{ "type": "Feature", "properties": { "tank_id": "osm_way_460925479", "centroid_lon": -96.756129700318311, "centroid_lat": 36.019076713606289, "radius_m": 31.02, "height_m": 14.63, "roof_type": "unknown", "capacity_kbbl": 278.134, "first_seen": null, "last_seen": null, "notes": "OSM footprint, height model=flat" }, "geometry": { "type": "Polygon", "coordinates": [ [ [ -96.7562424, 36.0188131 ], [ -96.7561091, 36.0187983 ], [ -96.7559789, 36.0188259 ], [ -96.7558717, 36.0188917 ], [ -96.7558038, 36.0189856 ], [ -96.7557855, 36.0190934 ], [ -96.7558196, 36.0191987 ], [ -96.7559009, 36.0192854 ], [ -96.7560171, 36.0193403 ], [ -96.7561503, 36.0193551 ], [ -96.7562805, 36.0193275 ], [ -96.7563877, 36.0192618 ], [ -96.7564556, 36.0191679 ], [ -96.7564739, 36.01906 ], [ -96.7564398, 36.0189548 ], [ -96.7563585, 36.0188681 ], [ -96.7562424, 36.0188131 ] ] ] } },
{ "type": "Feature", "properties": { "tank_id": "osm_way_460925480", "centroid_lon": -96.763677449968085, "centroid_lat": 35.942795299876032, "radius_m": 34.82, "height_m": 14.63, "roof_type": "unknown", "capacity_kbbl": 350.472, "first_seen": null, "last_seen": null, "notes": "OSM footprint, height model=flat" }, "geometry": { "type": "Polygon", "coordinates": [ [ [ -96.7636962, 35.9424826 ], [ -96.763547, 35.9425006 ], [ -96.7634176, 35.9425634 ], [ -96.7633278, 35.9426616 ], [ -96.7632912, 35.9427801 ], [ -96.7633134, 35.9429009 ], [ -96.7633911, 35.9430057 ], [ -96.7635123, 35.9430784 ], [ -96.7636587, 35.943108 ], [ -96.7638079, 35.94309 ], [ -96.7639373, 35.9430272 ], [ -96.7640271, 35.942929 ], [ -96.7640637, 35.9428105 ], [ -96.7640415, 35.9426897 ], [ -96.7639638, 35.9425849 ], [ -96.7638426, 35.9425122 ], [ -96.7636962, 35.9424826 ] ] ] } },
{ "type": "Feature", "properties": { "tank_id": "osm_way_460925482", "centroid_lon": -96.744136218342177, "centroid_lat": 35.924628404063924, "radius_m": 30.62, "height_m": 14.63, "roof_type": "unknown", "capacity_kbbl": 271.038, "first_seen": null, "last_seen": null, "notes": "OSM footprint, height model=flat" }, "geometry": { "type": "Polygon", "coordinates": [ [ [ -96.7441577, 35.9243536 ], [ -96.7440262, 35.9243679 ], [ -96.7439115, 35.9244218 ], [ -96.743831, 35.9245072 ], [ -96.7437969, 35.924611 ], [ -96.7438145, 35.9247175 ], [ -96.7438811, 35.9248104 ], [ -96.7439866, 35.9248756 ], [ -96.7441148, 35.9249032 ], [ -96.7442462, 35.9248889 ], [ -96.744361, 35.924835 ], [ -96.7444415, 35.9247496 ], [ -96.7444755, 35.9246458 ], [ -96.7444579, 35.9245393 ], [ -96.7443913, 35.9244464 ], [ -96.7442859, 35.9243812 ], [ -96.7441577, 35.9243536 ] ] ] } },
{ "type": "Feature", "properties": { "tank_id": "osm_way_460925483", "centroid_lon": -96.752406811443663, "centroid_lat": 36.00609815577927, "radius_m": 31.02, "height_m": 14.63, "roof_type": "unknown", "capacity_kbbl": 278.179, "first_seen": null, "last_seen": null, "notes": "OSM footprint, height model=flat" }, "geometry": { "type": "Polygon", "coordinates": [ [ [ -96.7524162, 36.0058193 ], [ -96.7522836, 36.0058377 ], [ -96.7521697, 36.0058956 ], [ -96.752092, 36.0059844 ], [ -96.7520621, 36.0060906 ], [ -96.7520848, 36.0061978 ], [ -96.7521565, 36.0062899 ], [ -96.7522662, 36.0063528 ], [ -96.7523974, 36.006377 ], [ -96.75253, 36.0063587 ], [ -96.7526439, 36.0063007 ], [ -96.7527216, 36.0062119 ], [ -96.7527515, 36.0061057 ], [ -96.7527288, 36.0059985 ], [ -96.7526572, 36.0059064 ], [ -96.7525474, 36.0058435 ], [ -96.7524162, 36.0058193 ] ] ] } },
{ "type": "Feature", "properties": { "tank_id": "osm_way_460925484", "centroid_lon": -96.756329560459776, "centroid_lat": 35.926743912391075, "radius_m": 29.48, "height_m": 14.63, "roof_type": "unknown", "capacity_kbbl": 251.293, "first_seen": null, "last_seen": null, "notes": "OSM footprint, height model=flat" }, "geometry": { "type": "Polygon", "coordinates": [ [ [ -96.7563389, 35.9264789 ], [ -96.756213, 35.9264962 ], [ -96.7561048, 35.9265512 ], [ -96.7560308, 35.9266355 ], [ -96.7560023, 35.9267363 ], [ -96.7560236, 35.9268383 ], [ -96.7560915, 35.9269259 ], [ -96.7561956, 35.9269858 ], [ -96.7563202, 35.9270089 ], [ -96.7564461, 35.9269916 ], [ -96.7565543, 35.9269367 ], [ -96.7566283, 35.9268524 ], [ -96.7566568, 35.9267515 ], [ -96.7566355, 35.9266495 ], [ -96.7565676, 35.9265619 ], [ -96.7564634, 35.926502 ], [ -96.7563389, 35.9264789 ] ] ] } },
{ "type": "Feature", "properties": { "tank_id": "osm_way_460925485", "centroid_lon": -96.762813767970442, "centroid_lat": 35.94336857907961, "radius_m": 34.82, "height_m": 14.63, "roof_type": "unknown", "capacity_kbbl": 350.448, "first_seen": null, "last_seen": null, "notes": "OSM footprint, height model=flat" }, "geometry": { "type": "Polygon", "coordinates": [ [ [ -96.7628326, 35.9430559 ], [ -96.7626833, 35.9430739 ], [ -96.7625539, 35.9431367 ], [ -96.7624641, 35.9432349 ], [ -96.7624275, 35.9433534 ], [ -96.7624498, 35.9434742 ], [ -96.7625274, 35.9435789 ], [ -96.7626486, 35.9436517 ], [ -96.762795, 35.9436813 ], [ -96.7629442, 35.9436633 ], [ -96.7630736, 35.9436004 ], [ -96.7631634, 35.9435023 ], [ -96.7632, 35.9433838 ], [ -96.7631778, 35.943263 ], [ -96.7631002, 35.9431582 ], [ -96.7629789, 35.9430855 ], [ -96.7628326, 35.9430559 ] ] ] } },
{ "type": "Feature", "properties": { "tank_id": "osm_way_460925486", "centroid_lon": -96.716673073591778, "centroid_lat": 35.941101482560157, "radius_m": 30.2, "height_m": 14.63, "roof_type": "unknown", "capacity_kbbl": 263.699, "first_seen": null, "last_seen": null, "notes": "OSM footprint, height model=flat" }, "geometry": { "type": "Polygon", "coordinates": [ [ [ -96.7166825, 35.94083 ], [ -96.7165535, 35.9408478 ], [ -96.7164426, 35.9409042 ], [ -96.7163669, 35.9409906 ], [ -96.7163378, 35.9410939 ], [ -96.7163597, 35.9411984 ], [ -96.7164294, 35.9412881 ], [ -96.7165361, 35.9413494 ], [ -96.7166637, 35.9413729 ], [ -96.7167927, 35.9413552 ], [ -96.7169035, 35.9412988 ], [ -96.7169792, 35.9412124 ], [ -96.7170084, 35.9411091 ], [ -96.7169864, 35.9410046 ], [ -96.7169168, 35.9409149 ], [ -96.7168101, 35.9408536 ], [ -96.7166825, 35.94083 ] ] ] } },
{ "type": "Feature", "properties": { "tank_id": "osm_way_460925487", "centroid_lon": -96.747922161837067, "centroid_lat": 35.943726877530757, "radius_m": 9.71, "height_m": 14.63, "roof_type": "unknown", "capacity_kbbl": 27.246, "first_seen": null, "last_seen": null, "notes": "OSM footprint, height model=flat" }, "geometry": { "type": "Polygon", "coordinates": [ [ [ -96.7479114, 35.94364 ], [ -96.7478712, 35.94365 ], [ -96.7478387, 35.9436716 ], [ -96.7478189, 35.9437017 ], [ -96.7478149, 35.9437356 ], [ -96.7478271, 35.9437681 ], [ -96.7478539, 35.9437944 ], [ -96.747891, 35.9438105 ], [ -96.7479329, 35.9438137 ], [ -96.7479731, 35.9438038 ], [ -96.7480056, 35.9437822 ], [ -96.7480254, 35.9437521 ], [ -96.7480294, 35.9437182 ], [ -96.7480172, 35.9436856 ], [ -96.7479904, 35.9436593 ], [ -96.7479533, 35.9436433 ], [ -96.7479114, 35.94364 ] ] ] } },
{ "type": "Feature", "properties": { "tank_id": "osm_way_460925489", "centroid_lon": -96.757106048352099, "centroid_lat": 35.950264996944121, "radius_m": 18.38, "height_m": 14.63, "roof_type": "unknown", "capacity_kbbl": 97.636, "first_seen": null, "last_seen": null, "notes": "OSM footprint, height model=flat" }, "geometry": { "type": "Polygon", "coordinates": [ [ [ -96.7571168, 35.9501 ], [ -96.7570379, 35.9501092 ], [ -96.7569695, 35.9501422 ], [ -96.7569218, 35.9501938 ], [ -96.7569022, 35.9502563 ], [ -96.7569136, 35.9503201 ], [ -96.7569543, 35.9503755 ], [ -96.7570181, 35.9504141 ], [ -96.7570953, 35.95043 ], [ -96.7571741, 35.9504208 ], [ -96.7572426, 35.9503878 ], [ -96.7572903, 35.9503362 ], [ -96.7573099, 35.9502737 ], [ -96.7572985, 35.9502099 ], [ -96.7572578, 35.9501545 ], [ -96.757194, 35.9501159 ], [ -96.7571168, 35.9501 ] ] ] } },
{ "type": "Feature", "properties": { "tank_id": "osm_way_460925490", "centroid_lon": -96.752618699974619, "centroid_lat": 36.005399499901372, "radius_m": 31.02, "height_m": 14.63, "roof_type": "unknown", "capacity_kbbl": 278.187, "first_seen": null, "last_seen": null, "notes": "OSM footprint, height model=flat" }, "geometry": { "type": "Polygon", "coordinates": [ [ [ -96.7526281, 36.0051207 ], [ -96.7524955, 36.005139 ], [ -96.7523816, 36.005197 ], [ -96.7523039, 36.0052858 ], [ -96.752274, 36.0053919 ], [ -96.7522967, 36.0054992 ], [ -96.7523683, 36.0055913 ], [ -96.7524781, 36.0056542 ], [ -96.7526093, 36.0056783 ], [ -96.7527419, 36.00566 ], [ -96.7528558, 36.005602 ], [ -96.7529335, 36.0055132 ], [ -96.7529634, 36.0054071 ], [ -96.7529407, 36.0052998 ], [ -96.7528691, 36.0052077 ], [ -96.7527593, 36.0051448 ], [ -96.7526281, 36.0051207 ] ] ] } },
{ "type": "Feature", "properties": { "tank_id": "osm_way_460925491", "centroid_lon": -96.761368049991077, "centroid_lat": 35.959698799965452, "radius_m": 18.38, "height_m": 14.63, "roof_type": "unknown", "capacity_kbbl": 97.622, "first_seen": null, "last_seen": null, "notes": "OSM footprint, height model=flat" }, "geometry": { "type": "Polygon", "coordinates": [ [ [ -96.7613788, 35.9595338 ], [ -96.7613, 35.959543 ], [ -96.7612315, 35.959576 ], [ -96.7611838, 35.9596276 ], [ -96.7611642, 35.9596901 ], [ -96.7611756, 35.9597539 ], [ -96.7612163, 35.9598093 ], [ -96.7612801, 35.9598479 ], [ -96.7613573, 35.9598638 ], [ -96.7614361, 35.9598546 ], [ -96.7615046, 35.9598216 ], [ -96.7615523, 35.95977 ], [ -96.7615719, 35.9597075 ], [ -96.7615605, 35.9596437 ], [ -96.7615198, 35.9595883 ], [ -96.761456, 35.9595497 ], [ -96.7613788, 35.9595338 ] ] ] } },
{ "type": "Feature", "properties": { "tank_id": "osm_way_460925492", "centroid_lon": -96.753149764749253, "centroid_lat": 35.940808337286342, "radius_m": 15.7, "height_m": 14.63, "roof_type": "unknown", "capacity_kbbl": 71.246, "first_seen": null, "last_seen": null, "notes": "OSM footprint, height model=flat" }, "geometry": { "type": "Polygon", "coordinates": [ [ [ -96.7531484, 35.9406672 ], [ -96.7530818, 35.9406783 ], [ -96.7530256, 35.9407093 ], [ -96.7529882, 35.9407553 ], [ -96.7529754, 35.9408094 ], [ -96.7529892, 35.9408634 ], [ -96.7530275, 35.9409089 ], [ -96.7530843, 35.9409392 ], [ -96.7531511, 35.9409495 ], [ -96.7532177, 35.9409383 ], [ -96.753274, 35.9409074 ], [ -96.7533114, 35.9408613 ], [ -96.7533241, 35.9408072 ], [ -96.7533103, 35.9407533 ], [ -96.7532721, 35.9407078 ], [ -96.7532153, 35.9406775 ], [ -96.7531484, 35.9406672 ] ] ] } },
{ "type": "Feature", "properties": { "tank_id": "osm_way_460925493", "centroid_lon": -96.757068498391689, "centroid_lat": 36.018380352862906, "radius_m": 31.02, "height_m": 14.63, "roof_type": "unknown", "capacity_kbbl": 278.122, "first_seen": null, "last_seen": null, "notes": "OSM footprint, height model=flat" }, "geometry": { "type": "Polygon", "coordinates": [ [ [ -96.7571811, 36.0181168 ], [ -96.7570479, 36.018102 ], [ -96.7569177, 36.0181295 ], [ -96.7568105, 36.0181953 ], [ -96.7567426, 36.0182892 ], [ -96.7567243, 36.018397 ], [ -96.7567584, 36.0185023 ], [ -96.7568397, 36.018589 ], [ -96.7569558, 36.0186439 ], [ -96.7570891, 36.0186587 ], [ -96.7572193, 36.0186312 ], [ -96.7573265, 36.0185654 ], [ -96.7573944, 36.0184715 ], [ -96.7574127, 36.0183637 ], [ -96.7573786, 36.0182584 ], [ -96.7572973, 36.0181717 ], [ -96.7571811, 36.0181168 ] ] ] } },
{ "type": "Feature", "properties": { "tank_id": "osm_way_460925494", "centroid_lon": -96.714902834471829, "centroid_lat": 35.940302360905818, "radius_m": 30.2, "height_m": 14.63, "roof_type": "unknown", "capacity_kbbl": 263.679, "first_seen": null, "last_seen": null, "notes": "OSM footprint, height model=flat" }, "geometry": { "type": "Polygon", "coordinates": [ [ [ -96.7149122, 35.9400309 ], [ -96.7147832, 35.9400487 ], [ -96.7146724, 35.940105 ], [ -96.7145967, 35.9401915 ], [ -96.7145675, 35.9402948 ], [ -96.7145895, 35.9403992 ], [ -96.7146591, 35.9404889 ], [ -96.7147658, 35.9405502 ], [ -96.7148934, 35.9405738 ], [ -96.7150225, 35.940556 ], [ -96.7151333, 35.9404997 ], [ -96.715209, 35.9404133 ], [ -96.7152381, 35.94031 ], [ -96.7152162, 35.9402055 ], [ -96.7151465, 35.9401158 ], [ -96.7150398, 35.9400545 ], [ -96.7149122, 35.9400309 ] ] ] } },
{ "type": "Feature", "properties": { "tank_id": "osm_way_460925495", "centroid_lon": -96.744549283708366, "centroid_lat": 35.935431338121539, "radius_m": 31.16, "height_m": 14.63, "roof_type": "unknown", "capacity_kbbl": 280.74, "first_seen": null, "last_seen": null, "notes": "OSM footprint, height model=flat" }, "geometry": { "type": "Polygon", "coordinates": [ [ [ -96.744556, 35.9351512 ], [ -96.7444231, 35.9351704 ], [ -96.7443094, 35.9352294 ], [ -96.7442322, 35.9353191 ], [ -96.7442033, 35.9354259 ], [ -96.744227, 35.9355335 ], [ -96.7442999, 35.9356256 ], [ -96.7444107, 35.9356881 ], [ -96.7445426, 35.9357115 ], [ -96.7446755, 35.9356922 ], [ -96.7447892, 35.9356333 ], [ -96.7448664, 35.9355435 ], [ -96.7448953, 35.9354367 ], [ -96.7448715, 35.9353291 ], [ -96.7447987, 35.9352371 ], [ -96.7446879, 35.9351746 ], [ -96.744556, 35.9351512 ] ] ] } },
{ "type": "Feature", "properties": { "tank_id": "osm_way_460925496", "centroid_lon": -96.757592853062789, "centroid_lat": 35.940430484980133, "radius_m": 15.7, "height_m": 14.63, "roof_type": "unknown", "capacity_kbbl": 71.248, "first_seen": null, "last_seen": null, "notes": "OSM footprint, height model=flat" }, "geometry": { "type": "Polygon", "coordinates": [ [ [ -96.7575915, 35.9402893 ], [ -96.7575249, 35.9403005 ], [ -96.7574686, 35.9403314 ], [ -96.7574313, 35.9403775 ], [ -96.7574185, 35.9404316 ], [ -96.7574323, 35.9404855 ], [ -96.7574705, 35.9405311 ], [ -96.7575274, 35.9405613 ], [ -96.7575942, 35.9405716 ], [ -96.7576608, 35.9405605 ], [ -96.7577171, 35.9405295 ], [ -96.7577545, 35.9404835 ], [ -96.7577672, 35.9404294 ], [ -96.7577534, 35.9403755 ], [ -96.7577152, 35.9403299 ], [ -96.7576583, 35.9402997 ], [ -96.7575915, 35.9402893 ] ] ] } },
{ "type": "Feature", "properties": { "tank_id": "osm_way_460925497", "centroid_lon": -96.752838644118896, "centroid_lat": 36.001751945124099, "radius_m": 29.22, "height_m": 14.63, "roof_type": "unknown", "capacity_kbbl": 246.748, "first_seen": null, "last_seen": null, "notes": "OSM footprint, height model=flat" }, "geometry": { "type": "Polygon", "coordinates": [ [ [ -96.7528494, 36.0014894 ], [ -96.7527244, 36.0015061 ], [ -96.7526167, 36.0015602 ], [ -96.7525429, 36.0016435 ], [ -96.7525141, 36.0017433 ], [ -96.7525347, 36.0018444 ], [ -96.7526016, 36.0019315 ], [ -96.7527045, 36.0019912 ], [ -96.7528279, 36.0020145 ], [ -96.7529529, 36.0019978 ], [ -96.7530605, 36.0019437 ], [ -96.7531344, 36.0018604 ], [ -96.7531632, 36.0017606 ], [ -96.7531426, 36.0016595 ], [ -96.7530757, 36.0015724 ], [ -96.7529728, 36.0015127 ], [ -96.7528494, 36.0014894 ] ] ] } },
{ "type": "Feature", "properties": { "tank_id": "osm_way_460925498", "centroid_lon": -96.726343771215497, "centroid_lat": 35.958461343558213, "radius_m": 17.76, "height_m": 14.63, "roof_type": "unknown", "capacity_kbbl": 91.211, "first_seen": null, "last_seen": null, "notes": "OSM footprint, height model=flat" }, "geometry": { "type": "Polygon", "coordinates": [ [ [ -96.7263518, 35.9583018 ], [ -96.7262758, 35.9583114 ], [ -96.7262101, 35.9583439 ], [ -96.7261647, 35.9583942 ], [ -96.7261466, 35.9584548 ], [ -96.7261586, 35.9585164 ], [ -96.7261987, 35.9585696 ], [ -96.7262609, 35.9586063 ], [ -96.7263357, 35.9586209 ], [ -96.7264118, 35.9586113 ], [ -96.7264775, 35.9585788 ], [ -96.7265228, 35.9585284 ], [ -96.7265409, 35.9584678 ], [ -96.726529, 35.9584063 ], [ -96.7264889, 35.9583531 ], [ -96.7264267, 35.9583164 ], [ -96.7263518, 35.9583018 ] ] ] } },
{ "type": "Feature", "properties": { "tank_id": "osm_way_460925499", "centroid_lon": -96.735302355124162, "centroid_lat": 35.942884355965298, "radius_m": 42.27, "height_m": 14.63, "roof_type": "unknown", "capacity_kbbl": 516.445, "first_seen": null, "last_seen": null, "notes": "OSM footprint, height model=flat" }, "geometry": { "type": "Polygon", "coordinates": [ [ [ -96.7353064, 35.9425043 ], [ -96.7351265, 35.942532 ], [ -96.7349733, 35.9426133 ], [ -96.7348702, 35.9427359 ], [ -96.734833, 35.9428811 ], [ -96.7348672, 35.9430268 ], [ -96.7349676, 35.9431508 ], [ -96.735119, 35.9432342 ], [ -96.7352983, 35.9432644 ], [ -96.7354783, 35.9432367 ], [ -96.7356314, 35.9431554 ], [ -96.7357345, 35.9430328 ], [ -96.7357717, 35.9428876 ], [ -96.7357376, 35.9427419 ], [ -96.7356371, 35.942618 ], [ -96.7354857, 35.9425345 ], [ -96.7353064, 35.9425043 ] ] ] } },
{ "type": "Feature", "properties": { "tank_id": "osm_way_460925500", "centroid_lon": -96.724946345243637, "centroid_lat": 35.96327450169693, "radius_m": 17.76, "height_m": 14.63, "roof_type": "unknown", "capacity_kbbl": 91.194, "first_seen": null, "last_seen": null, "notes": "OSM footprint, height model=flat" }, "geometry": { "type": "Polygon", "coordinates": [ [ [ -96.7249544, 35.9631149 ], [ -96.7248783, 35.9631246 ], [ -96.7248126, 35.9631571 ], [ -96.7247673, 35.9632074 ], [ -96.7247492, 35.963268 ], [ -96.7247611, 35.9633296 ], [ -96.7248013, 35.9633827 ], [ -96.7248635, 35.9634194 ], [ -96.7249383, 35.9634341 ], [ -96.7250144, 35.9634244 ], [ -96.7250801, 35.9633919 ], [ -96.7251254, 35.9633416 ], [ -96.7251435, 35.963281 ], [ -96.7251316, 35.9632195 ], [ -96.7250914, 35.9631663 ], [ -96.7250292, 35.9631296 ], [ -96.7249544, 35.9631149 ] ] ] } },
{ "type": "Feature", "properties": { "tank_id": "osm_way_460925501", "centroid_lon": -96.757089957279504, "centroid_lat": 35.952844494339303, "radius_m": 18.38, "height_m": 14.63, "roof_type": "unknown", "capacity_kbbl": 97.636, "first_seen": null, "last_seen": null, "notes": "OSM footprint, height model=flat" }, "geometry": { "type": "Polygon", "coordinates": [ [ [ -96.7571007, 35.9526795 ], [ -96.7570219, 35.9526887 ], [ -96.7569534, 35.9527217 ], [ -96.7569057, 35.9527733 ], [ -96.7568861, 35.9528358 ], [ -96.7568975, 35.9528996 ], [ -96.7569382, 35.952955 ], [ -96.757002, 35.9529936 ], [ -96.7570792, 35.9530095 ], [ -96.757158, 35.9530003 ], [ -96.7572265, 35.9529673 ], [ -96.7572742, 35.9529157 ], [ -96.7572938, 35.9528532 ], [ -96.7572824, 35.9527894 ], [ -96.7572417, 35.9527339 ], [ -96.7571779, 35.9526954 ], [ -96.7571007, 35.9526795 ] ] ] } },
{ "type": "Feature", "properties": { "tank_id": "osm_way_460925502", "centroid_lon": -96.763983253461262, "centroid_lat": 35.944093880466987, "radius_m": 34.82, "height_m": 14.63, "roof_type": "unknown", "capacity_kbbl": 350.447, "first_seen": null, "last_seen": null, "notes": "OSM footprint, height model=flat" }, "geometry": { "type": "Polygon", "coordinates": [ [ [ -96.764002, 35.9437812 ], [ -96.7638528, 35.9437992 ], [ -96.7637234, 35.943862 ], [ -96.7636336, 35.9439602 ], [ -96.763597, 35.9440787 ], [ -96.7636192, 35.9441995 ], [ -96.7636968, 35.9443042 ], [ -96.7638181, 35.9443769 ], [ -96.7639645, 35.9444066 ], [ -96.7641137, 35.9443886 ], [ -96.7642431, 35.9443257 ], [ -96.7643329, 35.9442276 ], [ -96.7643695, 35.9441091 ], [ -96.7643473, 35.9439882 ], [ -96.7642696, 35.9438835 ], [ -96.7641484, 35.9438108 ], [ -96.764002, 35.9437812 ] ] ] } },
{ "type": "Feature", "properties": { "tank_id": "osm_way_460925503", "centroid_lon": -96.714686910910345, "centroid_lat": 35.958578563482227, "radius_m": 17.76, "height_m": 14.63, "roof_type": "unknown", "capacity_kbbl": 91.204, "first_seen": null, "last_seen": null, "notes": "OSM footprint, height model=flat" }, "geometry": { "type": "Polygon", "coordinates": [ [ [ -96.7146949, 35.958419 ], [ -96.7146189, 35.9584287 ], [ -96.7145532, 35.9584611 ], [ -96.7145078, 35.9585115 ], [ -96.7144898, 35.9585721 ], [ -96.7145017, 35.9586336 ], [ -96.7145418, 35.9586868 ], [ -96.714604, 35.9587235 ], [ -96.7146789, 35.9587381 ], [ -96.7147549, 35.9587285 ], [ -96.7148206, 35.958696 ], [ -96.714866, 35.9586457 ], [ -96.714884, 35.9585851 ], [ -96.7148721, 35.9585235 ], [ -96.714832, 35.9584703 ], [ -96.7147698, 35.9584336 ], [ -96.7146949, 35.958419 ] ] ] } },
{ "type": "Feature", "properties": { "tank_id": "osm_way_460925504", "centroid_lon": -96.720692371354261, "centroid_lat": 35.938730091529237, "radius_m": 30.2, "height_m": 14.63, "roof_type": "unknown", "capacity_kbbl": 263.721, "first_seen": null, "last_seen": null, "notes": "OSM footprint, height model=flat" }, "geometry": { "type": "Polygon", "coordinates": [ [ [ -96.7207018, 35.9384586 ], [ -96.7205727, 35.9384764 ], [ -96.7204619, 35.9385328 ], [ -96.7203862, 35.9386192 ], [ -96.7203571, 35.9387225 ], [ -96.720379, 35.938827 ], [ -96.7204487, 35.9389167 ], [ -96.7205554, 35.938978 ], [ -96.720683, 35.9390016 ], [ -96.720812, 35.9389838 ], [ -96.7209228, 35.9389274 ], [ -96.7209985, 35.938841 ], [ -96.7210277, 35.9387377 ], [ -96.7210057, 35.9386332 ], [ -96.7209361, 35.9385435 ], [ -96.7208294, 35.9384822 ], [ -96.7207018, 35.9384586 ] ] ] } },
{ "type": "Feature", "properties": { "tank_id": "osm_way_460925505", "centroid_lon": -96.754708144996769, "centroid_lat": 35.947561651864831, "radius_m": 20.41, "height_m": 14.63, "roof_type": "unknown", "capacity_kbbl": 120.419, "first_seen": null, "last_seen": null, "notes": "OSM footprint, height model=flat" }, "geometry": { "type": "Polygon", "coordinates": [ [ [ -96.7547122, 35.9473782 ], [ -96.7546251, 35.9473909 ], [ -96.7545507, 35.9474296 ], [ -96.7545003, 35.9474884 ], [ -96.7544815, 35.9475584 ], [ -96.7544972, 35.9476289 ], [ -96.754545, 35.9476891 ], [ -96.7546177, 35.9477299 ], [ -96.7547041, 35.9477451 ], [ -96.7547912, 35.9477324 ], [ -96.7548656, 35.9476937 ], [ -96.754916, 35.9476349 ], [ -96.7549348, 35.9475649 ], [ -96.7549191, 35.9474945 ], [ -96.7548713, 35.9474342 ], [ -96.7547986, 35.9473934 ], [ -96.7547122, 35.9473782 ] ] ] } },
{ "type": "Feature", "properties": { "tank_id": "osm_way_460925506", "centroid_lon": -96.757784649653757, "centroid_lat": 35.944067799883882, "radius_m": 33.69, "height_m": 14.63, "roof_type": "unknown", "capacity_kbbl": 328.084, "first_seen": null, "last_seen": null, "notes": "OSM footprint, height model=flat" }, "geometry": { "type": "Polygon", "coordinates": [ [ [ -96.7577846, 35.9437649 ], [ -96.7576415, 35.9437879 ], [ -96.7575201, 35.9438536 ], [ -96.757439, 35.9439519 ], [ -96.7574105, 35.9440678 ], [ -96.757439, 35.9441837 ], [ -96.7575201, 35.944282 ], [ -96.7576415, 35.9443477 ], [ -96.7577846, 35.9443707 ], [ -96.7579278, 35.9443477 ], [ -96.7580492, 35.944282 ], [ -96.7581303, 35.9441837 ], [ -96.7581588, 35.9440678 ], [ -96.7581303, 35.9439519 ], [ -96.7580492, 35.9438536 ], [ -96.7579278, 35.9437879 ], [ -96.7577846, 35.9437649 ] ] ] } },
{ "type": "Feature", "properties": { "tank_id": "osm_way_460925507", "centroid_lon": -96.729455147435601, "centroid_lat": 35.957058791507315, "radius_m": 17.76, "height_m": 14.63, "roof_type": "unknown", "capacity_kbbl": 91.206, "first_seen": null, "last_seen": null, "notes": "OSM footprint, height model=flat" }, "geometry": { "type": "Polygon", "coordinates": [ [ [ -96.7294632, 35.9568992 ], [ -96.7293871, 35.9569089 ], [ -96.7293214, 35.9569413 ], [ -96.7292761, 35.9569917 ], [ -96.729258, 35.9570523 ], [ -96.7292699, 35.9571138 ], [ -96.7293101, 35.957167 ], [ -96.7293723, 35.9572037 ], [ -96.7294471, 35.9572184 ], [ -96.7295232, 35.9572087 ], [ -96.7295889, 35.9571762 ], [ -96.7296342, 35.9571259 ], [ -96.7296523, 35.9570653 ], [ -96.7296404, 35.9570037 ], [ -96.7296002, 35.9569506 ], [ -96.729538, 35.9569139 ], [ -96.7294632, 35.9568992 ] ] ] } },
{ "type": "Feature", "properties": { "tank_id": "osm_way_460925509", "centroid_lon": -96.745608762110649, "centroid_lat": 35.925358200509599, "radius_m": 30.62, "height_m": 14.63, "roof_type": "unknown", "capacity_kbbl": 271.022, "first_seen": null, "last_seen": null, "notes": "OSM footprint, height model=flat" }, "geometry": { "type": "Polygon", "coordinates": [ [ [ -96.7456302, 35.9250834 ], [ -96.7454987, 35.9250977 ], [ -96.745384, 35.9251516 ], [ -96.7453035, 35.925237 ], [ -96.7452695, 35.9253408 ], [ -96.7452871, 35.9254473 ], [ -96.7453537, 35.9255402 ], [ -96.7454591, 35.9256054 ], [ -96.7455873, 35.925633 ], [ -96.7457188, 35.9256187 ], [ -96.7458335, 35.9255648 ], [ -96.745914, 35.9254794 ], [ -96.7459481, 35.9253756 ], [ -96.7459304, 35.9252691 ], [ -96.7458638, 35.9251762 ], [ -96.7457584, 35.925111 ], [ -96.7456302, 35.9250834 ] ] ] } },
{ "type": "Feature", "properties": { "tank_id": "osm_way_460925510", "centroid_lon": -96.761343948352106, "centroid_lat": 35.957336696944104, "radius_m": 18.38, "height_m": 14.63, "roof_type": "unknown", "capacity_kbbl": 97.627, "first_seen": null, "last_seen": null, "notes": "OSM footprint, height model=flat" }, "geometry": { "type": "Polygon", "coordinates": [ [ [ -96.7613547, 35.9571717 ], [ -96.7612758, 35.9571809 ], [ -96.7612074, 35.9572139 ], [ -96.7611597, 35.9572655 ], [ -96.7611401, 35.957328 ], [ -96.7611515, 35.9573918 ], [ -96.7611922, 35.9574472 ], [ -96.761256, 35.9574858 ], [ -96.7613332, 35.9575017 ], [ -96.761412, 35.9574925 ], [ -96.7614805, 35.9574595 ], [ -96.7615282, 35.9574079 ], [ -96.7615478, 35.9573454 ], [ -96.7615364, 35.9572816 ], [ -96.7614957, 35.9572262 ], [ -96.7614319, 35.9571876 ], [ -96.7613547, 35.9571717 ] ] ] } },
{ "type": "Feature", "properties": { "tank_id": "osm_way_460925511", "centroid_lon": -96.717586375001275, "centroid_lat": 35.958550349966643, "radius_m": 17.76, "height_m": 14.63, "roof_type": "unknown", "capacity_kbbl": 91.207, "first_seen": null, "last_seen": null, "notes": "OSM footprint, height model=flat" }, "geometry": { "type": "Polygon", "coordinates": [ [ [ -96.7175944, 35.9583908 ], [ -96.7175184, 35.9584004 ], [ -96.7174527, 35.9584329 ], [ -96.7174073, 35.9584833 ], [ -96.7173892, 35.9585438 ], [ -96.7174012, 35.9586054 ], [ -96.7174413, 35.9586586 ], [ -96.7175035, 35.9586953 ], [ -96.7175783, 35.9587099 ], [ -96.7176544, 35.9587003 ], [ -96.7177201, 35.9586678 ], [ -96.7177654, 35.9586174 ], [ -96.7177835, 35.9585569 ], [ -96.7177716, 35.9584953 ], [ -96.7177315, 35.9584421 ], [ -96.7176692, 35.9584054 ], [ -96.7175944, 35.9583908 ] ] ] } },
{ "type": "Feature", "properties": { "tank_id": "osm_way_460925512", "centroid_lon": -96.754321919741997, "centroid_lat": 35.939928839600014, "radius_m": 15.7, "height_m": 14.63, "roof_type": "unknown", "capacity_kbbl": 71.249, "first_seen": null, "last_seen": null, "notes": "OSM footprint, height model=flat" }, "geometry": { "type": "Polygon", "coordinates": [ [ [ -96.7543206, 35.9397877 ], [ -96.754254, 35.9397988 ], [ -96.7541977, 35.9398298 ], [ -96.7541603, 35.9398758 ], [ -96.7541476, 35.9399299 ], [ -96.7541614, 35.9399839 ], [ -96.7541996, 35.9400294 ], [ -96.7542564, 35.9400597 ], [ -96.7543233, 35.94007 ], [ -96.7543899, 35.9400588 ], [ -96.7544461, 35.9400279 ], [ -96.7544835, 35.9399819 ], [ -96.7544963, 35.9399278 ], [ -96.7544825, 35.9398738 ], [ -96.7544442, 35.9398283 ], [ -96.7543874, 35.939798 ], [ -96.7543206, 35.9397877 ] ] ] } },
{ "type": "Feature", "properties": { "tank_id": "osm_way_460925513", "centroid_lon": -96.759693026273339, "centroid_lat": 35.943093879514073, "radius_m": 22.58, "height_m": 14.63, "roof_type": "unknown", "capacity_kbbl": 147.412, "first_seen": null, "last_seen": null, "notes": "OSM footprint, height model=flat" }, "geometry": { "type": "Polygon", "coordinates": [ [ [ -96.7596917, 35.9428908 ], [ -96.7595958, 35.9429067 ], [ -96.7595148, 35.9429511 ], [ -96.7594608, 35.9430172 ], [ -96.7594422, 35.943095 ], [ -96.7594619, 35.9431726 ], [ -96.7595166, 35.9432382 ], [ -96.7595983, 35.9432819 ], [ -96.7596944, 35.9432969 ], [ -96.7597902, 35.9432811 ], [ -96.7598713, 35.9432367 ], [ -96.7599252, 35.9431706 ], [ -96.7599438, 35.9430928 ], [ -96.7599242, 35.9430152 ], [ -96.7598694, 35.9429495 ], [ -96.7597878, 35.9429059 ], [ -96.7596917, 35.9428908 ] ] ] } },
{ "type": "Feature", "properties": { "tank_id": "osm_way_460925514", "centroid_lon": -96.71665966447371, "centroid_lat": 35.940391377259019, "radius_m": 30.2, "height_m": 14.63, "roof_type": "unknown", "capacity_kbbl": 263.69, "first_seen": null, "last_seen": null, "notes": "OSM footprint, height model=flat" }, "geometry": { "type": "Polygon", "coordinates": [ [ [ -96.7166691, 35.9401199 ], [ -96.71654, 35.9401377 ], [ -96.7164292, 35.9401941 ], [ -96.7163535, 35.9402805 ], [ -96.7163244, 35.9403838 ], [ -96.7163463, 35.9404882 ], [ -96.716416, 35.940578 ], [ -96.7165227, 35.9406393 ], [ -96.7166503, 35.9406628 ], [ -96.7167793, 35.9406451 ], [ -96.7168901, 35.9405887 ], [ -96.7169658, 35.9405023 ], [ -96.7169949, 35.940399 ], [ -96.716973, 35.9402945 ], [ -96.7169034, 35.9402048 ], [ -96.7167967, 35.9401435 ], [ -96.7166691, 35.9401199 ] ] ] } },
{ "type": "Feature", "properties": { "tank_id": "osm_way_460925515", "centroid_lon": -96.750671428930772, "centroid_lat": 36.008239698942212, "radius_m": 31.02, "height_m": 14.63, "roof_type": "unknown", "capacity_kbbl": 278.169, "first_seen": null, "last_seen": null, "notes": "OSM footprint, height model=flat" }, "geometry": { "type": "Polygon", "coordinates": [ [ [ -96.7506808, 36.0079609 ], [ -96.7505482, 36.0079792 ], [ -96.7504343, 36.0080372 ], [ -96.7503566, 36.008126 ], [ -96.7503268, 36.0082321 ], [ -96.7503494, 36.0083394 ], [ -96.7504211, 36.0084315 ], [ -96.7505308, 36.0084944 ], [ -96.750662, 36.0085185 ], [ -96.7507946, 36.0085002 ], [ -96.7509085, 36.0084422 ], [ -96.7509863, 36.0083534 ], [ -96.7510161, 36.0082473 ], [ -96.7509934, 36.00814 ], [ -96.7509218, 36.0080479 ], [ -96.750812, 36.007985 ], [ -96.7506808, 36.0079609 ] ] ] } },
{ "type": "Feature", "properties": { "tank_id": "osm_way_460925516", "centroid_lon": -96.764584049967397, "centroid_lat": 35.947125212376456, "radius_m": 34.82, "height_m": 14.63, "roof_type": "unknown", "capacity_kbbl": 350.433, "first_seen": null, "last_seen": null, "notes": "OSM footprint, height model=flat" }, "geometry": { "type": "Polygon", "coordinates": [ [ [ -96.7646028, 35.9468125 ], [ -96.7644536, 35.9468305 ], [ -96.7643242, 35.9468934 ], [ -96.7642344, 35.9469915 ], [ -96.7641978, 35.94711 ], [ -96.76422, 35.9472308 ], [ -96.7642977, 35.9473356 ], [ -96.7644189, 35.9474083 ], [ -96.7645653, 35.9474379 ], [ -96.7647145, 35.9474199 ], [ -96.7648439, 35.9473571 ], [ -96.7649337, 35.9472589 ], [ -96.7649703, 35.9471404 ], [ -96.7649481, 35.9470196 ], [ -96.7648704, 35.9469149 ], [ -96.7647492, 35.9468421 ], [ -96.7646028, 35.9468125 ] ] ] } },
{ "type": "Feature", "properties": { "tank_id": "osm_way_460925517", "centroid_lon": -96.736672990149017, "centroid_lat": 35.942882192662751, "radius_m": 42.26, "height_m": 14.63, "roof_type": "unknown", "capacity_kbbl": 516.388, "first_seen": null, "last_seen": null, "notes": "OSM footprint, height model=flat" }, "geometry": { "type": "Polygon", "coordinates": [ [ [ -96.736677, 35.9425022 ], [ -96.7364971, 35.9425299 ], [ -96.7363439, 35.9426112 ], [ -96.7362409, 35.9427338 ], [ -96.7362036, 35.9428789 ], [ -96.7362378, 35.9430246 ], [ -96.7363382, 35.9431486 ], [ -96.7364896, 35.943232 ], [ -96.7366689, 35.9432622 ], [ -96.7368489, 35.9432345 ], [ -96.737002, 35.9431532 ], [ -96.7371051, 35.9430306 ], [ -96.7371424, 35.9428854 ], [ -96.7371082, 35.9427398 ], [ -96.7370077, 35.9426158 ], [ -96.7368563, 35.9425323 ], [ -96.736677, 35.9425022 ] ] ] } },
{ "type": "Feature", "properties": { "tank_id": "osm_way_460925518", "centroid_lon": -96.72781362498182, "centroid_lat": 35.959143049968759, "radius_m": 17.76, "height_m": 14.63, "roof_type": "unknown", "capacity_kbbl": 91.205, "first_seen": null, "last_seen": null, "notes": "OSM footprint, height model=flat" }, "geometry": { "type": "Polygon", "coordinates": [ [ [ -96.7278217, 35.9589835 ], [ -96.7277456, 35.9589931 ], [ -96.7276799, 35.9590256 ], [ -96.7276346, 35.959076 ], [ -96.7276165, 35.9591365 ], [ -96.7276284, 35.9591981 ], [ -96.7276685, 35.9592513 ], [ -96.7277308, 35.959288 ], [ -96.7278056, 35.9593026 ], [ -96.7278816, 35.959293 ], [ -96.7279473, 35.9592605 ], [ -96.7279927, 35.9592101 ], [ -96.7280108, 35.9591496 ], [ -96.7279988, 35.959088 ], [ -96.7279587, 35.9590348 ], [ -96.7278965, 35.9589981 ], [ -96.7278217, 35.9589835 ] ] ] } },
{ "type": "Feature", "properties": { "tank_id": "osm_way_460925519", "centroid_lon": -96.742620782531603, "centroid_lat": 35.925366883608611, "radius_m": 30.62, "height_m": 14.63, "roof_type": "unknown", "capacity_kbbl": 271.024, "first_seen": null, "last_seen": null, "notes": "OSM footprint, height model=flat" }, "geometry": { "type": "Polygon", "coordinates": [ [ [ -96.7426422, 35.9250921 ], [ -96.7425108, 35.9251064 ], [ -96.742396, 35.9251603 ], [ -96.7423155, 35.9252457 ], [ -96.7422815, 35.9253495 ], [ -96.7422991, 35.925456 ], [ -96.7423657, 35.9255489 ], [ -96.7424711, 35.9256141 ], [ -96.7425993, 35.9256416 ], [ -96.7427308, 35.9256274 ], [ -96.7428455, 35.9255735 ], [ -96.742926, 35.9254881 ], [ -96.7429601, 35.9253843 ], [ -96.7429425, 35.9252778 ], [ -96.7428759, 35.9251849 ], [ -96.7427704, 35.9251197 ], [ -96.7426422, 35.9250921 ] ] ] } },
{ "type": "Feature", "properties": { "tank_id": "osm_way_460925520", "centroid_lon": -96.754968332233105, "centroid_lat": 35.940693239595916, "radius_m": 15.7, "height_m": 14.63, "roof_type": "unknown", "capacity_kbbl": 71.256, "first_seen": null, "last_seen": null, "notes": "OSM footprint, height model=flat" }, "geometry": { "type": "Polygon", "coordinates": [ [ [ -96.754967, 35.9405521 ], [ -96.7549004, 35.9405632 ], [ -96.7548441, 35.9405942 ], [ -96.7548067, 35.9406402 ], [ -96.754794, 35.9406943 ], [ -96.7548078, 35.9407483 ], [ -96.754846, 35.9407938 ], [ -96.7549028, 35.9408241 ], [ -96.7549697, 35.9408344 ], [ -96.7550363, 35.9408232 ], [ -96.7550926, 35.9407923 ], [ -96.7551299, 35.9407463 ], [ -96.7551427, 35.9406922 ], [ -96.7551289, 35.9406382 ], [ -96.7550907, 35.9405927 ], [ -96.7550338, 35.9405624 ], [ -96.754967, 35.9405521 ] ] ] } },
{ "type": "Feature", "properties": { "tank_id": "osm_way_460925521", "centroid_lon": -96.755215103799799, "centroid_lat": 36.017647087205475, "radius_m": 31.02, "height_m": 14.63, "roof_type": "unknown", "capacity_kbbl": 278.136, "first_seen": null, "last_seen": null, "notes": "OSM footprint, height model=flat" }, "geometry": { "type": "Polygon", "coordinates": [ [ [ -96.7553277, 36.0173835 ], [ -96.7551944, 36.0173687 ], [ -96.7550643, 36.0173963 ], [ -96.7549571, 36.017462 ], [ -96.7548892, 36.017556 ], [ -96.7548709, 36.0176638 ], [ -96.754905, 36.017769 ], [ -96.7549863, 36.0178557 ], [ -96.7551024, 36.0179107 ], [ -96.7552357, 36.0179255 ], [ -96.7553659, 36.0178979 ], [ -96.7554731, 36.0178321 ], [ -96.755541, 36.0177382 ], [ -96.7555593, 36.0176304 ], [ -96.7555252, 36.0175251 ], [ -96.7554439, 36.0174384 ], [ -96.7553277, 36.0173835 ] ] ] } },
{ "type": "Feature", "properties": { "tank_id": "osm_way_460925522", "centroid_lon": -96.75107911184368, "centroid_lat": 36.00670785610604, "radius_m": 31.02, "height_m": 14.63, "roof_type": "unknown", "capacity_kbbl": 278.178, "first_seen": null, "last_seen": null, "notes": "OSM footprint, height model=flat" }, "geometry": { "type": "Polygon", "coordinates": [ [ [ -96.7510885, 36.006429 ], [ -96.7509559, 36.0064474 ], [ -96.750842, 36.0065053 ], [ -96.7507643, 36.0065941 ], [ -96.7507344, 36.0067003 ], [ -96.7507571, 36.0068075 ], [ -96.7508288, 36.0068996 ], [ -96.7509385, 36.0069625 ], [ -96.7510697, 36.0069867 ], [ -96.7512023, 36.0069684 ], [ -96.7513162, 36.0069104 ], [ -96.7513939, 36.0068216 ], [ -96.7514238, 36.0067155 ], [ -96.7514011, 36.0066082 ], [ -96.7513295, 36.0065161 ], [ -96.7512197, 36.0064532 ], [ -96.7510885, 36.006429 ] ] ] } },
{ "type": "Feature", "properties": { "tank_id": "osm_way_460925523", "centroid_lon": -96.763811562455572, "centroid_lat": 35.946482472576022, "radius_m": 34.82, "height_m": 14.63, "roof_type": "unknown", "capacity_kbbl": 350.432, "first_seen": null, "last_seen": null, "notes": "OSM footprint, height model=flat" }, "geometry": { "type": "Polygon", "coordinates": [ [ [ -96.7638303, 35.9461698 ], [ -96.7636811, 35.9461878 ], [ -96.7635517, 35.9462506 ], [ -96.7634619, 35.9463488 ], [ -96.7634253, 35.9464673 ], [ -96.7634475, 35.9465881 ], [ -96.7635252, 35.9466928 ], [ -96.7636464, 35.9467655 ], [ -96.7637928, 35.9467952 ], [ -96.763942, 35.9467772 ], [ -96.7640714, 35.9467143 ], [ -96.7641612, 35.9466162 ], [ -96.7641978, 35.9464977 ], [ -96.7641756, 35.9463769 ], [ -96.764098, 35.9462721 ], [ -96.7639767, 35.9461994 ], [ -96.7638303, 35.9461698 ] ] ] } },
{ "type": "Feature", "properties": { "tank_id": "osm_way_460925524", "centroid_lon": -96.759042589415898, "centroid_lat": 35.952714203790229, "radius_m": 24.15, "height_m": 14.63, "roof_type": "unknown", "capacity_kbbl": 168.651, "first_seen": null, "last_seen": null, "notes": "OSM footprint, height model=flat" }, "geometry": { "type": "Polygon", "coordinates": [ [ [ -96.7590372, 35.9524971 ], [ -96.758935, 35.9525153 ], [ -96.7588491, 35.9525637 ], [ -96.7587927, 35.9526351 ], [ -96.7587744, 35.9527186 ], [ -96.7587968, 35.9528013 ], [ -96.7588567, 35.9528708 ], [ -96.7589449, 35.9529165 ], [ -96.759048, 35.9529313 ], [ -96.7591502, 35.9529131 ], [ -96.7592361, 35.9528647 ], [ -96.7592925, 35.9527933 ], [ -96.7593108, 35.9527099 ], [ -96.7592883, 35.9526271 ], [ -96.7592285, 35.9525576 ], [ -96.7591403, 35.9525119 ], [ -96.7590372, 35.9524971 ] ] ] } },
{ "type": "Feature", "properties": { "tank_id": "osm_way_460925525", "centroid_lon": -96.714711046962961, "centroid_lat": 35.959948518513585, "radius_m": 17.76, "height_m": 14.63, "roof_type": "unknown", "capacity_kbbl": 91.211, "first_seen": null, "last_seen": null, "notes": "OSM footprint, height model=flat" }, "geometry": { "type": "Polygon", "coordinates": [ [ [ -96.7147191, 35.9597889 ], [ -96.714643, 35.9597986 ], [ -96.7145773, 35.9598311 ], [ -96.714532, 35.9598814 ], [ -96.7145139, 35.959942 ], [ -96.7145258, 35.9600036 ], [ -96.714566, 35.9600567 ], [ -96.7146282, 35.9600935 ], [ -96.714703, 35.9601081 ], [ -96.7147791, 35.9600984 ], [ -96.7148448, 35.960066 ], [ -96.7148901, 35.9600156 ], [ -96.7149082, 35.959955 ], [ -96.7148963, 35.9598935 ], [ -96.7148561, 35.9598403 ], [ -96.7147939, 35.9598036 ], [ -96.7147191, 35.9597889 ] ] ] } },
{ "type": "Feature", "properties": { "tank_id": "osm_way_460925526", "centroid_lon": -96.730911571215515, "centroid_lat": 35.957725343558216, "radius_m": 17.76, "height_m": 14.63, "roof_type": "unknown", "capacity_kbbl": 91.212, "first_seen": null, "last_seen": null, "notes": "OSM footprint, height model=flat" }, "geometry": { "type": "Polygon", "coordinates": [ [ [ -96.7309196, 35.9575658 ], [ -96.7308436, 35.9575754 ], [ -96.7307779, 35.9576079 ], [ -96.7307325, 35.9576582 ], [ -96.7307144, 35.9577188 ], [ -96.7307264, 35.9577804 ], [ -96.7307665, 35.9578336 ], [ -96.7308287, 35.9578703 ], [ -96.7309035, 35.9578849 ], [ -96.7309796, 35.9578753 ], [ -96.7310453, 35.9578428 ], [ -96.7310906, 35.9577924 ], [ -96.7311087, 35.9577318 ], [ -96.7310968, 35.9576703 ], [ -96.7310567, 35.9576171 ], [ -96.7309945, 35.9575804 ], [ -96.7309196, 35.9575658 ] ] ] } },
{ "type": "Feature", "properties": { "tank_id": "osm_way_460925528", "centroid_lon": -96.74409598330179, "centroid_lat": 35.926070604079911, "radius_m": 30.62, "height_m": 14.63, "roof_type": "unknown", "capacity_kbbl": 271.026, "first_seen": null, "last_seen": null, "notes": "OSM footprint, height model=flat" }, "geometry": { "type": "Polygon", "coordinates": [ [ [ -96.7441174, 35.9257959 ], [ -96.743986, 35.9258101 ], [ -96.7438712, 35.925864 ], [ -96.7437907, 35.9259494 ], [ -96.7437567, 35.9260532 ], [ -96.7437743, 35.9261597 ], [ -96.7438409, 35.9262526 ], [ -96.7439463, 35.9263178 ], [ -96.7440745, 35.9263454 ], [ -96.744206, 35.9263311 ], [ -96.7443207, 35.9262772 ], [ -96.7444012, 35.9261918 ], [ -96.7444353, 35.926088 ], [ -96.7444177, 35.9259815 ], [ -96.7443511, 35.9258886 ], [ -96.7442457, 35.9258234 ], [ -96.7441174, 35.9257959 ] ] ] } },
{ "type": "Feature", "properties": { "tank_id": "osm_way_460925529", "centroid_lon": -96.726365230599768, "centroid_lat": 35.961192538129794, "radius_m": 17.76, "height_m": 14.63, "roof_type": "unknown", "capacity_kbbl": 91.208, "first_seen": null, "last_seen": null, "notes": "OSM footprint, height model=flat" }, "geometry": { "type": "Polygon", "coordinates": [ [ [ -96.7263733, 35.961033 ], [ -96.7262972, 35.9610426 ], [ -96.7262315, 35.9610751 ], [ -96.7261862, 35.9611254 ], [ -96.7261681, 35.961186 ], [ -96.72618, 35.9612476 ], [ -96.7262201, 35.9613008 ], [ -96.7262824, 35.9613375 ], [ -96.7263572, 35.9613521 ], [ -96.7264332, 35.9613424 ], [ -96.726499, 35.96131 ], [ -96.7265443, 35.9612596 ], [ -96.7265624, 35.961199 ], [ -96.7265505, 35.9611375 ], [ -96.7265103, 35.9610843 ], [ -96.7264481, 35.9610476 ], [ -96.7263733, 35.961033 ] ] ] } },
{ "type": "Feature", "properties": { "tank_id": "osm_way_460925530", "centroid_lon": -96.717634650592856, "centroid_lat": 35.959922450304461, "radius_m": 17.76, "height_m": 14.63, "roof_type": "unknown", "capacity_kbbl": 91.212, "first_seen": null, "last_seen": null, "notes": "OSM footprint, height model=flat" }, "geometry": { "type": "Polygon", "coordinates": [ [ [ -96.7176427, 35.9597629 ], [ -96.7175666, 35.9597725 ], [ -96.7175009, 35.959805 ], [ -96.7174556, 35.9598554 ], [ -96.7174375, 35.959916 ], [ -96.7174494, 35.9599775 ], [ -96.7174896, 35.9600307 ], [ -96.7175518, 35.9600674 ], [ -96.7176266, 35.960082 ], [ -96.7177027, 35.9600724 ], [ -96.7177684, 35.9600399 ], [ -96.7178137, 35.9599895 ], [ -96.7178318, 35.959929 ], [ -96.7178199, 35.9598674 ], [ -96.7177797, 35.9598142 ], [ -96.7177175, 35.9597775 ], [ -96.7176427, 35.9597629 ] ] ] } },
{ "type": "Feature", "properties": { "tank_id": "osm_way_460925531", "centroid_lon": -96.755510145095386, "centroid_lat": 35.932154106125452, "radius_m": 42.28, "height_m": 14.63, "roof_type": "unknown", "capacity_kbbl": 516.853, "first_seen": null, "last_seen": null, "notes": "OSM footprint, height model=flat" }, "geometry": { "type": "Polygon", "coordinates": [ [ [ -96.7555222, 35.931774 ], [ -96.7553417, 35.9317992 ], [ -96.7551868, 35.9318785 ], [ -96.7550811, 35.9319996 ], [ -96.7550407, 35.9321443 ], [ -96.7550719, 35.9322905 ], [ -96.7551697, 35.9324159 ], [ -96.7553194, 35.9325015 ], [ -96.7554981, 35.9325342 ], [ -96.7556786, 35.932509 ], [ -96.7558335, 35.9324298 ], [ -96.7559392, 35.9323086 ], [ -96.7559795, 35.9321639 ], [ -96.7559484, 35.9320177 ], [ -96.7558506, 35.9318923 ], [ -96.7557009, 35.9318067 ], [ -96.7555222, 35.931774 ] ] ] } },
{ "type": "Feature", "properties": { "tank_id": "osm_way_460925532", "centroid_lon": -96.760362248353331, "centroid_lat": 35.952505759448243, "radius_m": 18.38, "height_m": 14.63, "roof_type": "unknown", "capacity_kbbl": 97.643, "first_seen": null, "last_seen": null, "notes": "OSM footprint, height model=flat" }, "geometry": { "type": "Polygon", "coordinates": [ [ [ -96.760373, 35.9523408 ], [ -96.7602941, 35.95235 ], [ -96.7602257, 35.9523829 ], [ -96.760178, 35.9524346 ], [ -96.7601584, 35.9524971 ], [ -96.7601698, 35.9525609 ], [ -96.7602105, 35.9526163 ], [ -96.7602743, 35.9526549 ], [ -96.7603515, 35.9526708 ], [ -96.7604303, 35.9526615 ], [ -96.7604988, 35.9526286 ], [ -96.7605465, 35.9525769 ], [ -96.7605661, 35.9525145 ], [ -96.7605547, 35.9524506 ], [ -96.760514, 35.9523952 ], [ -96.7604502, 35.9523566 ], [ -96.760373, 35.9523408 ] ] ] } },
{ "type": "Feature", "properties": { "tank_id": "osm_way_460925533", "centroid_lon": -96.718413849648471, "centroid_lat": 35.940669350174701, "radius_m": 30.2, "height_m": 14.63, "roof_type": "unknown", "capacity_kbbl": 263.676, "first_seen": null, "last_seen": null, "notes": "OSM footprint, height model=flat" }, "geometry": { "type": "Polygon", "coordinates": [ [ [ -96.7184232, 35.9403979 ], [ -96.7182942, 35.9404157 ], [ -96.7181834, 35.940472 ], [ -96.7181077, 35.9405584 ], [ -96.7180786, 35.9406617 ], [ -96.7181005, 35.9407662 ], [ -96.7181701, 35.9408559 ], [ -96.7182769, 35.9409172 ], [ -96.7184044, 35.9409408 ], [ -96.7185335, 35.940923 ], [ -96.7186443, 35.9408667 ], [ -96.71872, 35.9407803 ], [ -96.7187491, 35.940677 ], [ -96.7187272, 35.9405725 ], [ -96.7186576, 35.9404828 ], [ -96.7185508, 35.9404215 ], [ -96.7184232, 35.9403979 ] ] ] } },
{ "type": "Feature", "properties": { "tank_id": "osm_way_460925534", "centroid_lon": -96.754685349730366, "centroid_lat": 35.945530287138489, "radius_m": 20.41, "height_m": 14.63, "roof_type": "unknown", "capacity_kbbl": 120.443, "first_seen": null, "last_seen": null, "notes": "OSM footprint, height model=flat" }, "geometry": { "type": "Polygon", "coordinates": [ [ [ -96.7546894, 35.9453468 ], [ -96.7546023, 35.9453595 ], [ -96.7545279, 35.9453982 ], [ -96.7544775, 35.9454571 ], [ -96.7544587, 35.945527 ], [ -96.7544744, 35.9455975 ], [ -96.7545222, 35.9456577 ], [ -96.7545949, 35.9456986 ], [ -96.7546813, 35.9457138 ], [ -96.7547684, 35.9457011 ], [ -96.7548428, 35.9456623 ], [ -96.7548932, 35.9456035 ], [ -96.754912, 35.9455335 ], [ -96.7548963, 35.9454631 ], [ -96.7548485, 35.9454028 ], [ -96.7547758, 35.945362 ], [ -96.7546894, 35.9453468 ] ] ] } },
{ "type": "Feature", "properties": { "tank_id": "osm_way_460925535", "centroid_lon": -96.752255250124804, "centroid_lat": 35.933007621837348, "radius_m": 31.65, "height_m": 14.63, "roof_type": "unknown", "capacity_kbbl": 289.574, "first_seen": null, "last_seen": null, "notes": "OSM footprint, height model=flat" }, "geometry": { "type": "Polygon", "coordinates": [ [ [ -96.7522633, 35.9327231 ], [ -96.7521282, 35.9327423 ], [ -96.7520125, 35.9328018 ], [ -96.7519337, 35.9328927 ], [ -96.7519039, 35.9330011 ], [ -96.7519276, 35.9331105 ], [ -96.7520011, 35.9332042 ], [ -96.7521134, 35.933268 ], [ -96.7522472, 35.9332921 ], [ -96.7523823, 35.933273 ], [ -96.752498, 35.9332134 ], [ -96.7525768, 35.9331225 ], [ -96.7526066, 35.9330141 ], [ -96.752583, 35.9329048 ], [ -96.7525094, 35.9328111 ], [ -96.7523972, 35.9327473 ], [ -96.7522633, 35.9327231 ] ] ] } },
{ "type": "Feature", "properties": { "tank_id": "osm_way_460925536", "centroid_lon": -96.743968583443518, "centroid_lat": 35.939559653751566, "radius_m": 22.95, "height_m": 14.63, "roof_type": "unknown", "capacity_kbbl": 152.296, "first_seen": null, "last_seen": null, "notes": "OSM footprint, height model=flat" }, "geometry": { "type": "Polygon", "coordinates": [ [ [ -96.7439753, 35.9393534 ], [ -96.7438773, 35.939367 ], [ -96.7437931, 35.9394099 ], [ -96.7437357, 35.9394757 ], [ -96.7437138, 35.9395542 ], [ -96.7437306, 35.9396336 ], [ -96.7437837, 35.9397017 ], [ -96.7438649, 35.9397482 ], [ -96.7439619, 35.939766 ], [ -96.7440599, 35.9397523 ], [ -96.744144, 35.9397094 ], [ -96.7442014, 35.9396436 ], [ -96.7442234, 35.9395651 ], [ -96.7442066, 35.9394857 ], [ -96.7441535, 35.9394176 ], [ -96.7440723, 35.9393711 ], [ -96.7439753, 35.9393534 ] ] ] } },
{ "type": "Feature", "properties": { "tank_id": "osm_way_460925537", "centroid_lon": -96.759149880298139, "centroid_lat": 35.954570614080183, "radius_m": 32.12, "height_m": 14.63, "roof_type": "unknown", "capacity_kbbl": 298.221, "first_seen": null, "last_seen": null, "notes": "OSM footprint, height model=flat" }, "geometry": { "type": "Polygon", "coordinates": [ [ [ -96.7591445, 35.9542818 ], [ -96.7590084, 35.9543055 ], [ -96.7588938, 35.9543695 ], [ -96.7588183, 35.9544641 ], [ -96.7587932, 35.954575 ], [ -96.7588224, 35.9546851 ], [ -96.7589014, 35.9547779 ], [ -96.7590183, 35.9548391 ], [ -96.7591553, 35.9548594 ], [ -96.7592914, 35.9548357 ], [ -96.7594059, 35.9547717 ], [ -96.7594815, 35.9546771 ], [ -96.7595066, 35.9545663 ], [ -96.7594774, 35.9544561 ], [ -96.7593983, 35.9543633 ], [ -96.7592814, 35.9543022 ], [ -96.7591445, 35.9542818 ] ] ] } },
{ "type": "Feature", "properties": { "tank_id": "osm_way_460925538", "centroid_lon": -96.75706310887584, "centroid_lat": 36.016244502278006, "radius_m": 31.02, "height_m": 14.63, "roof_type": "unknown", "capacity_kbbl": 278.155, "first_seen": null, "last_seen": null, "notes": "OSM footprint, height model=flat" }, "geometry": { "type": "Polygon", "coordinates": [ [ [ -96.7571758, 36.0159809 ], [ -96.7570425, 36.0159661 ], [ -96.7569123, 36.0159937 ], [ -96.7568052, 36.0160594 ], [ -96.7567372, 36.0161534 ], [ -96.7567189, 36.0162612 ], [ -96.756753, 36.0163665 ], [ -96.7568343, 36.0164532 ], [ -96.7569505, 36.0165081 ], [ -96.7570838, 36.0165229 ], [ -96.7572139, 36.0164953 ], [ -96.7573211, 36.0164296 ], [ -96.757389, 36.0163356 ], [ -96.7574073, 36.0162278 ], [ -96.7573732, 36.0161225 ], [ -96.7572919, 36.0160358 ], [ -96.7571758, 36.0159809 ] ] ] } },
{ "type": "Feature", "properties": { "tank_id": "osm_way_460925539", "centroid_lon": -96.756135082437154, "centroid_lat": 35.941687818322912, "radius_m": 15.7, "height_m": 14.63, "roof_type": "unknown", "capacity_kbbl": 71.241, "first_seen": null, "last_seen": null, "notes": "OSM footprint, height model=flat" }, "geometry": { "type": "Polygon", "coordinates": [ [ [ -96.7561337, 35.9415467 ], [ -96.7560671, 35.9415578 ], [ -96.7560109, 35.9415888 ], [ -96.7559735, 35.9416348 ], [ -96.7559607, 35.9416889 ], [ -96.7559745, 35.9417428 ], [ -96.7560128, 35.9417884 ], [ -96.7560696, 35.9418186 ], [ -96.7561364, 35.941829 ], [ -96.756203, 35.9418178 ], [ -96.7562593, 35.9417869 ], [ -96.7562967, 35.9417408 ], [ -96.7563094, 35.9416867 ], [ -96.7562956, 35.9416328 ], [ -96.7562574, 35.9415872 ], [ -96.7562006, 35.941557 ], [ -96.7561337, 35.9415467 ] ] ] } },
{ "type": "Feature", "properties": { "tank_id": "osm_way_460925540", "centroid_lon": -96.760346149991136, "centroid_lat": 35.951850049965451, "radius_m": 18.38, "height_m": 14.63, "roof_type": "unknown", "capacity_kbbl": 97.648, "first_seen": null, "last_seen": null, "notes": "OSM footprint, height model=flat" }, "geometry": { "type": "Polygon", "coordinates": [ [ [ -96.7603569, 35.951685 ], [ -96.7602781, 35.9516943 ], [ -96.7602096, 35.9517272 ], [ -96.7601619, 35.9517789 ], [ -96.7601423, 35.9518414 ], [ -96.7601537, 35.9519052 ], [ -96.7601944, 35.9519606 ], [ -96.7602582, 35.9519992 ], [ -96.7603354, 35.9520151 ], [ -96.7604142, 35.9520058 ], [ -96.7604827, 35.9519729 ], [ -96.7605304, 35.9519212 ], [ -96.76055, 35.9518587 ], [ -96.7605386, 35.9517949 ], [ -96.7604979, 35.9517395 ], [ -96.7604341, 35.9517009 ], [ -96.7603569, 35.951685 ] ] ] } },
{ "type": "Feature", "properties": { "tank_id": "osm_way_460925542", "centroid_lon": -96.745065617655484, "centroid_lat": 36.010246681933317, "radius_m": 31.02, "height_m": 14.63, "roof_type": "unknown", "capacity_kbbl": 278.148, "first_seen": null, "last_seen": null, "notes": "OSM footprint, height model=flat" }, "geometry": { "type": "Polygon", "coordinates": [ [ [ -96.745075, 36.0099679 ], [ -96.7449424, 36.0099862 ], [ -96.7448285, 36.0100442 ], [ -96.7447508, 36.010133 ], [ -96.7447209, 36.0102391 ], [ -96.7447436, 36.0103463 ], [ -96.7448152, 36.0104384 ], [ -96.744925, 36.0105013 ], [ -96.7450562, 36.0105255 ], [ -96.7451888, 36.0105072 ], [ -96.7453027, 36.0104492 ], [ -96.7453804, 36.0103604 ], [ -96.7454103, 36.0102543 ], [ -96.7453876, 36.010147 ], [ -96.745316, 36.0100549 ], [ -96.7452062, 36.009992 ], [ -96.745075, 36.0099679 ] ] ] } },
{ "type": "Feature", "properties": { "tank_id": "osm_way_460925543", "centroid_lon": -96.764428468332881, "centroid_lat": 35.945700742391473, "radius_m": 34.82, "height_m": 14.63, "roof_type": "unknown", "capacity_kbbl": 350.434, "first_seen": null, "last_seen": null, "notes": "OSM footprint, height model=flat" }, "geometry": { "type": "Polygon", "coordinates": [ [ [ -96.7644472, 35.9453881 ], [ -96.764298, 35.945406 ], [ -96.7641686, 35.9454689 ], [ -96.7640788, 35.945567 ], [ -96.7640422, 35.9456856 ], [ -96.7640645, 35.9458064 ], [ -96.7641421, 35.9459111 ], [ -96.7642633, 35.9459838 ], [ -96.7644097, 35.9460134 ], [ -96.7645589, 35.9459955 ], [ -96.7646883, 35.9459326 ], [ -96.7647781, 35.9458345 ], [ -96.7648147, 35.945716 ], [ -96.7647925, 35.9455951 ], [ -96.7647149, 35.9454904 ], [ -96.7645936, 35.9454177 ], [ -96.7644472, 35.9453881 ] ] ] } },
{ "type": "Feature", "properties": { "tank_id": "osm_way_460925544", "centroid_lon": -96.754292392663174, "centroid_lat": 36.017657918421477, "radius_m": 20.03, "height_m": 14.63, "roof_type": "unknown", "capacity_kbbl": 115.987, "first_seen": null, "last_seen": null, "notes": "OSM footprint, height model=flat" }, "geometry": { "type": "Polygon", "coordinates": [ [ [ -96.7542978, 36.0174779 ], [ -96.7542122, 36.0174899 ], [ -96.7541388, 36.0175275 ], [ -96.7540888, 36.017585 ], [ -96.7540698, 36.0176536 ], [ -96.7540847, 36.0177228 ], [ -96.7541312, 36.0177822 ], [ -96.7542022, 36.0178226 ], [ -96.754287, 36.017838 ], [ -96.7543726, 36.0178259 ], [ -96.754446, 36.0177883 ], [ -96.754496, 36.0177308 ], [ -96.754515, 36.0176623 ], [ -96.7545001, 36.017593 ], [ -96.7544536, 36.0175337 ], [ -96.7543826, 36.0174932 ], [ -96.7542978, 36.0174779 ] ] ] } },
{ "type": "Feature", "properties": { "tank_id": "osm_way_460925545", "centroid_lon": -96.751773809, "centroid_lat": 35.953002970035328, "radius_m": 30.68, "height_m": 14.63, "roof_type": "unknown", "capacity_kbbl": 272.048, "first_seen": null, "last_seen": null, "notes": "OSM footprint, height model=flat" }, "geometry": { "type": "Polygon", "coordinates": [ [ [ -96.7517819, 35.9527272 ], [ -96.7516509, 35.9527457 ], [ -96.7515386, 35.9528034 ], [ -96.7514622, 35.9528914 ], [ -96.7514332, 35.9529965 ], [ -96.751456, 35.9531025 ], [ -96.7515273, 35.9531934 ], [ -96.751636, 35.9532553 ], [ -96.7517658, 35.9532787 ], [ -96.7518967, 35.9532602 ], [ -96.752009, 35.9532026 ], [ -96.7520854, 35.9531145 ], [ -96.7521145, 35.9530095 ], [ -96.7520916, 35.9529035 ], [ -96.7520204, 35.9528126 ], [ -96.7519116, 35.9527507 ], [ -96.7517819, 35.9527272 ] ] ] } },
{ "type": "Feature", "properties": { "tank_id": "osm_way_460925546", "centroid_lon": -96.756341610357097, "centroid_lat": 35.948108853347655, "radius_m": 31.52, "height_m": 14.63, "roof_type": "unknown", "capacity_kbbl": 287.127, "first_seen": null, "last_seen": null, "notes": "OSM footprint, height model=flat" }, "geometry": { "type": "Polygon", "coordinates": [ [ [ -96.7563443, 35.9478255 ], [ -96.7562101, 35.9478462 ], [ -96.756096, 35.9479069 ], [ -96.7560193, 35.9479984 ], [ -96.7559916, 35.9481067 ], [ -96.7560172, 35.9482153 ], [ -96.7560922, 35.9483077 ], [ -96.7562052, 35.9483698 ], [ -96.7563389, 35.9483922 ], [ -96.7564731, 35.9483715 ], [ -96.7565872, 35.9483108 ], [ -96.756664, 35.9482193 ], [ -96.7566916, 35.948111 ], [ -96.756666, 35.9480024 ], [ -96.756591, 35.94791 ], [ -96.756478, 35.9478479 ], [ -96.7563443, 35.9478255 ] ] ] } },
{ "type": "Feature", "properties": { "tank_id": "osm_way_460925547", "centroid_lon": -96.74216211664843, "centroid_lat": 35.924621895728478, "radius_m": 30.62, "height_m": 14.63, "roof_type": "unknown", "capacity_kbbl": 271.031, "first_seen": null, "last_seen": null, "notes": "OSM footprint, height model=flat" }, "geometry": { "type": "Polygon", "coordinates": [ [ [ -96.7421836, 35.9243471 ], [ -96.7420521, 35.9243614 ], [ -96.7419374, 35.9244153 ], [ -96.7418569, 35.9245007 ], [ -96.7418228, 35.9246045 ], [ -96.7418404, 35.924711 ], [ -96.741907, 35.9248039 ], [ -96.7420124, 35.9248691 ], [ -96.7421407, 35.9248966 ], [ -96.7422721, 35.9248824 ], [ -96.7423869, 35.9248285 ], [ -96.7424674, 35.9247431 ], [ -96.7425014, 35.9246393 ], [ -96.7424838, 35.9245328 ], [ -96.7424172, 35.9244399 ], [ -96.7423118, 35.9243747 ], [ -96.7421836, 35.9243471 ] ] ] } },
{ "type": "Feature", "properties": { "tank_id": "osm_way_460925548", "centroid_lon": -96.729245924981825, "centroid_lat": 35.961153449968748, "radius_m": 17.76, "height_m": 14.63, "roof_type": "unknown", "capacity_kbbl": 91.203, "first_seen": null, "last_seen": null, "notes": "OSM footprint, height model=flat" }, "geometry": { "type": "Polygon", "coordinates": [ [ [ -96.729254, 35.9609939 ], [ -96.7291779, 35.9610035 ], [ -96.7291122, 35.961036 ], [ -96.7290669, 35.9610864 ], [ -96.7290488, 35.9611469 ], [ -96.7290607, 35.9612085 ], [ -96.7291008, 35.9612617 ], [ -96.7291631, 35.9612984 ], [ -96.7292379, 35.961313 ], [ -96.7293139, 35.9613034 ], [ -96.7293796, 35.9612709 ], [ -96.729425, 35.9612205 ], [ -96.7294431, 35.96116 ], [ -96.7294311, 35.9610984 ], [ -96.729391, 35.9610452 ], [ -96.7293288, 35.9610085 ], [ -96.729254, 35.9609939 ] ] ] } },
{ "type": "Feature", "properties": { "tank_id": "osm_way_460925549", "centroid_lon": -96.756147155742283, "centroid_lat": 36.016939284815336, "radius_m": 31.02, "height_m": 14.63, "roof_type": "unknown", "capacity_kbbl": 278.09, "first_seen": null, "last_seen": null, "notes": "OSM footprint, height model=flat" }, "geometry": { "type": "Polygon", "coordinates": [ [ [ -96.7562598, 36.0166757 ], [ -96.7561265, 36.0166609 ], [ -96.7559964, 36.0166885 ], [ -96.7558892, 36.0167542 ], [ -96.7558213, 36.0168482 ], [ -96.755803, 36.016956 ], [ -96.7558371, 36.0170612 ], [ -96.7559184, 36.0171479 ], [ -96.7560345, 36.0172029 ], [ -96.7561678, 36.0172177 ], [ -96.7562979, 36.0171901 ], [ -96.7564051, 36.0171243 ], [ -96.756473, 36.0170304 ], [ -96.7564913, 36.0169226 ], [ -96.7564572, 36.0168173 ], [ -96.7563759, 36.0167306 ], [ -96.7562598, 36.0166757 ] ] ] } },
{ "type": "Feature", "properties": { "tank_id": "osm_way_460925550", "centroid_lon": -96.719040125149306, "centroid_lat": 35.961971912089489, "radius_m": 17.76, "height_m": 14.63, "roof_type": "unknown", "capacity_kbbl": 91.197, "first_seen": null, "last_seen": null, "notes": "OSM footprint, height model=flat" }, "geometry": { "type": "Polygon", "coordinates": [ [ [ -96.7190482, 35.9618123 ], [ -96.7189721, 35.961822 ], [ -96.7189064, 35.9618545 ], [ -96.7188611, 35.9619048 ], [ -96.718843, 35.9619654 ], [ -96.7188549, 35.962027 ], [ -96.718895, 35.9620801 ], [ -96.7189572, 35.9621168 ], [ -96.7190321, 35.9621315 ], [ -96.7191081, 35.9621218 ], [ -96.7191738, 35.9620894 ], [ -96.7192192, 35.962039 ], [ -96.7192373, 35.9619784 ], [ -96.7192253, 35.9619169 ], [ -96.7191852, 35.9618637 ], [ -96.719123, 35.961827 ], [ -96.7190482, 35.9618123 ] ] ] } },
{ "type": "Feature", "properties": { "tank_id": "osm_way_460925551", "centroid_lon": -96.736571036919457, "centroid_lat": 35.940135161436174, "radius_m": 30.61, "height_m": 14.63, "roof_type": "unknown", "capacity_kbbl": 270.899, "first_seen": null, "last_seen": null, "notes": "OSM footprint, height model=flat" }, "geometry": { "type": "Polygon", "coordinates": [ [ [ -96.7365925, 35.9398605 ], [ -96.736461, 35.9398747 ], [ -96.7363463, 35.9399286 ], [ -96.7362658, 35.940014 ], [ -96.7362317, 35.9401178 ], [ -96.7362494, 35.9402242 ], [ -96.736316, 35.9403171 ], [ -96.7364214, 35.9403823 ], [ -96.7365496, 35.9404099 ], [ -96.7366811, 35.9403956 ], [ -96.7367958, 35.9403417 ], [ -96.7368763, 35.9402563 ], [ -96.7369103, 35.9401525 ], [ -96.7368927, 35.9400461 ], [ -96.7368261, 35.9399532 ], [ -96.7367207, 35.939888 ], [ -96.7365925, 35.9398605 ] ] ] } },
{ "type": "Feature", "properties": { "tank_id": "osm_way_460925552", "centroid_lon": -96.766568875301886, "centroid_lat": 35.943066749616939, "radius_m": 25.36, "height_m": 14.63, "roof_type": "unknown", "capacity_kbbl": 185.913, "first_seen": null, "last_seen": null, "notes": "OSM footprint, height model=flat" }, "geometry": { "type": "Polygon", "coordinates": [ [ [ -96.7665689, 35.9428387 ], [ -96.7664611, 35.9428561 ], [ -96.7663697, 35.9429055 ], [ -96.7663087, 35.9429795 ], [ -96.7662872, 35.9430667 ], [ -96.7663087, 35.943154 ], [ -96.7663697, 35.943228 ], [ -96.7664611, 35.9432774 ], [ -96.7665689, 35.9432948 ], [ -96.7666767, 35.9432774 ], [ -96.766768, 35.943228 ], [ -96.7668291, 35.943154 ], [ -96.7668505, 35.9430667 ], [ -96.7668291, 35.9429795 ], [ -96.766768, 35.9429055 ], [ -96.7666767, 35.9428561 ], [ -96.7665689, 35.9428387 ] ] ] } },
{ "type": "Feature", "properties": { "tank_id": "osm_way_460925553", "centroid_lon": -96.735820009437845, "centroid_lat": 35.937437982051676, "radius_m": 42.27, "height_m": 14.63, "roof_type": "unknown", "capacity_kbbl": 516.494, "first_seen": null, "last_seen": null, "notes": "OSM footprint, height model=flat" }, "geometry": { "type": "Polygon", "coordinates": [ [ [ -96.735824, 35.9370579 ], [ -96.7356441, 35.9370856 ], [ -96.735491, 35.937167 ], [ -96.7353879, 35.9372895 ], [ -96.7353506, 35.9374347 ], [ -96.7353848, 35.9375804 ], [ -96.7354853, 35.9377044 ], [ -96.7356367, 35.9377879 ], [ -96.735816, 35.937818 ], [ -96.7359959, 35.9377904 ], [ -96.7361491, 35.937709 ], [ -96.7362521, 35.9375864 ], [ -96.7362894, 35.9374413 ], [ -96.7362552, 35.9372956 ], [ -96.7361548, 35.9371716 ], [ -96.7360034, 35.9370881 ], [ -96.735824, 35.9370579 ] ] ] } },
{ "type": "Feature", "properties": { "tank_id": "osm_way_460925554", "centroid_lon": -96.759679627523496, "centroid_lat": 35.944279520730269, "radius_m": 18.48, "height_m": 14.63, "roof_type": "unknown", "capacity_kbbl": 98.678, "first_seen": null, "last_seen": null, "notes": "OSM footprint, height model=flat" }, "geometry": { "type": "Polygon", "coordinates": [ [ [ -96.759681, 35.9441134 ], [ -96.7596023, 35.9441256 ], [ -96.7595355, 35.9441613 ], [ -96.7594906, 35.944215 ], [ -96.7594744, 35.9442784 ], [ -96.7594895, 35.9443421 ], [ -96.7595336, 35.9443962 ], [ -96.7595999, 35.9444326 ], [ -96.7596783, 35.9444456 ], [ -96.7597569, 35.9444334 ], [ -96.7598238, 35.9443978 ], [ -96.7598687, 35.9443441 ], [ -96.7598848, 35.9442806 ], [ -96.7598697, 35.944217 ], [ -96.7598257, 35.9441628 ], [ -96.7597594, 35.9441265 ], [ -96.759681, 35.9441134 ] ] ] } },
{ "type": "Feature", "properties": { "tank_id": "osm_way_460925555", "centroid_lon": -96.744364199495209, "centroid_lat": 35.926832984930726, "radius_m": 30.62, "height_m": 14.63, "roof_type": "unknown", "capacity_kbbl": 271.023, "first_seen": null, "last_seen": null, "notes": "OSM footprint, height model=flat" }, "geometry": { "type": "Polygon", "coordinates": [ [ [ -96.7443857, 35.9265582 ], [ -96.7442542, 35.9265725 ], [ -96.7441395, 35.9266264 ], [ -96.7440589, 35.9267118 ], [ -96.7440249, 35.9268156 ], [ -96.7440425, 35.9269221 ], [ -96.7441091, 35.927015 ], [ -96.7442145, 35.9270802 ], [ -96.7443428, 35.9271077 ], [ -96.7444742, 35.9270935 ], [ -96.744589, 35.9270395 ], [ -96.7446695, 35.9269542 ], [ -96.7447035, 35.9268504 ], [ -96.7446859, 35.9267439 ], [ -96.7446193, 35.926651 ], [ -96.7445139, 35.9265858 ], [ -96.7443857, 35.9265582 ] ] ] } },
{ "type": "Feature", "properties": { "tank_id": "osm_way_460925557", "centroid_lon": -96.745658396927055, "centroid_lat": 35.938015619829827, "radius_m": 31.42, "height_m": 14.63, "roof_type": "unknown", "capacity_kbbl": 285.328, "first_seen": null, "last_seen": null, "notes": "OSM footprint, height model=flat" }, "geometry": { "type": "Polygon", "coordinates": [ [ [ -96.7456704, 35.9377333 ], [ -96.7455361, 35.9377511 ], [ -96.7454204, 35.9378091 ], [ -96.7453408, 35.9378986 ], [ -96.7453097, 35.9380059 ], [ -96.7453316, 35.9381146 ], [ -96.7454033, 35.9382083 ], [ -96.7455138, 35.9382727 ], [ -96.7456463, 35.9382979 ], [ -96.7457807, 35.9382802 ], [ -96.7458964, 35.9382222 ], [ -96.7459759, 35.9381327 ], [ -96.7460071, 35.9380254 ], [ -96.7459851, 35.9379166 ], [ -96.7459135, 35.9378229 ], [ -96.745803, 35.9377585 ], [ -96.7456704, 35.9377333 ] ] ] } },
{ "type": "Feature", "properties": { "tank_id": "osm_way_460925559", "centroid_lon": -96.750502394938692, "centroid_lat": 35.957312785452032, "radius_m": 23.8, "height_m": 14.63, "roof_type": "unknown", "capacity_kbbl": 163.683, "first_seen": null, "last_seen": null, "notes": "OSM footprint, height model=flat" }, "geometry": { "type": "Polygon", "coordinates": [ [ [ -96.7505104, 35.9570989 ], [ -96.7504087, 35.9571127 ], [ -96.7503213, 35.957157 ], [ -96.7502614, 35.9572249 ], [ -96.7502382, 35.9573063 ], [ -96.7502552, 35.9573886 ], [ -96.7503099, 35.9574594 ], [ -96.7503939, 35.9575079 ], [ -96.7504944, 35.9575266 ], [ -96.7505961, 35.9575129 ], [ -96.7506835, 35.9574686 ], [ -96.7507434, 35.9574006 ], [ -96.7507666, 35.9573193 ], [ -96.7507496, 35.957237 ], [ -96.7506949, 35.9571662 ], [ -96.7506109, 35.9571177 ], [ -96.7505104, 35.9570989 ] ] ] } },
{ "type": "Feature", "properties": { "tank_id": "osm_way_460925560", "centroid_lon": -96.720472420025331, "centroid_lat": 35.961255495168395, "radius_m": 17.76, "height_m": 14.63, "roof_type": "unknown", "capacity_kbbl": 91.198, "first_seen": null, "last_seen": null, "notes": "OSM footprint, height model=flat" }, "geometry": { "type": "Polygon", "coordinates": [ [ [ -96.7204805, 35.9610959 ], [ -96.7204044, 35.9611056 ], [ -96.7203387, 35.961138 ], [ -96.7202934, 35.9611884 ], [ -96.7202753, 35.961249 ], [ -96.7202872, 35.9613105 ], [ -96.7203273, 35.9613637 ], [ -96.7203895, 35.9614004 ], [ -96.7204644, 35.9614151 ], [ -96.7205404, 35.9614054 ], [ -96.7206061, 35.9613729 ], [ -96.7206515, 35.9613226 ], [ -96.7206696, 35.961262 ], [ -96.7206576, 35.9612004 ], [ -96.7206175, 35.9611473 ], [ -96.7205553, 35.9611106 ], [ -96.7204805, 35.9610959 ] ] ] } },
{ "type": "Feature", "properties": { "tank_id": "osm_way_460925561", "centroid_lon": -96.759530717002377, "centroid_lat": 35.957351867393093, "radius_m": 18.38, "height_m": 14.63, "roof_type": "unknown", "capacity_kbbl": 97.618, "first_seen": null, "last_seen": null, "notes": "OSM footprint, height model=flat" }, "geometry": { "type": "Polygon", "coordinates": [ [ [ -96.7595414, 35.9571869 ], [ -96.7594626, 35.9571961 ], [ -96.7593942, 35.957229 ], [ -96.7593465, 35.9572807 ], [ -96.7593269, 35.9573432 ], [ -96.7593383, 35.957407 ], [ -96.759379, 35.9574624 ], [ -96.7594428, 35.957501 ], [ -96.75952, 35.9575169 ], [ -96.7595988, 35.9575076 ], [ -96.7596673, 35.9574747 ], [ -96.7597149, 35.957423 ], [ -96.7597346, 35.9573605 ], [ -96.7597231, 35.9572967 ], [ -96.7596824, 35.9572413 ], [ -96.7596186, 35.9572027 ], [ -96.7595414, 35.9571869 ] ] ] } },
{ "type": "Feature", "properties": { "tank_id": "osm_way_460925562", "centroid_lon": -96.758372057431828, "centroid_lat": 35.94106891831197, "radius_m": 15.7, "height_m": 14.63, "roof_type": "unknown", "capacity_kbbl": 71.242, "first_seen": null, "last_seen": null, "notes": "OSM footprint, height model=flat" }, "geometry": { "type": "Polygon", "coordinates": [ [ [ -96.7583707, 35.9409278 ], [ -96.7583041, 35.9409389 ], [ -96.7582478, 35.9409699 ], [ -96.7582105, 35.9410159 ], [ -96.7581977, 35.94107 ], [ -96.7582115, 35.9411239 ], [ -96.7582497, 35.9411695 ], [ -96.7583066, 35.9411997 ], [ -96.7583734, 35.9412101 ], [ -96.75844, 35.9411989 ], [ -96.7584963, 35.941168 ], [ -96.7585336, 35.9411219 ], [ -96.7585464, 35.9410678 ], [ -96.7585326, 35.9410139 ], [ -96.7584944, 35.9409683 ], [ -96.7584375, 35.9409381 ], [ -96.7583707, 35.9409278 ] ] ] } },
{ "type": "Feature", "properties": { "tank_id": "osm_way_460925563", "centroid_lon": -96.737161120827366, "centroid_lat": 35.940786644869966, "radius_m": 30.61, "height_m": 14.63, "roof_type": "unknown", "capacity_kbbl": 270.914, "first_seen": null, "last_seen": null, "notes": "OSM footprint, height model=flat" }, "geometry": { "type": "Polygon", "coordinates": [ [ [ -96.7371826, 35.9405119 ], [ -96.7370511, 35.9405262 ], [ -96.7369364, 35.9405801 ], [ -96.7368559, 35.9406655 ], [ -96.7368218, 35.9407693 ], [ -96.7368394, 35.9408757 ], [ -96.736906, 35.9409686 ], [ -96.7370115, 35.9410338 ], [ -96.7371397, 35.9410613 ], [ -96.7372712, 35.9410471 ], [ -96.7373859, 35.9409932 ], [ -96.7374664, 35.9409078 ], [ -96.7375004, 35.940804 ], [ -96.7374828, 35.9406976 ], [ -96.7374162, 35.9406047 ], [ -96.7373108, 35.9405395 ], [ -96.7371826, 35.9405119 ] ] ] } },
{ "type": "Feature", "properties": { "tank_id": "osm_way_460925565", "centroid_lon": -96.752264639741895, "centroid_lat": 35.94039573728594, "radius_m": 15.7, "height_m": 14.63, "roof_type": "unknown", "capacity_kbbl": 71.247, "first_seen": null, "last_seen": null, "notes": "OSM footprint, height model=flat" }, "geometry": { "type": "Polygon", "coordinates": [ [ [ -96.7522633, 35.9402546 ], [ -96.7521967, 35.9402657 ], [ -96.7521404, 35.9402967 ], [ -96.7521031, 35.9403427 ], [ -96.7520903, 35.9403968 ], [ -96.7521041, 35.9404508 ], [ -96.7521423, 35.9404963 ], [ -96.7521992, 35.9405266 ], [ -96.752266, 35.9405369 ], [ -96.7523326, 35.9405257 ], [ -96.7523889, 35.9404948 ], [ -96.7524262, 35.9404487 ], [ -96.752439, 35.9403946 ], [ -96.7524252, 35.9403407 ], [ -96.752387, 35.9402952 ], [ -96.7523301, 35.9402649 ], [ -96.7522633, 35.9402546 ] ] ] } },
{ "type": "Feature", "properties": { "tank_id": "osm_way_460925566", "centroid_lon": -96.746806349974534, "centroid_lat": 36.010235799901338, "radius_m": 31.02, "height_m": 14.63, "roof_type": "unknown", "capacity_kbbl": 278.165, "first_seen": null, "last_seen": null, "notes": "OSM footprint, height model=flat" }, "geometry": { "type": "Polygon", "coordinates": [ [ [ -96.7468157, 36.009957 ], [ -96.7466831, 36.0099753 ], [ -96.7465693, 36.0100333 ], [ -96.7464915, 36.0101221 ], [ -96.7464617, 36.0102282 ], [ -96.7464843, 36.0103355 ], [ -96.746556, 36.0104276 ], [ -96.7466658, 36.0104905 ], [ -96.746797, 36.0105146 ], [ -96.7469296, 36.0104963 ], [ -96.7470434, 36.0104383 ], [ -96.7471212, 36.0103495 ], [ -96.747151, 36.0102434 ], [ -96.7471284, 36.0101361 ], [ -96.7470567, 36.010044 ], [ -96.7469469, 36.0099811 ], [ -96.7468157, 36.009957 ] ] ] } },
{ "type": "Feature", "properties": { "tank_id": "osm_way_460925567", "centroid_lon": -96.71613529491448, "centroid_lat": 35.957877302085834, "radius_m": 17.76, "height_m": 14.63, "roof_type": "unknown", "capacity_kbbl": 91.196, "first_seen": null, "last_seen": null, "notes": "OSM footprint, height model=flat" }, "geometry": { "type": "Polygon", "coordinates": [ [ [ -96.7161433, 35.9577177 ], [ -96.7160673, 35.9577274 ], [ -96.7160016, 35.9577599 ], [ -96.7159562, 35.9578102 ], [ -96.7159382, 35.9578708 ], [ -96.7159501, 35.9579324 ], [ -96.7159902, 35.9579855 ], [ -96.7160524, 35.9580222 ], [ -96.7161272, 35.9580369 ], [ -96.7162033, 35.9580272 ], [ -96.716269, 35.9579947 ], [ -96.7163144, 35.9579444 ], [ -96.7163324, 35.9578838 ], [ -96.7163205, 35.9578223 ], [ -96.7162804, 35.9577691 ], [ -96.7162182, 35.9577324 ], [ -96.7161433, 35.9577177 ] ] ] } },
{ "type": "Feature", "properties": { "tank_id": "osm_way_460925570", "centroid_lon": -96.766531333022797, "centroid_lat": 35.944719258051535, "radius_m": 34.82, "height_m": 14.63, "roof_type": "unknown", "capacity_kbbl": 350.438, "first_seen": null, "last_seen": null, "notes": "OSM footprint, height model=flat" }, "geometry": { "type": "Polygon", "coordinates": [ [ [ -96.7665501, 35.9444066 ], [ -96.7664009, 35.9444245 ], [ -96.7662715, 35.9444874 ], [ -96.7661817, 35.9445855 ], [ -96.7661451, 35.9447041 ], [ -96.7661673, 35.9448249 ], [ -96.7662449, 35.9449296 ], [ -96.7663662, 35.9450023 ], [ -96.7665126, 35.9450319 ], [ -96.7666618, 35.945014 ], [ -96.7667912, 35.9449511 ], [ -96.766881, 35.944853 ], [ -96.7669176, 35.9447345 ], [ -96.7668953, 35.9446136 ], [ -96.7668177, 35.9445089 ], [ -96.7666965, 35.9444362 ], [ -96.7665501, 35.9444066 ] ] ] } },
{ "type": "Feature", "properties": { "tank_id": "osm_way_460925571", "centroid_lon": -96.748332562434925, "centroid_lat": 36.011841371524596, "radius_m": 31.02, "height_m": 14.63, "roof_type": "unknown", "capacity_kbbl": 278.123, "first_seen": null, "last_seen": null, "notes": "OSM footprint, height model=flat" }, "geometry": { "type": "Polygon", "coordinates": [ [ [ -96.7483419, 36.0115626 ], [ -96.7482093, 36.0115809 ], [ -96.7480955, 36.0116389 ], [ -96.7480177, 36.0117277 ], [ -96.7479879, 36.0118338 ], [ -96.7480105, 36.011941 ], [ -96.7480822, 36.0120331 ], [ -96.748192, 36.012096 ], [ -96.7483231, 36.0121202 ], [ -96.7484558, 36.0121018 ], [ -96.7485696, 36.0120439 ], [ -96.7486474, 36.0119551 ], [ -96.7486772, 36.011849 ], [ -96.7486546, 36.0117417 ], [ -96.7485829, 36.0116496 ], [ -96.7484731, 36.0115867 ], [ -96.7483419, 36.0115626 ] ] ] } },
{ "type": "Feature", "properties": { "tank_id": "osm_way_460925572", "centroid_lon": -96.757693425444288, "centroid_lat": 35.944912507862895, "radius_m": 17.63, "height_m": 14.63, "roof_type": "unknown", "capacity_kbbl": 89.863, "first_seen": null, "last_seen": null, "notes": "OSM footprint, height model=flat" }, "geometry": { "type": "Polygon", "coordinates": [ [ [ -96.7576961, 35.944754 ], [ -96.757621, 35.9447652 ], [ -96.7575569, 35.9447989 ], [ -96.7575136, 35.9448498 ], [ -96.7574976, 35.9449103 ], [ -96.7575115, 35.9449712 ], [ -96.7575531, 35.9450231 ], [ -96.757616, 35.9450581 ], [ -96.7576908, 35.945071 ], [ -96.7577659, 35.9450598 ], [ -96.75783, 35.9450261 ], [ -96.7578733, 35.9449752 ], [ -96.7578892, 35.9449147 ], [ -96.7578754, 35.9448539 ], [ -96.7578338, 35.944802 ], [ -96.7577709, 35.9447669 ], [ -96.7576961, 35.944754 ] ] ] } },
{ "type": "Feature", "properties": { "tank_id": "osm_way_460925573", "centroid_lon": -96.730930351718271, "centroid_lat": 35.960471753072895, "radius_m": 17.76, "height_m": 14.63, "roof_type": "unknown", "capacity_kbbl": 91.208, "first_seen": null, "last_seen": null, "notes": "OSM footprint, height model=flat" }, "geometry": { "type": "Polygon", "coordinates": [ [ [ -96.7309384, 35.9603122 ], [ -96.7308624, 35.9603218 ], [ -96.7307966, 35.9603543 ], [ -96.7307513, 35.9604047 ], [ -96.7307332, 35.9604652 ], [ -96.7307451, 35.9605268 ], [ -96.7307853, 35.96058 ], [ -96.7308475, 35.9606167 ], [ -96.7309223, 35.9606313 ], [ -96.7309984, 35.9606217 ], [ -96.7310641, 35.9605892 ], [ -96.7311094, 35.9605388 ], [ -96.7311275, 35.9604783 ], [ -96.7311156, 35.9604167 ], [ -96.7310754, 35.9603635 ], [ -96.7310132, 35.9603268 ], [ -96.7309384, 35.9603122 ] ] ] } },
{ "type": "Feature", "properties": { "tank_id": "osm_way_460925574", "centroid_lon": -96.742724056856687, "centroid_lat": 35.946441207451521, "radius_m": 41.38, "height_m": 14.63, "roof_type": "unknown", "capacity_kbbl": 495.031, "first_seen": null, "last_seen": null, "notes": "OSM footprint, height model=flat" }, "geometry": { "type": "Polygon", "coordinates": [ [ [ -96.7427535, 35.9460699 ], [ -96.7425758, 35.946089 ], [ -96.7424206, 35.9461618 ], [ -96.7423116, 35.946277 ], [ -96.7422654, 35.9464173 ], [ -96.742289, 35.9465612 ], [ -96.7423789, 35.9466869 ], [ -96.7425213, 35.9467751 ], [ -96.7426945, 35.9468125 ], [ -96.7428723, 35.9467934 ], [ -96.7430275, 35.9467207 ], [ -96.7431365, 35.9466054 ], [ -96.7431827, 35.9464651 ], [ -96.7431591, 35.9463212 ], [ -96.7430692, 35.9461955 ], [ -96.7429268, 35.9461073 ], [ -96.7427535, 35.9460699 ] ] ] } },
{ "type": "Feature", "properties": { "tank_id": "osm_way_460925575", "centroid_lon": -96.750341519004735, "centroid_lat": 35.954231895107704, "radius_m": 30.67, "height_m": 14.63, "roof_type": "unknown", "capacity_kbbl": 272.016, "first_seen": null, "last_seen": null, "notes": "OSM footprint, height model=flat" }, "geometry": { "type": "Polygon", "coordinates": [ [ [ -96.7503496, 35.9539562 ], [ -96.7502186, 35.9539747 ], [ -96.7501063, 35.9540323 ], [ -96.7500299, 35.9541204 ], [ -96.7500009, 35.9542254 ], [ -96.7500237, 35.9543314 ], [ -96.750095, 35.9544223 ], [ -96.7502037, 35.9544842 ], [ -96.7503335, 35.9545076 ], [ -96.7504644, 35.9544891 ], [ -96.7505767, 35.9544315 ], [ -96.7506531, 35.9543434 ], [ -96.7506822, 35.9542384 ], [ -96.7506593, 35.9541324 ], [ -96.7505881, 35.9540415 ], [ -96.7504793, 35.9539796 ], [ -96.7503496, 35.9539562 ] ] ] } },
{ "type": "Feature", "properties": { "tank_id": "osm_way_460925576", "centroid_lon": -96.756030473298665, "centroid_lat": 35.94733474648104, "radius_m": 31.52, "height_m": 14.63, "roof_type": "unknown", "capacity_kbbl": 287.141, "first_seen": null, "last_seen": null, "notes": "OSM footprint, height model=flat" }, "geometry": { "type": "Polygon", "coordinates": [ [ [ -96.7560332, 35.9470514 ], [ -96.755899, 35.9470721 ], [ -96.7557849, 35.9471328 ], [ -96.7557081, 35.9472243 ], [ -96.7556804, 35.9473326 ], [ -96.7557061, 35.9474412 ], [ -96.7557811, 35.9475336 ], [ -96.755894, 35.9475957 ], [ -96.7560278, 35.9476181 ], [ -96.7561619, 35.9475974 ], [ -96.7562761, 35.9475367 ], [ -96.7563528, 35.9474452 ], [ -96.7563805, 35.9473369 ], [ -96.7563549, 35.9472283 ], [ -96.7562799, 35.9471359 ], [ -96.7561669, 35.9470738 ], [ -96.7560332, 35.9470514 ] ] ] } },
{ "type": "Feature", "properties": { "tank_id": "osm_way_460925577", "centroid_lon": -96.752975434236049, "centroid_lat": 36.020238457377815, "radius_m": 37.53, "height_m": 14.63, "roof_type": "unknown", "capacity_kbbl": 407.178, "first_seen": null, "last_seen": null, "notes": "OSM footprint, height model=flat" }, "geometry": { "type": "Polygon", "coordinates": [ [ [ -96.7529862, 36.0199011 ], [ -96.7528257, 36.0199235 ], [ -96.7526881, 36.0199938 ], [ -96.7525942, 36.0201013 ], [ -96.7525584, 36.0202298 ], [ -96.752586, 36.0203595 ], [ -96.7526729, 36.0204709 ], [ -96.7528059, 36.0205468 ], [ -96.7529647, 36.0205758 ], [ -96.7531251, 36.0205534 ], [ -96.7532628, 36.0204831 ], [ -96.7533567, 36.0203756 ], [ -96.7533925, 36.0202471 ], [ -96.7533649, 36.0201174 ], [ -96.7532779, 36.0200061 ], [ -96.753145, 36.0199301 ], [ -96.7529862, 36.0199011 ] ] ] } },
{ "type": "Feature", "properties": { "tank_id": "osm_way_460925578", "centroid_lon": -96.743181367903134, "centroid_lat": 35.92464795312663, "radius_m": 30.62, "height_m": 14.63, "roof_type": "unknown", "capacity_kbbl": 270.968, "first_seen": null, "last_seen": null, "notes": "OSM footprint, height model=flat" }, "geometry": { "type": "Polygon", "coordinates": [ [ [ -96.7432028, 35.9243732 ], [ -96.7430713, 35.9243875 ], [ -96.7429566, 35.9244414 ], [ -96.7428761, 35.9245268 ], [ -96.7428421, 35.9246306 ], [ -96.7428597, 35.924737 ], [ -96.7429263, 35.9248299 ], [ -96.7430317, 35.9248951 ], [ -96.7431599, 35.9249227 ], [ -96.7432914, 35.9249084 ], [ -96.7434061, 35.9248545 ], [ -96.7434866, 35.9247692 ], [ -96.7435207, 35.9246653 ], [ -96.743503, 35.9245589 ], [ -96.7434364, 35.924466 ], [ -96.743331, 35.9244008 ], [ -96.7432028, 35.9243732 ] ] ] } },
{ "type": "Feature", "properties": { "tank_id": "osm_way_460925579", "centroid_lon": -96.760965752971558, "centroid_lat": 35.947253331311892, "radius_m": 42.8, "height_m": 14.63, "roof_type": "unknown", "capacity_kbbl": 529.535, "first_seen": null, "last_seen": null, "notes": "OSM footprint, height model=flat" }, "geometry": { "type": "Polygon", "coordinates": [ [ [ -96.7609899, 35.946869 ], [ -96.7608064, 35.9468908 ], [ -96.7606471, 35.9469677 ], [ -96.7605364, 35.9470882 ], [ -96.760491, 35.9472338 ], [ -96.7605179, 35.9473823 ], [ -96.760613, 35.9475113 ], [ -96.7607618, 35.9476009 ], [ -96.7609416, 35.9476377 ], [ -96.7611251, 35.9476159 ], [ -96.7612844, 35.9475389 ], [ -96.7613951, 35.9474185 ], [ -96.7614405, 35.9472729 ], [ -96.7614136, 35.9471243 ], [ -96.7613185, 35.9469954 ], [ -96.7611697, 35.9469057 ], [ -96.7609899, 35.946869 ] ] ] } },
{ "type": "Feature", "properties": { "tank_id": "osm_way_460925580", "centroid_lon": -96.715219322818797, "centroid_lat": 35.941536891012724, "radius_m": 15.94, "height_m": 14.63, "roof_type": "unknown", "capacity_kbbl": 73.451, "first_seen": null, "last_seen": null, "notes": "OSM footprint, height model=flat" }, "geometry": { "type": "Polygon", "coordinates": [ [ [ -96.71522, 35.9413936 ], [ -96.7151522, 35.9414043 ], [ -96.7150946, 35.9414352 ], [ -96.715056, 35.9414815 ], [ -96.7150423, 35.9415364 ], [ -96.7150555, 35.9415912 ], [ -96.7150937, 35.9416379 ], [ -96.715151, 35.9416691 ], [ -96.7152187, 35.9416802 ], [ -96.7152865, 35.9416695 ], [ -96.715344, 35.9416386 ], [ -96.7153826, 35.9415922 ], [ -96.7153964, 35.9415374 ], [ -96.7153831, 35.9414825 ], [ -96.715345, 35.9414359 ], [ -96.7152877, 35.9414047 ], [ -96.71522, 35.9413936 ] ] ] } },
{ "type": "Feature", "properties": { "tank_id": "osm_way_460925581", "centroid_lon": -96.741305132322921, "centroid_lat": 35.940207880419592, "radius_m": 22.11, "height_m": 14.63, "roof_type": "unknown", "capacity_kbbl": 141.287, "first_seen": null, "last_seen": null, "notes": "OSM footprint, height model=flat" }, "geometry": { "type": "Polygon", "coordinates": [ [ [ -96.7413119, 35.9400092 ], [ -96.7412174, 35.9400222 ], [ -96.7411364, 35.9400635 ], [ -96.741081, 35.9401268 ], [ -96.7410597, 35.9402025 ], [ -96.7410758, 35.9402789 ], [ -96.7411269, 35.9403446 ], [ -96.741205, 35.9403894 ], [ -96.7412984, 35.9404066 ], [ -96.7413929, 35.9403935 ], [ -96.7414739, 35.9403522 ], [ -96.7415293, 35.9402889 ], [ -96.7415506, 35.9402133 ], [ -96.7415345, 35.9401369 ], [ -96.7414834, 35.9400712 ], [ -96.7414053, 35.9400264 ], [ -96.7413119, 35.9400092 ] ] ] } },
{ "type": "Feature", "properties": { "tank_id": "osm_way_460925582", "centroid_lon": -96.745332491494025, "centroid_lat": 35.926828611443433, "radius_m": 30.62, "height_m": 14.63, "roof_type": "unknown", "capacity_kbbl": 271.013, "first_seen": null, "last_seen": null, "notes": "OSM footprint, height model=flat" }, "geometry": { "type": "Polygon", "coordinates": [ [ [ -96.7453539, 35.9265539 ], [ -96.7452225, 35.9265681 ], [ -96.7451077, 35.9266221 ], [ -96.7450272, 35.9267074 ], [ -96.7449932, 35.9268113 ], [ -96.7450108, 35.9269177 ], [ -96.7450774, 35.9270106 ], [ -96.7451828, 35.9270758 ], [ -96.745311, 35.9271034 ], [ -96.7454425, 35.9270891 ], [ -96.7455572, 35.9270352 ], [ -96.7456377, 35.9269498 ], [ -96.7456718, 35.926846 ], [ -96.7456542, 35.9267395 ], [ -96.7455876, 35.9266466 ], [ -96.7454822, 35.9265814 ], [ -96.7453539, 35.9265539 ] ] ] } },
{ "type": "Feature", "properties": { "tank_id": "osm_way_460925583", "centroid_lon": -96.738070400295868, "centroid_lat": 35.944125349677179, "radius_m": 32.01, "height_m": 14.63, "roof_type": "unknown", "capacity_kbbl": 296.189, "first_seen": null, "last_seen": null, "notes": "OSM footprint, height model=flat" }, "geometry": { "type": "Polygon", "coordinates": [ [ [ -96.7380785, 35.9438376 ], [ -96.7379418, 35.943857 ], [ -96.7378248, 35.9439173 ], [ -96.7377451, 35.9440092 ], [ -96.737715, 35.9441188 ], [ -96.737739, 35.9442294 ], [ -96.7378134, 35.9443242 ], [ -96.737927, 35.9443887 ], [ -96.7380624, 35.9444131 ], [ -96.738199, 35.9443937 ], [ -96.738316, 35.9443334 ], [ -96.7383957, 35.9442415 ], [ -96.7384258, 35.9441319 ], [ -96.7384018, 35.9440213 ], [ -96.7383274, 35.9439265 ], [ -96.7382138, 35.943862 ], [ -96.7380785, 35.9438376 ] ] ] } },
{ "type": "Feature", "properties": { "tank_id": "osm_way_460925584", "centroid_lon": -96.736166014895886, "centroid_lat": 35.935859146281352, "radius_m": 42.27, "height_m": 14.63, "roof_type": "unknown", "capacity_kbbl": 516.503, "first_seen": null, "last_seen": null, "notes": "OSM footprint, height model=flat" }, "geometry": { "type": "Polygon", "coordinates": [ [ [ -96.7361701, 35.9354791 ], [ -96.7359901, 35.9355068 ], [ -96.735837, 35.9355881 ], [ -96.7357339, 35.9357107 ], [ -96.7356966, 35.9358559 ], [ -96.7357308, 35.9360016 ], [ -96.7358313, 35.9361256 ], [ -96.7359827, 35.936209 ], [ -96.736162, 35.9362392 ], [ -96.7363419, 35.9362115 ], [ -96.7364951, 35.9361302 ], [ -96.7365981, 35.9360076 ], [ -96.7366354, 35.9358624 ], [ -96.7366012, 35.9357167 ], [ -96.7365008, 35.9355927 ], [ -96.7363494, 35.9355093 ], [ -96.7361701, 35.9354791 ] ] ] } },
{ "type": "Feature", "properties": { "tank_id": "osm_way_460925585", "centroid_lon": -96.716223808452455, "centroid_lat": 35.963365682612441, "radius_m": 17.76, "height_m": 14.63, "roof_type": "unknown", "capacity_kbbl": 91.183, "first_seen": null, "last_seen": null, "notes": "OSM footprint, height model=flat" }, "geometry": { "type": "Polygon", "coordinates": [ [ [ -96.7162319, 35.9632061 ], [ -96.7161558, 35.9632158 ], [ -96.7160901, 35.9632482 ], [ -96.7160448, 35.9632986 ], [ -96.7160267, 35.9633592 ], [ -96.7160386, 35.9634207 ], [ -96.7160787, 35.9634739 ], [ -96.7161409, 35.9635106 ], [ -96.7162158, 35.9635252 ], [ -96.7162918, 35.9635156 ], [ -96.7163575, 35.9634831 ], [ -96.7164029, 35.9634328 ], [ -96.7164209, 35.9633722 ], [ -96.716409, 35.9633106 ], [ -96.7163689, 35.9632575 ], [ -96.7163067, 35.9632208 ], [ -96.7162319, 35.9632061 ] ] ] } },
{ "type": "Feature", "properties": { "tank_id": "osm_way_460925587", "centroid_lon": -96.758103819132131, "centroid_lat": 36.016089373368722, "radius_m": 26.7, "height_m": 14.63, "roof_type": "unknown", "capacity_kbbl": 206.014, "first_seen": null, "last_seen": null, "notes": "OSM footprint, height model=flat" }, "geometry": { "type": "Polygon", "coordinates": [ [ [ -96.7582513, 36.0158811 ], [ -96.7581416, 36.0158513 ], [ -96.7580261, 36.0158577 ], [ -96.7579224, 36.0158994 ], [ -96.7578463, 36.0159701 ], [ -96.7578095, 36.0160588 ], [ -96.7578174, 36.0161523 ], [ -96.757869, 36.0162361 ], [ -96.7579563, 36.0162976 ], [ -96.7580661, 36.0163275 ], [ -96.7581816, 36.016321 ], [ -96.7582853, 36.0162793 ], [ -96.7583613, 36.0162087 ], [ -96.7583982, 36.0161199 ], [ -96.7583902, 36.0160265 ], [ -96.7583386, 36.0159426 ], [ -96.7582513, 36.0158811 ] ] ] } },
{ "type": "Feature", "properties": { "tank_id": "osm_way_460925588", "centroid_lon": -96.721936911655717, "centroid_lat": 35.961911140112306, "radius_m": 17.76, "height_m": 14.63, "roof_type": "unknown", "capacity_kbbl": 91.201, "first_seen": null, "last_seen": null, "notes": "OSM footprint, height model=flat" }, "geometry": { "type": "Polygon", "coordinates": [ [ [ -96.721945, 35.9617516 ], [ -96.7218689, 35.9617612 ], [ -96.7218032, 35.9617937 ], [ -96.7217579, 35.961844 ], [ -96.7217398, 35.9619046 ], [ -96.7217517, 35.9619662 ], [ -96.7217918, 35.9620194 ], [ -96.721854, 35.9620561 ], [ -96.7219289, 35.9620707 ], [ -96.7220049, 35.962061 ], [ -96.7220706, 35.9620286 ], [ -96.722116, 35.9619782 ], [ -96.7221341, 35.9619176 ], [ -96.7221221, 35.9618561 ], [ -96.722082, 35.9618029 ], [ -96.7220198, 35.9617662 ], [ -96.721945, 35.9617516 ] ] ] } },
{ "type": "Feature", "properties": { "tank_id": "osm_way_460925589", "centroid_lon": -96.759536114745046, "centroid_lat": 35.959709686239179, "radius_m": 18.37, "height_m": 14.63, "roof_type": "unknown", "capacity_kbbl": 97.601, "first_seen": null, "last_seen": null, "notes": "OSM footprint, height model=flat" }, "geometry": { "type": "Polygon", "coordinates": [ [ [ -96.7595468, 35.9595447 ], [ -96.759468, 35.9595539 ], [ -96.7593996, 35.9595869 ], [ -96.7593519, 35.9596385 ], [ -96.7593323, 35.959701 ], [ -96.7593437, 35.9597648 ], [ -96.7593844, 35.9598202 ], [ -96.7594482, 35.9598588 ], [ -96.7595254, 35.9598747 ], [ -96.7596042, 35.9598654 ], [ -96.7596727, 35.9598325 ], [ -96.7597203, 35.9597808 ], [ -96.75974, 35.9597184 ], [ -96.7597285, 35.9596546 ], [ -96.7596878, 35.9595991 ], [ -96.759624, 35.9595606 ], [ -96.7595468, 35.9595447 ] ] ] } },
{ "type": "Feature", "properties": { "tank_id": "osm_way_460925590", "centroid_lon": -96.75309883749631, "centroid_lat": 35.941666099979756, "radius_m": 15.7, "height_m": 14.63, "roof_type": "unknown", "capacity_kbbl": 71.251, "first_seen": null, "last_seen": null, "notes": "OSM footprint, height model=flat" }, "geometry": { "type": "Polygon", "coordinates": [ [ [ -96.7530975, 35.9415249 ], [ -96.7530309, 35.9415361 ], [ -96.7529746, 35.9415671 ], [ -96.7529372, 35.9416131 ], [ -96.7529245, 35.9416672 ], [ -96.7529383, 35.9417211 ], [ -96.7529765, 35.9417667 ], [ -96.7530333, 35.9417969 ], [ -96.7531002, 35.9418073 ], [ -96.7531668, 35.9417961 ], [ -96.7532231, 35.9417651 ], [ -96.7532604, 35.9417191 ], [ -96.7532732, 35.941665 ], [ -96.7532594, 35.9416111 ], [ -96.7532212, 35.9415655 ], [ -96.7531643, 35.9415353 ], [ -96.7530975, 35.9415249 ] ] ] } },
{ "type": "Feature", "properties": { "tank_id": "osm_way_460925591", "centroid_lon": -96.759123066152597, "centroid_lat": 35.953630479664376, "radius_m": 29.46, "height_m": 14.63, "roof_type": "unknown", "capacity_kbbl": 250.95, "first_seen": null, "last_seen": null, "notes": "OSM footprint, height model=flat" }, "geometry": { "type": "Polygon", "coordinates": [ [ [ -96.7591284, 35.9533656 ], [ -96.7590028, 35.9533841 ], [ -96.7588955, 35.9534401 ], [ -96.7588228, 35.9535251 ], [ -96.7587958, 35.9536261 ], [ -96.7588187, 35.9537278 ], [ -96.7588879, 35.9538147 ], [ -96.7589929, 35.9538735 ], [ -96.7591177, 35.9538954 ], [ -96.7592433, 35.9538769 ], [ -96.7593507, 35.9538208 ], [ -96.7594233, 35.9537359 ], [ -96.7594503, 35.9536348 ], [ -96.7594274, 35.9535331 ], [ -96.7593582, 35.9534462 ], [ -96.7592532, 35.9533874 ], [ -96.7591284, 35.9533656 ] ] ] } },
{ "type": "Feature", "properties": { "tank_id": "osm_way_460925592", "centroid_lon": -96.746774150299473, "centroid_lat": 36.010999537140954, "radius_m": 31.02, "height_m": 14.63, "roof_type": "unknown", "capacity_kbbl": 278.141, "first_seen": null, "last_seen": null, "notes": "OSM footprint, height model=flat" }, "geometry": { "type": "Polygon", "coordinates": [ [ [ -96.7467836, 36.0107207 ], [ -96.7466509, 36.0107391 ], [ -96.7465371, 36.010797 ], [ -96.7464593, 36.0108858 ], [ -96.7464295, 36.0109919 ], [ -96.7464521, 36.0110992 ], [ -96.7465238, 36.0111913 ], [ -96.7466336, 36.0112542 ], [ -96.7467648, 36.0112783 ], [ -96.7468974, 36.01126 ], [ -96.7470112, 36.0112021 ], [ -96.747089, 36.0111133 ], [ -96.7471188, 36.0110071 ], [ -96.7470962, 36.0108999 ], [ -96.7470245, 36.0108078 ], [ -96.7469147, 36.0107449 ], [ -96.7467836, 36.0107207 ] ] ] } },
{ "type": "Feature", "properties": { "tank_id": "osm_way_460925593", "centroid_lon": -96.75433531669718, "centroid_lat": 36.019778560562308, "radius_m": 18.35, "height_m": 14.63, "roof_type": "unknown", "capacity_kbbl": 97.295, "first_seen": null, "last_seen": null, "notes": "OSM footprint, height model=flat" }, "geometry": { "type": "Polygon", "coordinates": [ [ [ -96.7544292, 36.0196321 ], [ -96.7543528, 36.0196142 ], [ -96.7542737, 36.0196213 ], [ -96.754204, 36.0196524 ], [ -96.7541543, 36.0197026 ], [ -96.7541321, 36.0197644 ], [ -96.7541409, 36.0198284 ], [ -96.7541793, 36.0198848 ], [ -96.7542414, 36.019925 ], [ -96.7543179, 36.0199429 ], [ -96.754397, 36.0199358 ], [ -96.7544667, 36.0199047 ], [ -96.7545164, 36.0198545 ], [ -96.7545385, 36.0197927 ], [ -96.7545297, 36.0197287 ], [ -96.7544913, 36.0196723 ], [ -96.7544292, 36.0196321 ] ] ] } },
{ "type": "Feature", "properties": { "tank_id": "osm_way_460925594", "centroid_lon": -96.759474437288006, "centroid_lat": 35.949832908864238, "radius_m": 9.09, "height_m": 14.63, "roof_type": "unknown", "capacity_kbbl": 23.903, "first_seen": null, "last_seen": null, "notes": "OSM footprint, height model=flat" }, "geometry": { "type": "Polygon", "coordinates": [ [ [ -96.7594557, 35.9497526 ], [ -96.7594191, 35.9497645 ], [ -96.759391, 35.9497868 ], [ -96.7593756, 35.9498162 ], [ -96.7593752, 35.9498481 ], [ -96.7593899, 35.9498777 ], [ -96.7594175, 35.9499005 ], [ -96.7594538, 35.9499129 ], [ -96.7594932, 35.9499132 ], [ -96.7595298, 35.9499013 ], [ -96.7595579, 35.949879 ], [ -96.7595733, 35.9498496 ], [ -96.7595737, 35.9498177 ], [ -96.7595589, 35.9497881 ], [ -96.7595313, 35.9497653 ], [ -96.7594951, 35.9497529 ], [ -96.7594557, 35.9497526 ] ] ] } },
{ "type": "Feature", "properties": { "tank_id": "osm_way_460925595", "centroid_lon": -96.751865000788982, "centroid_lat": 35.956003578792426, "radius_m": 30.67, "height_m": 14.63, "roof_type": "unknown", "capacity_kbbl": 272.007, "first_seen": null, "last_seen": null, "notes": "OSM footprint, height model=flat" }, "geometry": { "type": "Polygon", "coordinates": [ [ [ -96.7518731, 35.9557279 ], [ -96.7517421, 35.9557463 ], [ -96.7516298, 35.955804 ], [ -96.7515534, 35.9558921 ], [ -96.7515244, 35.9559971 ], [ -96.7515472, 35.9561031 ], [ -96.7516184, 35.956194 ], [ -96.7517272, 35.9562558 ], [ -96.751857, 35.9562793 ], [ -96.7519879, 35.9562608 ], [ -96.7521002, 35.9562032 ], [ -96.7521766, 35.9561151 ], [ -96.7522056, 35.9560101 ], [ -96.7521828, 35.9559041 ], [ -96.7521116, 35.9558132 ], [ -96.7520028, 35.9557513 ], [ -96.7518731, 35.9557279 ] ] ] } },
{ "type": "Feature", "properties": { "tank_id": "osm_way_460925596", "centroid_lon": -96.744597568185824, "centroid_lat": 35.925379907879439, "radius_m": 30.62, "height_m": 14.63, "roof_type": "unknown", "capacity_kbbl": 271.017, "first_seen": null, "last_seen": null, "notes": "OSM footprint, height model=flat" }, "geometry": { "type": "Polygon", "coordinates": [ [ [ -96.744619, 35.9251052 ], [ -96.7444875, 35.9251194 ], [ -96.7443728, 35.9251733 ], [ -96.7442923, 35.9252587 ], [ -96.7442583, 35.9253625 ], [ -96.7442759, 35.925469 ], [ -96.7443425, 35.9255619 ], [ -96.7444479, 35.9256271 ], [ -96.7445761, 35.9256547 ], [ -96.7447076, 35.9256404 ], [ -96.7448223, 35.9255865 ], [ -96.7449028, 35.9255011 ], [ -96.7449369, 35.9253973 ], [ -96.7449192, 35.9252908 ], [ -96.7448527, 35.9251979 ], [ -96.7447472, 35.9251327 ], [ -96.744619, 35.9251052 ] ] ] } },
{ "type": "Feature", "properties": { "tank_id": "osm_way_460925597", "centroid_lon": -96.758841422404515, "centroid_lat": 36.016636078484666, "radius_m": 26.7, "height_m": 14.63, "roof_type": "unknown", "capacity_kbbl": 206.027, "first_seen": null, "last_seen": null, "notes": "OSM footprint, height model=flat" }, "geometry": { "type": "Polygon", "coordinates": [ [ [ -96.7589889, 36.0164278 ], [ -96.7588792, 36.016398 ], [ -96.7587637, 36.0164044 ], [ -96.75866, 36.0164461 ], [ -96.7585839, 36.0165168 ], [ -96.7585471, 36.0166056 ], [ -96.758555, 36.016699 ], [ -96.7586066, 36.0167828 ], [ -96.7586939, 36.0168444 ], [ -96.7588037, 36.0168742 ], [ -96.7589192, 36.0168677 ], [ -96.7590229, 36.016826 ], [ -96.7590989, 36.0167554 ], [ -96.7591358, 36.0166666 ], [ -96.7591278, 36.0165732 ], [ -96.7590763, 36.0164893 ], [ -96.7589889, 36.0164278 ] ] ] } },
{ "type": "Feature", "properties": { "tank_id": "osm_way_460925598", "centroid_lon": -96.75092085030019, "centroid_lat": 36.00954149964064, "radius_m": 31.02, "height_m": 14.63, "roof_type": "unknown", "capacity_kbbl": 278.167, "first_seen": null, "last_seen": null, "notes": "OSM footprint, height model=flat" }, "geometry": { "type": "Polygon", "coordinates": [ [ [ -96.7509303, 36.0092627 ], [ -96.7507976, 36.009281 ], [ -96.7506838, 36.009339 ], [ -96.750606, 36.0094278 ], [ -96.7505762, 36.0095339 ], [ -96.7505988, 36.0096412 ], [ -96.7506705, 36.0097333 ], [ -96.7507803, 36.0097962 ], [ -96.7509115, 36.0098203 ], [ -96.7510441, 36.009802 ], [ -96.7511579, 36.009744 ], [ -96.7512357, 36.0096552 ], [ -96.7512655, 36.0095491 ], [ -96.7512429, 36.0094418 ], [ -96.7511712, 36.0093497 ], [ -96.7510614, 36.0092868 ], [ -96.7509303, 36.0092627 ] ] ] } },
{ "type": "Feature", "properties": { "tank_id": "osm_way_460925599", "centroid_lon": -96.754162327082213, "centroid_lat": 35.933815536517862, "radius_m": 42.28, "height_m": 14.63, "roof_type": "unknown", "capacity_kbbl": 516.848, "first_seen": null, "last_seen": null, "notes": "OSM footprint, height model=flat" }, "geometry": { "type": "Polygon", "coordinates": [ [ [ -96.7541744, 35.9334355 ], [ -96.7539938, 35.9334607 ], [ -96.7538389, 35.9335399 ], [ -96.7537333, 35.9336611 ], [ -96.7536929, 35.9338058 ], [ -96.753724, 35.9339519 ], [ -96.7538219, 35.9340774 ], [ -96.7539715, 35.9341629 ], [ -96.7541502, 35.9341956 ], [ -96.7543308, 35.9341704 ], [ -96.7544857, 35.9340912 ], [ -96.7545914, 35.93397 ], [ -96.7546317, 35.9338253 ], [ -96.7546006, 35.9336791 ], [ -96.7545028, 35.9335537 ], [ -96.7543531, 35.9334681 ], [ -96.7541744, 35.9334355 ] ] ] } },
{ "type": "Feature", "properties": { "tank_id": "osm_way_460925601", "centroid_lon": -96.762894260284966, "centroid_lat": 35.944215475688637, "radius_m": 34.82, "height_m": 14.63, "roof_type": "unknown", "capacity_kbbl": 350.438, "first_seen": null, "last_seen": null, "notes": "OSM footprint, height model=flat" }, "geometry": { "type": "Polygon", "coordinates": [ [ [ -96.762913, 35.9439028 ], [ -96.7627638, 35.9439208 ], [ -96.7626344, 35.9439836 ], [ -96.7625446, 35.9440818 ], [ -96.762508, 35.9442003 ], [ -96.7625302, 35.9443211 ], [ -96.7626079, 35.9444258 ], [ -96.7627291, 35.9444985 ], [ -96.7628755, 35.9445282 ], [ -96.7630247, 35.9445102 ], [ -96.7631541, 35.9444473 ], [ -96.7632439, 35.9443492 ], [ -96.7632805, 35.9442307 ], [ -96.7632583, 35.9441098 ], [ -96.7631806, 35.9440051 ], [ -96.7630594, 35.9439324 ], [ -96.762913, 35.9439028 ] ] ] } },
{ "type": "Feature", "properties": { "tank_id": "osm_way_460925602", "centroid_lon": -96.744594874644733, "centroid_lat": 35.937133947558472, "radius_m": 19.45, "height_m": 14.63, "roof_type": "unknown", "capacity_kbbl": 109.349, "first_seen": null, "last_seen": null, "notes": "OSM footprint, height model=flat" }, "geometry": { "type": "Polygon", "coordinates": [ [ [ -96.7446002, 35.9369591 ], [ -96.7445172, 35.9369708 ], [ -96.744446, 35.9370072 ], [ -96.7443975, 35.937063 ], [ -96.744379, 35.9371296 ], [ -96.7443933, 35.9371968 ], [ -96.7444384, 35.9372545 ], [ -96.7445073, 35.9372938 ], [ -96.7445895, 35.9373088 ], [ -96.7446726, 35.9372971 ], [ -96.7447438, 35.9372606 ], [ -96.7447923, 35.9372048 ], [ -96.7448108, 35.9371383 ], [ -96.7447964, 35.937071 ], [ -96.7447513, 35.9370134 ], [ -96.7446825, 35.9369741 ], [ -96.7446002, 35.9369591 ] ] ] } },
{ "type": "Feature", "properties": { "tank_id": "osm_way_460925603", "centroid_lon": -96.750125593129169, "centroid_lat": 35.932994604913297, "radius_m": 31.65, "height_m": 14.63, "roof_type": "unknown", "capacity_kbbl": 289.592, "first_seen": null, "last_seen": null, "notes": "OSM footprint, height model=flat" }, "geometry": { "type": "Polygon", "coordinates": [ [ [ -96.7501336, 35.9327101 ], [ -96.7499986, 35.9327293 ], [ -96.7498828, 35.9327888 ], [ -96.7498041, 35.9328797 ], [ -96.7497742, 35.9329881 ], [ -96.7497979, 35.9330975 ], [ -96.7498714, 35.9331912 ], [ -96.7499837, 35.933255 ], [ -96.7501175, 35.9332791 ], [ -96.7502526, 35.9332599 ], [ -96.7503684, 35.9332004 ], [ -96.7504471, 35.9331095 ], [ -96.750477, 35.9330011 ], [ -96.7504533, 35.9328917 ], [ -96.7503797, 35.932798 ], [ -96.7502675, 35.9327342 ], [ -96.7501336, 35.9327101 ] ] ] } },
{ "type": "Feature", "properties": { "tank_id": "osm_way_460925604", "centroid_lon": -96.716656978546538, "centroid_lat": 35.939416339810336, "radius_m": 30.2, "height_m": 14.63, "roof_type": "unknown", "capacity_kbbl": 263.692, "first_seen": null, "last_seen": null, "notes": "OSM footprint, height model=flat" }, "geometry": { "type": "Polygon", "coordinates": [ [ [ -96.7166664, 35.9391449 ], [ -96.7165374, 35.9391626 ], [ -96.7164266, 35.939219 ], [ -96.7163508, 35.9393054 ], [ -96.7163217, 35.9394087 ], [ -96.7163436, 35.9395132 ], [ -96.7164133, 35.9396029 ], [ -96.71652, 35.9396642 ], [ -96.7166476, 35.9396878 ], [ -96.7167766, 35.93967 ], [ -96.7168874, 35.9396137 ], [ -96.7169632, 35.9395272 ], [ -96.7169923, 35.9394239 ], [ -96.7169703, 35.9393195 ], [ -96.7169007, 35.9392298 ], [ -96.716794, 35.9391685 ], [ -96.7166664, 35.9391449 ] ] ] } },
{ "type": "Feature", "properties": { "tank_id": "osm_way_460925605", "centroid_lon": -96.74136009740964, "centroid_lat": 35.941416364704544, "radius_m": 35.27, "height_m": 14.63, "roof_type": "unknown", "capacity_kbbl": 359.639, "first_seen": null, "last_seen": null, "notes": "OSM footprint, height model=flat" }, "geometry": { "type": "Polygon", "coordinates": [ [ [ -96.7413695, 35.9410993 ], [ -96.7412189, 35.9411205 ], [ -96.7410899, 35.9411868 ], [ -96.7410019, 35.941288 ], [ -96.7409685, 35.9414088 ], [ -96.7409947, 35.9415307 ], [ -96.7410766, 35.9416352 ], [ -96.7412016, 35.9417064 ], [ -96.7413507, 35.9417334 ], [ -96.7415013, 35.9417122 ], [ -96.7416304, 35.9416459 ], [ -96.7417183, 35.9415447 ], [ -96.7417517, 35.941424 ], [ -96.7417255, 35.9413021 ], [ -96.7416437, 35.9411976 ], [ -96.7415187, 35.9411264 ], [ -96.7413695, 35.9410993 ] ] ] } },
{ "type": "Feature", "properties": { "tank_id": "osm_way_460925606", "centroid_lon": -96.75300225030756, "centroid_lat": 36.021200574115305, "radius_m": 37.53, "height_m": 14.63, "roof_type": "unknown", "capacity_kbbl": 407.195, "first_seen": null, "last_seen": null, "notes": "OSM footprint, height model=flat" }, "geometry": { "type": "Polygon", "coordinates": [ [ [ -96.753013, 36.0208632 ], [ -96.7528526, 36.0208856 ], [ -96.7527149, 36.0209559 ], [ -96.752621, 36.0210635 ], [ -96.7525852, 36.0211919 ], [ -96.7526128, 36.0213217 ], [ -96.7526997, 36.021433 ], [ -96.7528327, 36.0215089 ], [ -96.7529915, 36.0215379 ], [ -96.753152, 36.0215156 ], [ -96.7532896, 36.0214452 ], [ -96.7533835, 36.0213377 ], [ -96.7534193, 36.0212093 ], [ -96.7533917, 36.0210795 ], [ -96.7533048, 36.0209682 ], [ -96.7531718, 36.0208922 ], [ -96.753013, 36.0208632 ] ] ] } },
{ "type": "Feature", "properties": { "tank_id": "osm_way_460925608", "centroid_lon": -96.745147422994123, "centroid_lat": 35.924626227360335, "radius_m": 30.62, "height_m": 14.63, "roof_type": "unknown", "capacity_kbbl": 271.02, "first_seen": null, "last_seen": null, "notes": "OSM footprint, height model=flat" }, "geometry": { "type": "Polygon", "coordinates": [ [ [ -96.7451689, 35.9243515 ], [ -96.7450374, 35.9243657 ], [ -96.7449227, 35.9244197 ], [ -96.7448422, 35.924505 ], [ -96.7448081, 35.9246089 ], [ -96.7448257, 35.9247153 ], [ -96.7448923, 35.9248082 ], [ -96.7449977, 35.9248734 ], [ -96.745126, 35.924901 ], [ -96.7452574, 35.9248867 ], [ -96.7453722, 35.9248328 ], [ -96.7454527, 35.9247474 ], [ -96.7454867, 35.9246436 ], [ -96.7454691, 35.9245371 ], [ -96.7454025, 35.9244442 ], [ -96.7452971, 35.924379 ], [ -96.7451689, 35.9243515 ] ] ] } },
{ "type": "Feature", "properties": { "tank_id": "osm_way_460925609", "centroid_lon": -96.723347749991532, "centroid_lat": 35.961251149967715, "radius_m": 17.76, "height_m": 14.63, "roof_type": "unknown", "capacity_kbbl": 91.21, "first_seen": null, "last_seen": null, "notes": "OSM footprint, height model=flat" }, "geometry": { "type": "Polygon", "coordinates": [ [ [ -96.7233558, 35.9610916 ], [ -96.7232797, 35.9611012 ], [ -96.723214, 35.9611337 ], [ -96.7231687, 35.9611841 ], [ -96.7231506, 35.9612446 ], [ -96.7231625, 35.9613062 ], [ -96.7232027, 35.9613594 ], [ -96.7232649, 35.9613961 ], [ -96.7233397, 35.9614107 ], [ -96.7234158, 35.9614011 ], [ -96.7234815, 35.9613686 ], [ -96.7235268, 35.9613182 ], [ -96.7235449, 35.9612577 ], [ -96.723533, 35.9611961 ], [ -96.7234928, 35.9611429 ], [ -96.7234306, 35.9611062 ], [ -96.7233558, 35.9610916 ] ] ] } },
{ "type": "Feature", "properties": { "tank_id": "osm_way_460925611", "centroid_lon": -96.754131452252324, "centroid_lat": 35.941296937284825, "radius_m": 15.7, "height_m": 14.63, "roof_type": "unknown", "capacity_kbbl": 71.253, "first_seen": null, "last_seen": null, "notes": "OSM footprint, height model=flat" }, "geometry": { "type": "Polygon", "coordinates": [ [ [ -96.7541301, 35.9411558 ], [ -96.7540635, 35.9411669 ], [ -96.7540072, 35.9411979 ], [ -96.7539699, 35.9412439 ], [ -96.7539571, 35.941298 ], [ -96.7539709, 35.941352 ], [ -96.7540091, 35.9413975 ], [ -96.754066, 35.9414278 ], [ -96.7541328, 35.9414381 ], [ -96.7541994, 35.9414269 ], [ -96.7542557, 35.941396 ], [ -96.7542931, 35.9413499 ], [ -96.7543058, 35.9412958 ], [ -96.754292, 35.9412419 ], [ -96.7542538, 35.9411964 ], [ -96.754197, 35.9411661 ], [ -96.7541301, 35.9411558 ] ] ] } },
{ "type": "Feature", "properties": { "tank_id": "osm_way_460925612", "centroid_lon": -96.715761137194505, "centroid_lat": 35.940241552347914, "radius_m": 30.2, "height_m": 14.63, "roof_type": "unknown", "capacity_kbbl": 263.665, "first_seen": null, "last_seen": null, "notes": "OSM footprint, height model=flat" }, "geometry": { "type": "Polygon", "coordinates": [ [ [ -96.7157705, 35.9399701 ], [ -96.7156415, 35.9399879 ], [ -96.7155307, 35.9400442 ], [ -96.715455, 35.9401306 ], [ -96.7154259, 35.9402339 ], [ -96.7154478, 35.9403384 ], [ -96.7155174, 35.9404281 ], [ -96.7156242, 35.9404894 ], [ -96.7157517, 35.940513 ], [ -96.7158808, 35.9404952 ], [ -96.7159916, 35.9404389 ], [ -96.7160673, 35.9403524 ], [ -96.7160964, 35.9402491 ], [ -96.7160745, 35.9401447 ], [ -96.7160048, 35.940055 ], [ -96.7158981, 35.9399937 ], [ -96.7157705, 35.9399701 ] ] ] } },
{ "type": "Feature", "properties": { "tank_id": "osm_way_460925613", "centroid_lon": -96.754694743424182, "centroid_lat": 35.94655413846106, "radius_m": 20.41, "height_m": 14.63, "roof_type": "unknown", "capacity_kbbl": 120.421, "first_seen": null, "last_seen": null, "notes": "OSM footprint, height model=flat" }, "geometry": { "type": "Polygon", "coordinates": [ [ [ -96.7546988, 35.9463706 ], [ -96.7546117, 35.9463834 ], [ -96.7545373, 35.9464221 ], [ -96.7544869, 35.9464809 ], [ -96.7544681, 35.9465509 ], [ -96.7544838, 35.9466213 ], [ -96.7545316, 35.9466816 ], [ -96.7546043, 35.9467224 ], [ -96.7546907, 35.9467376 ], [ -96.7547778, 35.9467249 ], [ -96.7548522, 35.9466862 ], [ -96.7549026, 35.9466273 ], [ -96.7549214, 35.9465574 ], [ -96.7549057, 35.9464869 ], [ -96.7548578, 35.9464267 ], [ -96.7547852, 35.9463859 ], [ -96.7546988, 35.9463706 ] ] ] } },
{ "type": "Feature", "properties": { "tank_id": "osm_way_460925614", "centroid_lon": -96.724887360328111, "centroid_lat": 35.959171275652508, "radius_m": 17.76, "height_m": 14.63, "roof_type": "unknown", "capacity_kbbl": 91.215, "first_seen": null, "last_seen": null, "notes": "OSM footprint, height model=flat" }, "geometry": { "type": "Polygon", "coordinates": [ [ [ -96.7248954, 35.9590117 ], [ -96.7248193, 35.9590214 ], [ -96.7247536, 35.9590538 ], [ -96.7247083, 35.9591042 ], [ -96.7246902, 35.9591648 ], [ -96.7247021, 35.9592263 ], [ -96.7247423, 35.9592795 ], [ -96.7248045, 35.9593162 ], [ -96.7248793, 35.9593309 ], [ -96.7249554, 35.9593212 ], [ -96.7250211, 35.9592887 ], [ -96.7250664, 35.9592384 ], [ -96.7250845, 35.9591778 ], [ -96.7250726, 35.9591162 ], [ -96.7250324, 35.959063 ], [ -96.7249702, 35.9590263 ], [ -96.7248954, 35.9590117 ] ] ] } },
{ "type": "Feature", "properties": { "tank_id": "osm_way_460925615", "centroid_lon": -96.747366949648949, "centroid_lat": 36.011839200162022, "radius_m": 31.02, "height_m": 14.63, "roof_type": "unknown", "capacity_kbbl": 278.16, "first_seen": null, "last_seen": null, "notes": "OSM footprint, height model=flat" }, "geometry": { "type": "Polygon", "coordinates": [ [ [ -96.7473763, 36.0115604 ], [ -96.7472437, 36.0115787 ], [ -96.7471299, 36.0116367 ], [ -96.7470521, 36.0117255 ], [ -96.7470223, 36.0118316 ], [ -96.7470449, 36.0119389 ], [ -96.7471166, 36.012031 ], [ -96.7472264, 36.0120939 ], [ -96.7473575, 36.012118 ], [ -96.7474902, 36.0120997 ], [ -96.747604, 36.0120417 ], [ -96.7476818, 36.0119529 ], [ -96.7477116, 36.0118468 ], [ -96.747689, 36.0117395 ], [ -96.7476173, 36.0116474 ], [ -96.7475075, 36.0115845 ], [ -96.7473763, 36.0115604 ] ] ] } },
{ "type": "Feature", "properties": { "tank_id": "osm_way_460925616", "centroid_lon": -96.745749562246104, "centroid_lat": 35.940087362131955, "radius_m": 22.22, "height_m": 14.63, "roof_type": "unknown", "capacity_kbbl": 142.763, "first_seen": null, "last_seen": null, "notes": "OSM footprint, height model=flat" }, "geometry": { "type": "Polygon", "coordinates": [ [ [ -96.7457536, 35.9398876 ], [ -96.7456589, 35.9399015 ], [ -96.7455779, 35.9399438 ], [ -96.7455231, 35.9400079 ], [ -96.7455028, 35.9400841 ], [ -96.7455201, 35.9401608 ], [ -96.7455722, 35.9402263 ], [ -96.7456514, 35.9402707 ], [ -96.7457455, 35.9402872 ], [ -96.7458403, 35.9402732 ], [ -96.7459212, 35.9402309 ], [ -96.745976, 35.9401668 ], [ -96.7459963, 35.9400906 ], [ -96.7459791, 35.9400139 ], [ -96.7459269, 35.9399484 ], [ -96.7458477, 35.939904 ], [ -96.7457536, 35.9398876 ] ] ] } },
{ "type": "Feature", "properties": { "tank_id": "osm_way_460925617", "centroid_lon": -96.75434604582621, "centroid_lat": 36.021187563589656, "radius_m": 31.01, "height_m": 14.63, "roof_type": "unknown", "capacity_kbbl": 278.064, "first_seen": null, "last_seen": null, "notes": "OSM footprint, height model=flat" }, "geometry": { "type": "Polygon", "coordinates": [ [ [ -96.7544587, 36.020924 ], [ -96.7543254, 36.0209092 ], [ -96.7541953, 36.0209368 ], [ -96.7540881, 36.0210025 ], [ -96.7540202, 36.0210964 ], [ -96.7540019, 36.0212042 ], [ -96.7540359, 36.0213095 ], [ -96.7541173, 36.0213962 ], [ -96.7542334, 36.0214511 ], [ -96.7543667, 36.0214659 ], [ -96.7544968, 36.0214384 ], [ -96.754604, 36.0213726 ], [ -96.7546719, 36.0212787 ], [ -96.7546902, 36.0211709 ], [ -96.7546561, 36.0210656 ], [ -96.7545748, 36.0209789 ], [ -96.7544587, 36.020924 ] ] ] } },
{ "type": "Feature", "properties": { "tank_id": "osm_way_460925618", "centroid_lon": -96.744694127734007, "centroid_lat": 35.93813289526399, "radius_m": 19.45, "height_m": 14.63, "roof_type": "unknown", "capacity_kbbl": 109.34, "first_seen": null, "last_seen": null, "notes": "OSM footprint, height model=flat" }, "geometry": { "type": "Polygon", "coordinates": [ [ [ -96.7446995, 35.9379581 ], [ -96.7446164, 35.9379697 ], [ -96.7445452, 35.9380062 ], [ -96.7444967, 35.938062 ], [ -96.7444782, 35.9381286 ], [ -96.7444926, 35.9381958 ], [ -96.7445377, 35.9382534 ], [ -96.7446065, 35.9382927 ], [ -96.7446888, 35.9383077 ], [ -96.7447718, 35.9382961 ], [ -96.744843, 35.9382596 ], [ -96.7448916, 35.9382038 ], [ -96.74491, 35.9381372 ], [ -96.7448957, 35.93807 ], [ -96.7448506, 35.9380124 ], [ -96.7447817, 35.9379731 ], [ -96.7446995, 35.9379581 ] ] ] } },
{ "type": "Feature", "properties": { "tank_id": "osm_way_460925619", "centroid_lon": -96.757100671350713, "centroid_lat": 35.955640997701906, "radius_m": 18.38, "height_m": 14.63, "roof_type": "unknown", "capacity_kbbl": 97.617, "first_seen": null, "last_seen": null, "notes": "OSM footprint, height model=flat" }, "geometry": { "type": "Polygon", "coordinates": [ [ [ -96.7571114, 35.955476 ], [ -96.7570326, 35.9554852 ], [ -96.7569641, 35.9555182 ], [ -96.7569165, 35.9555698 ], [ -96.7568968, 35.9556323 ], [ -96.7569082, 35.9556961 ], [ -96.756949, 35.9557515 ], [ -96.7570128, 35.9557901 ], [ -96.75709, 35.955806 ], [ -96.7571688, 35.9557968 ], [ -96.7572372, 35.9557638 ], [ -96.7572849, 35.9557122 ], [ -96.7573045, 35.9556497 ], [ -96.7572931, 35.9555859 ], [ -96.7572524, 35.9555305 ], [ -96.7571886, 35.9554919 ], [ -96.7571114, 35.955476 ] ] ] } },
{ "type": "Feature", "properties": { "tank_id": "osm_way_460925620", "centroid_lon": -96.717509930456629, "centroid_lat": 35.938697524890941, "radius_m": 30.2, "height_m": 14.63, "roof_type": "unknown", "capacity_kbbl": 263.683, "first_seen": null, "last_seen": null, "notes": "OSM footprint, height model=flat" }, "geometry": { "type": "Polygon", "coordinates": [ [ [ -96.7175193, 35.9384261 ], [ -96.7173903, 35.9384438 ], [ -96.7172795, 35.9385002 ], [ -96.7172038, 35.9385866 ], [ -96.7171747, 35.9386899 ], [ -96.7171966, 35.9387944 ], [ -96.7172662, 35.9388841 ], [ -96.717373, 35.9389454 ], [ -96.7175005, 35.938969 ], [ -96.7176296, 35.9389512 ], [ -96.7177404, 35.9388948 ], [ -96.7178161, 35.9388084 ], [ -96.7178452, 35.9387051 ], [ -96.7178233, 35.9386007 ], [ -96.7177536, 35.938511 ], [ -96.7176469, 35.9384496 ], [ -96.7175193, 35.9384261 ] ] ] } },
{ "type": "Feature", "properties": { "tank_id": "osm_way_460925621", "centroid_lon": -96.71615942974077, "centroid_lat": 35.959245098234838, "radius_m": 17.76, "height_m": 14.63, "roof_type": "unknown", "capacity_kbbl": 91.192, "first_seen": null, "last_seen": null, "notes": "OSM footprint, height model=flat" }, "geometry": { "type": "Polygon", "coordinates": [ [ [ -96.7161675, 35.9590855 ], [ -96.7160914, 35.9590952 ], [ -96.7160257, 35.9591277 ], [ -96.7159804, 35.959178 ], [ -96.7159623, 35.9592386 ], [ -96.7159742, 35.9593001 ], [ -96.7160143, 35.9593533 ], [ -96.7160766, 35.95939 ], [ -96.7161514, 35.9594047 ], [ -96.7162274, 35.959395 ], [ -96.7162931, 35.9593625 ], [ -96.7163385, 35.9593122 ], [ -96.7163566, 35.9592516 ], [ -96.7163446, 35.95919 ], [ -96.7163045, 35.9591369 ], [ -96.7162423, 35.9591002 ], [ -96.7161675, 35.9590855 ] ] ] } },
{ "type": "Feature", "properties": { "tank_id": "osm_way_460925622", "centroid_lon": -96.751297714124021, "centroid_lat": 35.945547648044297, "radius_m": 30.08, "height_m": 14.63, "roof_type": "unknown", "capacity_kbbl": 261.531, "first_seen": null, "last_seen": null, "notes": "OSM footprint, height model=flat" }, "geometry": { "type": "Polygon", "coordinates": [ [ [ -96.7513071, 35.9452773 ], [ -96.7511786, 35.945295 ], [ -96.7510682, 35.9453511 ], [ -96.7509928, 35.9454372 ], [ -96.7509638, 35.9455401 ], [ -96.7509856, 35.9456441 ], [ -96.751055, 35.9457335 ], [ -96.7511613, 35.9457945 ], [ -96.7512883, 35.945818 ], [ -96.7514168, 35.9458003 ], [ -96.7515272, 35.9457442 ], [ -96.7516026, 35.9456581 ], [ -96.7516317, 35.9455553 ], [ -96.7516098, 35.9454512 ], [ -96.7515405, 35.9453619 ], [ -96.7514342, 35.9453008 ], [ -96.7513071, 35.9452773 ] ] ] } },
{ "type": "Feature", "properties": { "tank_id": "osm_way_460925623", "centroid_lon": -96.745064274900969, "centroid_lat": 35.926059748361048, "radius_m": 30.62, "height_m": 14.63, "roof_type": "unknown", "capacity_kbbl": 270.97, "first_seen": null, "last_seen": null, "notes": "OSM footprint, height model=flat" }, "geometry": { "type": "Polygon", "coordinates": [ [ [ -96.7450857, 35.925785 ], [ -96.7449542, 35.9257993 ], [ -96.7448395, 35.9258532 ], [ -96.744759, 35.9259386 ], [ -96.744725, 35.9260424 ], [ -96.7447426, 35.9261488 ], [ -96.7448092, 35.9262417 ], [ -96.7449146, 35.9263069 ], [ -96.7450428, 35.9263345 ], [ -96.7451743, 35.9263202 ], [ -96.745289, 35.9262663 ], [ -96.7453695, 35.926181 ], [ -96.7454036, 35.9260771 ], [ -96.7453859, 35.9259707 ], [ -96.7453194, 35.9258778 ], [ -96.7452139, 35.9258126 ], [ -96.7450857, 35.925785 ] ] ] } },
{ "type": "Feature", "properties": { "tank_id": "osm_way_460925624", "centroid_lon": -96.753629892621333, "centroid_lat": 36.017323817950619, "radius_m": 31.02, "height_m": 14.63, "roof_type": "unknown", "capacity_kbbl": 278.136, "first_seen": null, "last_seen": null, "notes": "OSM footprint, height model=flat" }, "geometry": { "type": "Polygon", "coordinates": [ [ [ -96.7537425, 36.0170602 ], [ -96.7536093, 36.0170454 ], [ -96.7534791, 36.017073 ], [ -96.7533719, 36.0171388 ], [ -96.753304, 36.0172327 ], [ -96.7532857, 36.0173405 ], [ -96.7533198, 36.0174458 ], [ -96.7534011, 36.0175325 ], [ -96.7535172, 36.0175874 ], [ -96.7536505, 36.0176022 ], [ -96.7537807, 36.0175746 ], [ -96.7538879, 36.0175089 ], [ -96.7539558, 36.0174149 ], [ -96.7539741, 36.0173071 ], [ -96.75394, 36.0172019 ], [ -96.7538587, 36.0171152 ], [ -96.7537425, 36.0170602 ] ] ] } },
{ "type": "Feature", "properties": { "tank_id": "osm_way_460925625", "centroid_lon": -96.726349152547428, "centroid_lat": 35.95982910842811, "radius_m": 17.76, "height_m": 14.63, "roof_type": "unknown", "capacity_kbbl": 91.203, "first_seen": null, "last_seen": null, "notes": "OSM footprint, height model=flat" }, "geometry": { "type": "Polygon", "coordinates": [ [ [ -96.7263572, 35.9596695 ], [ -96.7262811, 35.9596792 ], [ -96.7262154, 35.9597117 ], [ -96.7261701, 35.959762 ], [ -96.726152, 35.9598226 ], [ -96.7261639, 35.9598842 ], [ -96.7262041, 35.9599373 ], [ -96.7262663, 35.959974 ], [ -96.7263411, 35.9599887 ], [ -96.7264172, 35.959979 ], [ -96.7264829, 35.9599466 ], [ -96.7265282, 35.9598962 ], [ -96.7265463, 35.9598356 ], [ -96.7265344, 35.9597741 ], [ -96.7264942, 35.9597209 ], [ -96.726432, 35.9596842 ], [ -96.7263572, 35.9596695 ] ] ] } },
{ "type": "Feature", "properties": { "tank_id": "osm_way_460925626", "centroid_lon": -96.717666846700496, "centroid_lat": 35.961316260385701, "radius_m": 17.76, "height_m": 14.63, "roof_type": "unknown", "capacity_kbbl": 91.205, "first_seen": null, "last_seen": null, "notes": "OSM footprint, height model=flat" }, "geometry": { "type": "Polygon", "coordinates": [ [ [ -96.7176749, 35.9611567 ], [ -96.7175988, 35.9611664 ], [ -96.7175331, 35.9611988 ], [ -96.7174878, 35.9612492 ], [ -96.7174697, 35.9613098 ], [ -96.7174816, 35.9613713 ], [ -96.7175217, 35.9614245 ], [ -96.717584, 35.9614612 ], [ -96.7176588, 35.9614758 ], [ -96.7177348, 35.9614662 ], [ -96.7178005, 35.9614337 ], [ -96.7178459, 35.9613834 ], [ -96.717864, 35.9613228 ], [ -96.7178521, 35.9612612 ], [ -96.7178119, 35.961208 ], [ -96.7177497, 35.9611713 ], [ -96.7176749, 35.9611567 ] ] ] } },
{ "type": "Feature", "properties": { "tank_id": "osm_way_460925627", "centroid_lon": -96.757191860243907, "centroid_lat": 35.94828908286302, "radius_m": 21.01, "height_m": 14.63, "roof_type": "unknown", "capacity_kbbl": 127.67, "first_seen": null, "last_seen": null, "notes": "OSM footprint, height model=flat" }, "geometry": { "type": "Polygon", "coordinates": [ [ [ -96.7571972, 35.9481002 ], [ -96.7571075, 35.9481129 ], [ -96.7570307, 35.9481524 ], [ -96.7569783, 35.9482128 ], [ -96.7569585, 35.9482847 ], [ -96.7569742, 35.9483574 ], [ -96.7570231, 35.9484196 ], [ -96.7570976, 35.9484619 ], [ -96.7571865, 35.948478 ], [ -96.7572762, 35.9484653 ], [ -96.7573531, 35.9484257 ], [ -96.7574054, 35.9483654 ], [ -96.7574252, 35.9482934 ], [ -96.7574095, 35.9482208 ], [ -96.7573607, 35.9481586 ], [ -96.7572861, 35.9481162 ], [ -96.7571972, 35.9481002 ] ] ] } },
{ "type": "Feature", "properties": { "tank_id": "osm_way_460925628", "centroid_lon": -96.717517966057699, "centroid_lat": 35.940534705532848, "radius_m": 30.2, "height_m": 14.63, "roof_type": "unknown", "capacity_kbbl": 263.7, "first_seen": null, "last_seen": null, "notes": "OSM footprint, height model=flat" }, "geometry": { "type": "Polygon", "coordinates": [ [ [ -96.7175274, 35.9402633 ], [ -96.7173983, 35.940281 ], [ -96.7172875, 35.9403374 ], [ -96.7172118, 35.9404238 ], [ -96.7171827, 35.9405271 ], [ -96.7172046, 35.9406316 ], [ -96.7172743, 35.9407213 ], [ -96.717381, 35.9407826 ], [ -96.7175086, 35.9408062 ], [ -96.7176376, 35.9407884 ], [ -96.7177484, 35.940732 ], [ -96.7178241, 35.9406456 ], [ -96.7178533, 35.9405423 ], [ -96.7178313, 35.9404379 ], [ -96.7177617, 35.9403481 ], [ -96.717655, 35.9402868 ], [ -96.7175274, 35.9402633 ] ] ] } },
{ "type": "Feature", "properties": { "tank_id": "osm_way_460925631", "centroid_lon": -96.753761323321299, "centroid_lat": 36.006612396555447, "radius_m": 16.77, "height_m": 14.63, "roof_type": "unknown", "capacity_kbbl": 81.313, "first_seen": null, "last_seen": null, "notes": "OSM footprint, height model=flat" }, "geometry": { "type": "Polygon", "coordinates": [ [ [ -96.7537627, 36.0064616 ], [ -96.7536912, 36.0064727 ], [ -96.7536305, 36.006505 ], [ -96.7535896, 36.0065537 ], [ -96.7535749, 36.0066113 ], [ -96.7535886, 36.0066691 ], [ -96.7536286, 36.0067183 ], [ -96.7536887, 36.0067513 ], [ -96.75376, 36.0067632 ], [ -96.7538314, 36.0067521 ], [ -96.7538922, 36.0067198 ], [ -96.753933, 36.0066711 ], [ -96.7539477, 36.0066135 ], [ -96.7539341, 36.0065557 ], [ -96.7538941, 36.0065065 ], [ -96.7538339, 36.0064735 ], [ -96.7537627, 36.0064616 ] ] ] } },
{ "type": "Feature", "properties": { "tank_id": "osm_way_460925632", "centroid_lon": -96.717509953824532, "centroid_lat": 35.939429368269039, "radius_m": 30.2, "height_m": 14.63, "roof_type": "unknown", "capacity_kbbl": 263.679, "first_seen": null, "last_seen": null, "notes": "OSM footprint, height model=flat" }, "geometry": { "type": "Polygon", "coordinates": [ [ [ -96.7175193, 35.9391579 ], [ -96.7173903, 35.9391757 ], [ -96.7172795, 35.939232 ], [ -96.7172038, 35.9393185 ], [ -96.7171747, 35.9394218 ], [ -96.7171966, 35.9395262 ], [ -96.7172662, 35.9396159 ], [ -96.717373, 35.9396772 ], [ -96.7175005, 35.9397008 ], [ -96.7176296, 35.9396831 ], [ -96.7177404, 35.9396267 ], [ -96.7178161, 35.9395403 ], [ -96.7178452, 35.939437 ], [ -96.7178233, 35.9393325 ], [ -96.7177536, 35.9392428 ], [ -96.7176469, 35.9391815 ], [ -96.7175193, 35.9391579 ] ] ] } },
{ "type": "Feature", "properties": { "tank_id": "osm_way_460925633", "centroid_lon": -96.758828032645383, "centroid_lat": 35.944278443727825, "radius_m": 18.48, "height_m": 14.63, "roof_type": "unknown", "capacity_kbbl": 98.678, "first_seen": null, "last_seen": null, "notes": "OSM footprint, height model=flat" }, "geometry": { "type": "Polygon", "coordinates": [ [ [ -96.7588294, 35.9441123 ], [ -96.7587507, 35.9441246 ], [ -96.7586839, 35.9441602 ], [ -96.758639, 35.9442139 ], [ -96.7586228, 35.9442774 ], [ -96.7586379, 35.944341 ], [ -96.758682, 35.9443951 ], [ -96.7587483, 35.9444315 ], [ -96.7588267, 35.9444446 ], [ -96.7589053, 35.9444323 ], [ -96.7589722, 35.9443967 ], [ -96.7590171, 35.944343 ], [ -96.7590332, 35.9442795 ], [ -96.7590181, 35.9442159 ], [ -96.7589741, 35.9441617 ], [ -96.7589078, 35.9441254 ], [ -96.7588294, 35.9441123 ] ] ] } },
{ "type": "Feature", "properties": { "tank_id": "osm_way_460925634", "centroid_lon": -96.750590996634983, "centroid_lat": 36.020237347123434, "radius_m": 37.53, "height_m": 14.63, "roof_type": "unknown", "capacity_kbbl": 407.166, "first_seen": null, "last_seen": null, "notes": "OSM footprint, height model=flat" }, "geometry": { "type": "Polygon", "coordinates": [ [ [ -96.7506017, 36.0199 ], [ -96.7504413, 36.0199224 ], [ -96.7503037, 36.0199927 ], [ -96.7502098, 36.0201002 ], [ -96.7501739, 36.0202287 ], [ -96.7502015, 36.0203584 ], [ -96.7502885, 36.0204697 ], [ -96.7504215, 36.0205457 ], [ -96.7505803, 36.0205747 ], [ -96.7507407, 36.0205523 ], [ -96.7508783, 36.020482 ], [ -96.7509722, 36.0203745 ], [ -96.7510081, 36.020246 ], [ -96.7509804, 36.0201163 ], [ -96.7508935, 36.0200049 ], [ -96.7507605, 36.019929 ], [ -96.7506017, 36.0199 ] ] ] } },
{ "type": "Feature", "properties": { "tank_id": "osm_way_460925635", "centroid_lon": -96.720467059471574, "centroid_lat": 35.959874704807909, "radius_m": 17.76, "height_m": 14.63, "roof_type": "unknown", "capacity_kbbl": 91.197, "first_seen": null, "last_seen": null, "notes": "OSM footprint, height model=flat" }, "geometry": { "type": "Polygon", "coordinates": [ [ [ -96.7204751, 35.9597151 ], [ -96.7203991, 35.9597248 ], [ -96.7203334, 35.9597573 ], [ -96.720288, 35.9598076 ], [ -96.7202699, 35.9598682 ], [ -96.7202818, 35.9599298 ], [ -96.720322, 35.9599829 ], [ -96.7203842, 35.9600196 ], [ -96.720459, 35.9600343 ], [ -96.7205351, 35.9600246 ], [ -96.7206008, 35.9599921 ], [ -96.7206461, 35.9599418 ], [ -96.7206642, 35.9598812 ], [ -96.7206523, 35.9598197 ], [ -96.7206122, 35.9597665 ], [ -96.7205499, 35.9597298 ], [ -96.7204751, 35.9597151 ] ] ] } },
{ "type": "Feature", "properties": { "tank_id": "osm_way_460925636", "centroid_lon": -96.742648944548051, "centroid_lat": 35.940235027933205, "radius_m": 35.27, "height_m": 14.63, "roof_type": "unknown", "capacity_kbbl": 359.629, "first_seen": null, "last_seen": null, "notes": "OSM footprint, height model=flat" }, "geometry": { "type": "Polygon", "coordinates": [ [ [ -96.7426583, 35.939918 ], [ -96.7425078, 35.9399392 ], [ -96.7423787, 35.9400055 ], [ -96.7422907, 35.9401067 ], [ -96.7422573, 35.9402274 ], [ -96.7422836, 35.9403493 ], [ -96.7423654, 35.9404538 ], [ -96.7424904, 35.940525 ], [ -96.7426395, 35.9405521 ], [ -96.7427901, 35.9405309 ], [ -96.7429192, 35.9404646 ], [ -96.7430071, 35.9403634 ], [ -96.7430405, 35.9402426 ], [ -96.7430143, 35.9401207 ], [ -96.7429325, 35.9400162 ], [ -96.7428075, 35.939945 ], [ -96.7426583, 35.939918 ] ] ] } },
{ "type": "Feature", "properties": { "tank_id": "osm_way_460925637", "centroid_lon": -96.75611630685286, "centroid_lat": 35.940421785005704, "radius_m": 15.7, "height_m": 14.63, "roof_type": "unknown", "capacity_kbbl": 71.247, "first_seen": null, "last_seen": null, "notes": "OSM footprint, height model=flat" }, "geometry": { "type": "Polygon", "coordinates": [ [ [ -96.756115, 35.9402806 ], [ -96.7560484, 35.9402918 ], [ -96.7559921, 35.9403227 ], [ -96.7559547, 35.9403688 ], [ -96.755942, 35.9404229 ], [ -96.7559557, 35.9404768 ], [ -96.755994, 35.9405224 ], [ -96.7560508, 35.9405526 ], [ -96.7561176, 35.9405629 ], [ -96.7561843, 35.9405518 ], [ -96.7562405, 35.9405208 ], [ -96.7562779, 35.9404748 ], [ -96.7562907, 35.9404207 ], [ -96.7562769, 35.9403668 ], [ -96.7562386, 35.9403212 ], [ -96.7561818, 35.940291 ], [ -96.756115, 35.9402806 ] ] ] } },
{ "type": "Feature", "properties": { "tank_id": "osm_way_460925638", "centroid_lon": -96.753782773532706, "centroid_lat": 36.005501484282867, "radius_m": 16.77, "height_m": 14.63, "roof_type": "unknown", "capacity_kbbl": 81.318, "first_seen": null, "last_seen": null, "notes": "OSM footprint, height model=flat" }, "geometry": { "type": "Polygon", "coordinates": [ [ [ -96.7537841, 36.0053507 ], [ -96.7537127, 36.0053617 ], [ -96.7536519, 36.0053941 ], [ -96.7536111, 36.0054427 ], [ -96.7535964, 36.0055004 ], [ -96.75361, 36.0055582 ], [ -96.75365, 36.0056073 ], [ -96.7537102, 36.0056404 ], [ -96.7537814, 36.0056523 ], [ -96.7538529, 36.0056412 ], [ -96.7539136, 36.0056089 ], [ -96.7539545, 36.0055602 ], [ -96.7539692, 36.0055025 ], [ -96.7539555, 36.0054448 ], [ -96.7539155, 36.0053956 ], [ -96.7538554, 36.0053626 ], [ -96.7537841, 36.0053507 ] ] ] } },
{ "type": "Feature", "properties": { "tank_id": "osm_way_460925639", "centroid_lon": -96.743943087603867, "centroid_lat": 35.937633416470732, "radius_m": 19.45, "height_m": 14.63, "roof_type": "unknown", "capacity_kbbl": 109.346, "first_seen": null, "last_seen": null, "notes": "OSM footprint, height model=flat" }, "geometry": { "type": "Polygon", "coordinates": [ [ [ -96.7439485, 35.9374586 ], [ -96.7438654, 35.9374702 ], [ -96.7437942, 35.9375067 ], [ -96.7437457, 35.9375625 ], [ -96.7437272, 35.9376291 ], [ -96.7437416, 35.9376963 ], [ -96.7437866, 35.937754 ], [ -96.7438555, 35.9377933 ], [ -96.7439377, 35.9378082 ], [ -96.7440208, 35.9377966 ], [ -96.744092, 35.9377601 ], [ -96.7441405, 35.9377043 ], [ -96.744159, 35.9376378 ], [ -96.7441446, 35.9375705 ], [ -96.7440996, 35.9375129 ], [ -96.7440307, 35.9374736 ], [ -96.7439485, 35.9374586 ] ] ] } },
{ "type": "Feature", "properties": { "tank_id": "osm_way_460925640", "centroid_lon": -96.737389119519847, "centroid_lat": 35.934129385134142, "radius_m": 25.73, "height_m": 14.63, "roof_type": "unknown", "capacity_kbbl": 191.456, "first_seen": null, "last_seen": null, "notes": "OSM footprint, height model=flat" }, "geometry": { "type": "Polygon", "coordinates": [ [ [ -96.7373972, 35.9338981 ], [ -96.7372872, 35.9339132 ], [ -96.7371928, 35.9339612 ], [ -96.7371283, 35.9340348 ], [ -96.7371035, 35.9341229 ], [ -96.7371221, 35.9342119 ], [ -96.7371814, 35.9342883 ], [ -96.7372724, 35.9343406 ], [ -96.7373811, 35.9343607 ], [ -96.737491, 35.9343456 ], [ -96.7375854, 35.9342975 ], [ -96.73765, 35.9342239 ], [ -96.7376748, 35.9341359 ], [ -96.7376561, 35.9340469 ], [ -96.7375968, 35.9339704 ], [ -96.7375059, 35.9339182 ], [ -96.7373972, 35.9338981 ] ] ] } },
{ "type": "Feature", "properties": { "tank_id": "osm_way_460925641", "centroid_lon": -96.716186249991509, "centroid_lat": 35.96061284996771, "radius_m": 17.76, "height_m": 14.63, "roof_type": "unknown", "capacity_kbbl": 91.211, "first_seen": null, "last_seen": null, "notes": "OSM footprint, height model=flat" }, "geometry": { "type": "Polygon", "coordinates": [ [ [ -96.7161943, 35.9604533 ], [ -96.7161182, 35.9604629 ], [ -96.7160525, 35.9604954 ], [ -96.7160072, 35.9605458 ], [ -96.7159891, 35.9606063 ], [ -96.716001, 35.9606679 ], [ -96.7160412, 35.9607211 ], [ -96.7161034, 35.9607578 ], [ -96.7161782, 35.9607724 ], [ -96.7162543, 35.9607628 ], [ -96.71632, 35.9607303 ], [ -96.7163653, 35.9606799 ], [ -96.7163834, 35.9606194 ], [ -96.7163715, 35.9605578 ], [ -96.7163313, 35.9605046 ], [ -96.7162691, 35.9604679 ], [ -96.7161943, 35.9604533 ] ] ] } },
{ "type": "Feature", "properties": { "tank_id": "osm_way_460925642", "centroid_lon": -96.753474347087447, "centroid_lat": 35.953016031760463, "radius_m": 30.68, "height_m": 14.63, "roof_type": "unknown", "capacity_kbbl": 272.054, "first_seen": null, "last_seen": null, "notes": "OSM footprint, height model=flat" }, "geometry": { "type": "Polygon", "coordinates": [ [ [ -96.7534824, 35.9527403 ], [ -96.7533514, 35.9527588 ], [ -96.7532392, 35.9528164 ], [ -96.7531627, 35.9529045 ], [ -96.7531337, 35.9530095 ], [ -96.7531565, 35.9531155 ], [ -96.7532278, 35.9532064 ], [ -96.7533365, 35.9532683 ], [ -96.7534663, 35.9532918 ], [ -96.7535973, 35.9532733 ], [ -96.7537095, 35.9532156 ], [ -96.753786, 35.9531276 ], [ -96.753815, 35.9530225 ], [ -96.7537921, 35.9529165 ], [ -96.7537209, 35.9528256 ], [ -96.7536121, 35.9527637 ], [ -96.7534824, 35.9527403 ] ] ] } },
{ "type": "Feature", "properties": { "tank_id": "osm_way_460925643", "centroid_lon": -96.743092823574997, "centroid_lat": 35.926081484568854, "radius_m": 30.62, "height_m": 14.63, "roof_type": "unknown", "capacity_kbbl": 271.005, "first_seen": null, "last_seen": null, "notes": "OSM footprint, height model=flat" }, "geometry": { "type": "Polygon", "coordinates": [ [ [ -96.7431143, 35.9258067 ], [ -96.7429828, 35.925821 ], [ -96.7428681, 35.9258749 ], [ -96.7427876, 35.9259603 ], [ -96.7427535, 35.9260641 ], [ -96.7427712, 35.9261706 ], [ -96.7428377, 35.9262635 ], [ -96.7429432, 35.9263287 ], [ -96.7430714, 35.9263562 ], [ -96.7432029, 35.926342 ], [ -96.7433176, 35.926288 ], [ -96.7433981, 35.9262027 ], [ -96.7434321, 35.9260988 ], [ -96.7434145, 35.9259924 ], [ -96.7433479, 35.9258995 ], [ -96.7432425, 35.9258343 ], [ -96.7431143, 35.9258067 ] ] ] } },
{ "type": "Feature", "properties": { "tank_id": "osm_way_460925644", "centroid_lon": -96.747758549974549, "centroid_lat": 36.011016899901328, "radius_m": 31.02, "height_m": 14.63, "roof_type": "unknown", "capacity_kbbl": 278.162, "first_seen": null, "last_seen": null, "notes": "OSM footprint, height model=flat" }, "geometry": { "type": "Polygon", "coordinates": [ [ [ -96.7477679, 36.0107381 ], [ -96.7476353, 36.0107564 ], [ -96.7475215, 36.0108144 ], [ -96.7474437, 36.0109032 ], [ -96.7474139, 36.0110093 ], [ -96.7474365, 36.0111166 ], [ -96.7475082, 36.0112087 ], [ -96.747618, 36.0112716 ], [ -96.7477492, 36.0112957 ], [ -96.7478818, 36.0112774 ], [ -96.7479956, 36.0112194 ], [ -96.7480734, 36.0111306 ], [ -96.7481032, 36.0110245 ], [ -96.7480806, 36.0109172 ], [ -96.7480089, 36.0108251 ], [ -96.7478991, 36.0107622 ], [ -96.7477679, 36.0107381 ] ] ] } },
{ "type": "Feature", "properties": { "tank_id": "osm_way_460925645", "centroid_lon": -96.746681642154115, "centroid_lat": 35.936320639291097, "radius_m": 19.45, "height_m": 14.63, "roof_type": "unknown", "capacity_kbbl": 109.352, "first_seen": null, "last_seen": null, "notes": "OSM footprint, height model=flat" }, "geometry": { "type": "Polygon", "coordinates": [ [ [ -96.746687, 35.9361458 ], [ -96.746604, 35.9361575 ], [ -96.7465328, 35.9361939 ], [ -96.7464842, 35.9362497 ], [ -96.7464657, 35.9363163 ], [ -96.7464801, 35.9363835 ], [ -96.7465252, 35.9364412 ], [ -96.7465941, 35.9364805 ], [ -96.7466763, 35.9364955 ], [ -96.7467593, 35.9364838 ], [ -96.7468305, 35.9364473 ], [ -96.7468791, 35.9363915 ], [ -96.7468976, 35.936325 ], [ -96.7468832, 35.9362577 ], [ -96.7468381, 35.9362001 ], [ -96.7467692, 35.9361608 ], [ -96.746687, 35.9361458 ] ] ] } },
{ "type": "Feature", "properties": { "tank_id": "osm_way_460925646", "centroid_lon": -96.72651008102352, "centroid_lat": 35.962790365587594, "radius_m": 17.76, "height_m": 14.63, "roof_type": "unknown", "capacity_kbbl": 91.195, "first_seen": null, "last_seen": null, "notes": "OSM footprint, height model=flat" }, "geometry": { "type": "Polygon", "coordinates": [ [ [ -96.7265181, 35.9626308 ], [ -96.7264421, 35.9626405 ], [ -96.7263764, 35.9626729 ], [ -96.726331, 35.9627233 ], [ -96.7263129, 35.9627839 ], [ -96.7263249, 35.9628454 ], [ -96.726365, 35.9628986 ], [ -96.7264272, 35.9629353 ], [ -96.726502, 35.9629499 ], [ -96.7265781, 35.9629403 ], [ -96.7266438, 35.9629078 ], [ -96.7266891, 35.9628575 ], [ -96.7267072, 35.9627969 ], [ -96.7266953, 35.9627353 ], [ -96.7266552, 35.9626822 ], [ -96.726593, 35.9626454 ], [ -96.7265181, 35.9626308 ] ] ] } },
{ "type": "Feature", "properties": { "tank_id": "osm_way_460925647", "centroid_lon": -96.719104499991531, "centroid_lat": 35.960560749967676, "radius_m": 17.76, "height_m": 14.63, "roof_type": "unknown", "capacity_kbbl": 91.206, "first_seen": null, "last_seen": null, "notes": "OSM footprint, height model=flat" }, "geometry": { "type": "Polygon", "coordinates": [ [ [ -96.7191125, 35.9604012 ], [ -96.7190365, 35.9604108 ], [ -96.7189708, 35.9604433 ], [ -96.7189254, 35.9604937 ], [ -96.7189074, 35.9605542 ], [ -96.7189193, 35.9606158 ], [ -96.7189594, 35.960669 ], [ -96.7190216, 35.9607057 ], [ -96.7190965, 35.9607203 ], [ -96.7191725, 35.9607107 ], [ -96.7192382, 35.9606782 ], [ -96.7192836, 35.9606278 ], [ -96.7193016, 35.9605673 ], [ -96.7192897, 35.9605057 ], [ -96.7192496, 35.9604525 ], [ -96.7191874, 35.9604158 ], [ -96.7191125, 35.9604012 ] ] ] } },
{ "type": "Feature", "properties": { "tank_id": "osm_way_460925649", "centroid_lon": -96.743951144559219, "centroid_lat": 35.937136110192007, "radius_m": 19.45, "height_m": 14.63, "roof_type": "unknown", "capacity_kbbl": 109.346, "first_seen": null, "last_seen": null, "notes": "OSM footprint, height model=flat" }, "geometry": { "type": "Polygon", "coordinates": [ [ [ -96.7439565, 35.9369613 ], [ -96.7438735, 35.9369729 ], [ -96.7438023, 35.9370094 ], [ -96.7437537, 35.9370652 ], [ -96.7437352, 35.9371318 ], [ -96.7437496, 35.937199 ], [ -96.7437947, 35.9372566 ], [ -96.7438636, 35.937296 ], [ -96.7439458, 35.9373109 ], [ -96.7440288, 35.9372993 ], [ -96.7441, 35.9372628 ], [ -96.7441486, 35.937207 ], [ -96.7441671, 35.9371404 ], [ -96.7441527, 35.9370732 ], [ -96.7441076, 35.9370156 ], [ -96.7440387, 35.9369763 ], [ -96.7439565, 35.9369613 ] ] ] } },
{ "type": "Feature", "properties": { "tank_id": "osm_way_460925651", "centroid_lon": -96.755208385302083, "centroid_lat": 36.016950112612143, "radius_m": 31.02, "height_m": 14.63, "roof_type": "unknown", "capacity_kbbl": 278.13, "first_seen": null, "last_seen": null, "notes": "OSM footprint, height model=flat" }, "geometry": { "type": "Polygon", "coordinates": [ [ [ -96.755321, 36.0166865 ], [ -96.7551877, 36.0166717 ], [ -96.7550576, 36.0166993 ], [ -96.7549504, 36.0167651 ], [ -96.7548825, 36.016859 ], [ -96.7548642, 36.0169668 ], [ -96.7548983, 36.0170721 ], [ -96.7549796, 36.0171588 ], [ -96.7550957, 36.0172137 ], [ -96.755229, 36.0172285 ], [ -96.7553592, 36.0172009 ], [ -96.7554663, 36.0171352 ], [ -96.7555343, 36.0170412 ], [ -96.7555526, 36.0169334 ], [ -96.7555185, 36.0168282 ], [ -96.7554372, 36.0167415 ], [ -96.755321, 36.0166865 ] ] ] } },
{ "type": "Feature", "properties": { "tank_id": "osm_way_460925652", "centroid_lon": -96.718387037530604, "centroid_lat": 35.938710568382504, "radius_m": 30.2, "height_m": 14.63, "roof_type": "unknown", "capacity_kbbl": 263.691, "first_seen": null, "last_seen": null, "notes": "OSM footprint, height model=flat" }, "geometry": { "type": "Polygon", "coordinates": [ [ [ -96.7183964, 35.9384391 ], [ -96.7182674, 35.9384569 ], [ -96.7181566, 35.9385132 ], [ -96.7180809, 35.9385997 ], [ -96.7180517, 35.938703 ], [ -96.7180737, 35.9388074 ], [ -96.7181433, 35.9388971 ], [ -96.71825, 35.9389584 ], [ -96.7183776, 35.938982 ], [ -96.7185066, 35.9389643 ], [ -96.7186175, 35.9389079 ], [ -96.7186932, 35.9388215 ], [ -96.7187223, 35.9387182 ], [ -96.7187004, 35.9386137 ], [ -96.7186307, 35.938524 ], [ -96.718524, 35.9384627 ], [ -96.7183964, 35.9384391 ] ] ] } },
{ "type": "Feature", "properties": { "tank_id": "osm_way_460925653", "centroid_lon": -96.734669350107936, "centroid_lat": 35.938059071334209, "radius_m": 42.27, "height_m": 14.63, "roof_type": "unknown", "capacity_kbbl": 516.479, "first_seen": null, "last_seen": null, "notes": "OSM footprint, height model=flat" }, "geometry": { "type": "Polygon", "coordinates": [ [ [ -96.7346734, 35.937679 ], [ -96.7344934, 35.9377067 ], [ -96.7343403, 35.9377881 ], [ -96.7342372, 35.9379106 ], [ -96.7342, 35.9380558 ], [ -96.7342342, 35.9382015 ], [ -96.7343346, 35.9383255 ], [ -96.734486, 35.938409 ], [ -96.7346653, 35.9384391 ], [ -96.7348453, 35.9384114 ], [ -96.7349984, 35.9383301 ], [ -96.7351015, 35.9382075 ], [ -96.7351387, 35.9380623 ], [ -96.7351046, 35.9379167 ], [ -96.7350041, 35.9377927 ], [ -96.7348527, 35.9377092 ], [ -96.7346734, 35.937679 ] ] ] } },
{ "type": "Feature", "properties": { "tank_id": "osm_way_460925654", "centroid_lon": -96.744931494710002, "centroid_lat": 35.944541197769745, "radius_m": 33.09, "height_m": 14.63, "roof_type": "unknown", "capacity_kbbl": 316.466, "first_seen": null, "last_seen": null, "notes": "OSM footprint, height model=flat" }, "geometry": { "type": "Polygon", "coordinates": [ [ [ -96.7449342, 35.9442437 ], [ -96.7447934, 35.9442655 ], [ -96.7446736, 35.9443293 ], [ -96.744593, 35.9444253 ], [ -96.744564, 35.944539 ], [ -96.744591, 35.944653 ], [ -96.7446698, 35.94475 ], [ -96.7447884, 35.9448152 ], [ -96.7449288, 35.9448387 ], [ -96.7450696, 35.9448169 ], [ -96.7451894, 35.9447531 ], [ -96.74527, 35.944657 ], [ -96.745299, 35.9445434 ], [ -96.745272, 35.9444294 ], [ -96.7451932, 35.9443324 ], [ -96.7450746, 35.9442672 ], [ -96.7449342, 35.9442437 ] ] ] } },
{ "type": "Feature", "properties": { "tank_id": "osm_way_460925655", "centroid_lon": -96.74336642561174, "centroid_lat": 35.926828623560851, "radius_m": 30.62, "height_m": 14.63, "roof_type": "unknown", "capacity_kbbl": 271.009, "first_seen": null, "last_seen": null, "notes": "OSM footprint, height model=flat" }, "geometry": { "type": "Polygon", "coordinates": [ [ [ -96.7433879, 35.9265539 ], [ -96.7432564, 35.9265681 ], [ -96.7431417, 35.9266221 ], [ -96.7430612, 35.9267074 ], [ -96.7430271, 35.9268113 ], [ -96.7430447, 35.9269177 ], [ -96.7431113, 35.9270106 ], [ -96.7432168, 35.9270758 ], [ -96.743345, 35.9271034 ], [ -96.7434764, 35.9270891 ], [ -96.7435912, 35.9270352 ], [ -96.7436717, 35.9269498 ], [ -96.7437057, 35.926846 ], [ -96.7436881, 35.9267395 ], [ -96.7436215, 35.9266466 ], [ -96.7435161, 35.9265814 ], [ -96.7433879, 35.9265539 ] ] ] } },
{ "type": "Feature", "properties": { "tank_id": "osm_way_460925656", "centroid_lon": -96.716191627918477, "centroid_lat": 35.961997964739602, "radius_m": 17.76, "height_m": 14.63, "roof_type": "unknown", "capacity_kbbl": 91.198, "first_seen": null, "last_seen": null, "notes": "OSM footprint, height model=flat" }, "geometry": { "type": "Polygon", "coordinates": [ [ [ -96.7161997, 35.9618384 ], [ -96.7161236, 35.9618481 ], [ -96.7160579, 35.9618805 ], [ -96.7160126, 35.9619309 ], [ -96.7159945, 35.9619915 ], [ -96.7160064, 35.962053 ], [ -96.7160465, 35.9621062 ], [ -96.7161087, 35.9621429 ], [ -96.7161836, 35.9621575 ], [ -96.7162596, 35.9621479 ], [ -96.7163253, 35.9621154 ], [ -96.7163707, 35.962065 ], [ -96.7163888, 35.9620045 ], [ -96.7163768, 35.9619429 ], [ -96.7163367, 35.9618897 ], [ -96.7162745, 35.961853 ], [ -96.7161997, 35.9618384 ] ] ] } },
{ "type": "Feature", "properties": { "tank_id": "osm_way_460925657", "centroid_lon": -96.719072328767609, "centroid_lat": 35.957842556377223, "radius_m": 17.76, "height_m": 14.63, "roof_type": "unknown", "capacity_kbbl": 91.212, "first_seen": null, "last_seen": null, "notes": "OSM footprint, height model=flat" }, "geometry": { "type": "Polygon", "coordinates": [ [ [ -96.7190804, 35.957683 ], [ -96.7190043, 35.9576926 ], [ -96.7189386, 35.9577251 ], [ -96.7188933, 35.9577755 ], [ -96.7188752, 35.9578361 ], [ -96.7188871, 35.9578976 ], [ -96.7189272, 35.9579508 ], [ -96.7189894, 35.9579875 ], [ -96.7190643, 35.9580021 ], [ -96.7191403, 35.9579925 ], [ -96.719206, 35.95796 ], [ -96.7192514, 35.9579097 ], [ -96.7192695, 35.9578491 ], [ -96.7192575, 35.9577875 ], [ -96.7192174, 35.9577343 ], [ -96.7191552, 35.9576976 ], [ -96.7190804, 35.957683 ] ] ] } },
{ "type": "Feature", "properties": { "tank_id": "osm_way_460925658", "centroid_lon": -96.747434005636535, "centroid_lat": 35.934364977442364, "radius_m": 31.16, "height_m": 14.63, "roof_type": "unknown", "capacity_kbbl": 280.733, "first_seen": null, "last_seen": null, "notes": "OSM footprint, height model=flat" }, "geometry": { "type": "Polygon", "coordinates": [ [ [ -96.7474407, 35.9340848 ], [ -96.7473078, 35.9341041 ], [ -96.7471941, 35.9341631 ], [ -96.7471169, 35.9342528 ], [ -96.747088, 35.9343596 ], [ -96.7471118, 35.9344672 ], [ -96.7471846, 35.9345593 ], [ -96.7472954, 35.9346217 ], [ -96.7474273, 35.9346451 ], [ -96.7475602, 35.9346259 ], [ -96.7476739, 35.9345669 ], [ -96.7477511, 35.9344772 ], [ -96.74778, 35.9343704 ], [ -96.7477562, 35.9342628 ], [ -96.7476834, 35.9341707 ], [ -96.7475726, 35.9341082 ], [ -96.7474407, 35.9340848 ] ] ] } },
{ "type": "Feature", "properties": { "tank_id": "osm_way_460925659", "centroid_lon": -96.757626385802183, "centroid_lat": 35.941681308781, "radius_m": 15.7, "height_m": 14.63, "roof_type": "unknown", "capacity_kbbl": 71.242, "first_seen": null, "last_seen": null, "notes": "OSM footprint, height model=flat" }, "geometry": { "type": "Polygon", "coordinates": [ [ [ -96.7576251, 35.9415402 ], [ -96.7575584, 35.9415513 ], [ -96.7575022, 35.9415823 ], [ -96.7574648, 35.9416283 ], [ -96.757452, 35.9416824 ], [ -96.7574658, 35.9417363 ], [ -96.7575041, 35.9417819 ], [ -96.7575609, 35.9418121 ], [ -96.7576277, 35.9418225 ], [ -96.7576943, 35.9418113 ], [ -96.7577506, 35.9417803 ], [ -96.757788, 35.9417343 ], [ -96.7578007, 35.9416802 ], [ -96.757787, 35.9416263 ], [ -96.7577487, 35.9415807 ], [ -96.7576919, 35.9415505 ], [ -96.7576251, 35.9415402 ] ] ] } },
{ "type": "Feature", "properties": { "tank_id": "osm_way_460925660", "centroid_lon": -96.751693344119843, "centroid_lat": 36.000695195123541, "radius_m": 29.22, "height_m": 14.63, "roof_type": "unknown", "capacity_kbbl": 246.795, "first_seen": null, "last_seen": null, "notes": "OSM footprint, height model=flat" }, "geometry": { "type": "Polygon", "coordinates": [ [ [ -96.7517041, 36.0004326 ], [ -96.7515791, 36.0004493 ], [ -96.7514714, 36.0005034 ], [ -96.7513976, 36.0005867 ], [ -96.7513688, 36.0006865 ], [ -96.7513894, 36.0007877 ], [ -96.7514563, 36.0008747 ], [ -96.7515592, 36.0009345 ], [ -96.7516826, 36.0009578 ], [ -96.7518076, 36.0009411 ], [ -96.7519152, 36.000887 ], [ -96.7519891, 36.0008037 ], [ -96.7520179, 36.0007039 ], [ -96.7519973, 36.0006027 ], [ -96.7519304, 36.0005157 ], [ -96.7518275, 36.0004559 ], [ -96.7517041, 36.0004326 ] ] ] } },
{ "type": "Feature", "properties": { "tank_id": "osm_way_460925661", "centroid_lon": -96.7502489632341, "centroid_lat": 35.932040072200699, "radius_m": 35.39, "height_m": 14.63, "roof_type": "unknown", "capacity_kbbl": 362.139, "first_seen": null, "last_seen": null, "notes": "OSM footprint, height model=flat" }, "geometry": { "type": "Polygon", "coordinates": [ [ [ -96.750257, 35.9317219 ], [ -96.750106, 35.9317436 ], [ -96.7499768, 35.9318105 ], [ -96.749889, 35.9319123 ], [ -96.749856, 35.9320336 ], [ -96.7498829, 35.9321558 ], [ -96.7499654, 35.9322605 ], [ -96.7500912, 35.9323315 ], [ -96.7502409, 35.9323583 ], [ -96.7503919, 35.9323365 ], [ -96.7505211, 35.9322697 ], [ -96.7506089, 35.9321679 ], [ -96.7506419, 35.9320466 ], [ -96.7506151, 35.9319244 ], [ -96.7505325, 35.9318197 ], [ -96.7504068, 35.9317486 ], [ -96.750257, 35.9317219 ] ] ] } },
{ "type": "Feature", "properties": { "tank_id": "osm_way_460925662", "centroid_lon": -96.745931949974533, "centroid_lat": 36.010231499901337, "radius_m": 31.02, "height_m": 14.63, "roof_type": "unknown", "capacity_kbbl": 278.165, "first_seen": null, "last_seen": null, "notes": "OSM footprint, height model=flat" }, "geometry": { "type": "Polygon", "coordinates": [ [ [ -96.7459413, 36.0099527 ], [ -96.7458087, 36.009971 ], [ -96.7456949, 36.010029 ], [ -96.7456171, 36.0101178 ], [ -96.7455873, 36.0102239 ], [ -96.7456099, 36.0103312 ], [ -96.7456816, 36.0104233 ], [ -96.7457914, 36.0104862 ], [ -96.7459226, 36.0105103 ], [ -96.7460552, 36.010492 ], [ -96.746169, 36.010434 ], [ -96.7462468, 36.0103452 ], [ -96.7462766, 36.0102391 ], [ -96.746254, 36.0101318 ], [ -96.7461823, 36.0100397 ], [ -96.7460725, 36.0099768 ], [ -96.7459413, 36.0099527 ] ] ] } },
{ "type": "Feature", "properties": { "tank_id": "osm_way_460925663", "centroid_lon": -96.714654717840787, "centroid_lat": 35.957193405352996, "radius_m": 17.76, "height_m": 14.63, "roof_type": "unknown", "capacity_kbbl": 91.197, "first_seen": null, "last_seen": null, "notes": "OSM footprint, height model=flat" }, "geometry": { "type": "Polygon", "coordinates": [ [ [ -96.7146628, 35.9570338 ], [ -96.7145867, 35.9570435 ], [ -96.714521, 35.957076 ], [ -96.7144757, 35.9571263 ], [ -96.7144576, 35.9571869 ], [ -96.7144695, 35.9572485 ], [ -96.7145096, 35.9573016 ], [ -96.7145718, 35.9573383 ], [ -96.7146467, 35.957353 ], [ -96.7147227, 35.9573433 ], [ -96.7147884, 35.9573108 ], [ -96.7148338, 35.9572605 ], [ -96.7148519, 35.9571999 ], [ -96.7148399, 35.9571384 ], [ -96.7147998, 35.9570852 ], [ -96.7147376, 35.9570485 ], [ -96.7146628, 35.9570338 ] ] ] } },
{ "type": "Feature", "properties": { "tank_id": "osm_way_460925664", "centroid_lon": -96.751852910276568, "centroid_lat": 36.01937287646529, "radius_m": 29.94, "height_m": 14.63, "roof_type": "unknown", "capacity_kbbl": 259.21, "first_seen": null, "last_seen": null, "notes": "OSM footprint, height model=flat" }, "geometry": { "type": "Polygon", "coordinates": [ [ [ -96.7520554, 36.0191592 ], [ -96.7519389, 36.0191128 ], [ -96.7518093, 36.0191059 ], [ -96.7516863, 36.0191398 ], [ -96.7515887, 36.0192091 ], [ -96.7515313, 36.0193033 ], [ -96.7515229, 36.0194081 ], [ -96.7515647, 36.0195076 ], [ -96.7516504, 36.0195865 ], [ -96.7517669, 36.019633 ], [ -96.7518966, 36.0196398 ], [ -96.7520195, 36.019606 ], [ -96.7521171, 36.0195367 ], [ -96.7521745, 36.0194424 ], [ -96.7521829, 36.0193376 ], [ -96.7521411, 36.0192381 ], [ -96.7520554, 36.0191592 ] ] ] } },
{ "type": "Feature", "properties": { "tank_id": "osm_way_460925665", "centroid_lon": -96.754359453023824, "centroid_lat": 36.017130731326269, "radius_m": 20.03, "height_m": 14.63, "roof_type": "unknown", "capacity_kbbl": 116.026, "first_seen": null, "last_seen": null, "notes": "OSM footprint, height model=flat" }, "geometry": { "type": "Polygon", "coordinates": [ [ [ -96.7543648, 36.0169507 ], [ -96.7542792, 36.0169627 ], [ -96.7542058, 36.0170003 ], [ -96.7541558, 36.0170578 ], [ -96.7541368, 36.0171264 ], [ -96.7541517, 36.0171956 ], [ -96.7541982, 36.017255 ], [ -96.7542693, 36.0172954 ], [ -96.7543541, 36.0173108 ], [ -96.7544397, 36.0172988 ], [ -96.7545131, 36.0172611 ], [ -96.7545631, 36.0172037 ], [ -96.7545821, 36.0171351 ], [ -96.7545672, 36.0170658 ], [ -96.7545207, 36.0170065 ], [ -96.7544496, 36.016966 ], [ -96.7543648, 36.0169507 ] ] ] } },
{ "type": "Feature", "properties": { "tank_id": "osm_way_460925666", "centroid_lon": -96.750400533831979, "centroid_lat": 35.952963921472133, "radius_m": 30.68, "height_m": 14.63, "roof_type": "unknown", "capacity_kbbl": 272.053, "first_seen": null, "last_seen": null, "notes": "OSM footprint, height model=flat" }, "geometry": { "type": "Polygon", "coordinates": [ [ [ -96.7504086, 35.9526882 ], [ -96.7502776, 35.9527067 ], [ -96.7501653, 35.9527643 ], [ -96.7500889, 35.9528524 ], [ -96.7500599, 35.9529574 ], [ -96.7500827, 35.9530634 ], [ -96.750154, 35.9531543 ], [ -96.7502627, 35.9532162 ], [ -96.7503925, 35.9532397 ], [ -96.7505234, 35.9532212 ], [ -96.7506357, 35.9531635 ], [ -96.7507122, 35.9530754 ], [ -96.7507412, 35.9529704 ], [ -96.7507183, 35.9528644 ], [ -96.7506471, 35.9527735 ], [ -96.7505383, 35.9527116 ], [ -96.7504086, 35.9526882 ] ] ] } },
{ "type": "Feature", "properties": { "tank_id": "osm_way_460925667", "centroid_lon": -96.751295026235169, "centroid_lat": 35.944827822658041, "radius_m": 23.48, "height_m": 14.63, "roof_type": "unknown", "capacity_kbbl": 159.347, "first_seen": null, "last_seen": null, "notes": "OSM footprint, height model=flat" }, "geometry": { "type": "Polygon", "coordinates": [ [ [ -96.7513125, 35.9446172 ], [ -96.7512116, 35.9446278 ], [ -96.7511234, 35.9446689 ], [ -96.7510613, 35.9447342 ], [ -96.7510349, 35.9448137 ], [ -96.751048, 35.9448954 ], [ -96.7510987, 35.9449668 ], [ -96.7511794, 35.945017 ], [ -96.7512776, 35.9450385 ], [ -96.7513785, 35.9450278 ], [ -96.7514667, 35.9449867 ], [ -96.7515287, 35.9449215 ], [ -96.7515552, 35.9448419 ], [ -96.7515421, 35.9447603 ], [ -96.7514913, 35.9446889 ], [ -96.7514107, 35.9446386 ], [ -96.7513125, 35.9446172 ] ] ] } },
{ "type": "Feature", "properties": { "tank_id": "osm_way_460925668", "centroid_lon": -96.743935049989972, "centroid_lat": 35.936625749961337, "radius_m": 19.45, "height_m": 14.63, "roof_type": "unknown", "capacity_kbbl": 109.347, "first_seen": null, "last_seen": null, "notes": "OSM footprint, height model=flat" }, "geometry": { "type": "Polygon", "coordinates": [ [ [ -96.7439404, 35.9364509 ], [ -96.7438574, 35.9364626 ], [ -96.7437862, 35.9364991 ], [ -96.7437376, 35.9365548 ], [ -96.7437191, 35.9366214 ], [ -96.7437335, 35.9366886 ], [ -96.7437786, 35.9367463 ], [ -96.7438475, 35.9367856 ], [ -96.7439297, 35.9368006 ], [ -96.7440127, 35.9367889 ], [ -96.7440839, 35.9367524 ], [ -96.7441325, 35.9366967 ], [ -96.744151, 35.9366301 ], [ -96.7441366, 35.9365629 ], [ -96.7440915, 35.9365052 ], [ -96.7440226, 35.9364659 ], [ -96.7439404, 35.9364509 ] ] ] } },
{ "type": "Feature", "properties": { "tank_id": "osm_way_460925669", "centroid_lon": -96.748002614666447, "centroid_lat": 35.944730115416803, "radius_m": 32.01, "height_m": 14.63, "roof_type": "unknown", "capacity_kbbl": 296.138, "first_seen": null, "last_seen": null, "notes": "OSM footprint, height model=flat" }, "geometry": { "type": "Polygon", "coordinates": [ [ [ -96.7480107, 35.9444424 ], [ -96.7478741, 35.9444618 ], [ -96.747757, 35.9445221 ], [ -96.7476774, 35.944614 ], [ -96.7476472, 35.9447236 ], [ -96.7476712, 35.9448342 ], [ -96.7477456, 35.944929 ], [ -96.7478592, 35.9449934 ], [ -96.7479946, 35.9450178 ], [ -96.7481312, 35.9449984 ], [ -96.7482482, 35.9449382 ], [ -96.7483279, 35.9448462 ], [ -96.748358, 35.9447366 ], [ -96.748334, 35.944626 ], [ -96.7482596, 35.9445313 ], [ -96.7481461, 35.9444668 ], [ -96.7480107, 35.9444424 ] ] ] } },
{ "type": "Feature", "properties": { "tank_id": "osm_way_460925670", "centroid_lon": -96.736799020827362, "centroid_lat": 35.941596644869968, "radius_m": 30.61, "height_m": 14.63, "roof_type": "unknown", "capacity_kbbl": 270.911, "first_seen": null, "last_seen": null, "notes": "OSM footprint, height model=flat" }, "geometry": { "type": "Polygon", "coordinates": [ [ [ -96.7368205, 35.9413219 ], [ -96.736689, 35.9413362 ], [ -96.7365743, 35.9413901 ], [ -96.7364938, 35.9414755 ], [ -96.7364597, 35.9415793 ], [ -96.7364773, 35.9416857 ], [ -96.7365439, 35.9417786 ], [ -96.7366494, 35.9418438 ], [ -96.7367776, 35.9418713 ], [ -96.7369091, 35.9418571 ], [ -96.7370238, 35.9418032 ], [ -96.7371043, 35.9417178 ], [ -96.7371383, 35.941614 ], [ -96.7371207, 35.9415076 ], [ -96.7370541, 35.9414147 ], [ -96.7369487, 35.9413495 ], [ -96.7368205, 35.9413219 ] ] ] } },
{ "type": "Feature", "properties": { "tank_id": "osm_way_460925671", "centroid_lon": -96.719687873182025, "centroid_lat": 35.939503194733042, "radius_m": 30.2, "height_m": 14.63, "roof_type": "unknown", "capacity_kbbl": 263.715, "first_seen": null, "last_seen": null, "notes": "OSM footprint, height model=flat" }, "geometry": { "type": "Polygon", "coordinates": [ [ [ -96.7196973, 35.9392317 ], [ -96.7195683, 35.9392495 ], [ -96.7194574, 35.9393059 ], [ -96.7193817, 35.9393923 ], [ -96.7193526, 35.9394956 ], [ -96.7193745, 35.9396001 ], [ -96.7194442, 35.9396898 ], [ -96.7195509, 35.9397511 ], [ -96.7196785, 35.9397747 ], [ -96.7198075, 35.9397569 ], [ -96.7199183, 35.9397005 ], [ -96.719994, 35.9396141 ], [ -96.7200232, 35.9395108 ], [ -96.7200012, 35.9394063 ], [ -96.7199316, 35.9393166 ], [ -96.7198249, 35.9392553 ], [ -96.7196973, 35.9392317 ] ] ] } },
{ "type": "Feature", "properties": { "tank_id": "osm_way_460925672", "centroid_lon": -96.73502879059339, "centroid_lat": 35.936508517901004, "radius_m": 42.27, "height_m": 14.63, "roof_type": "unknown", "capacity_kbbl": 516.5, "first_seen": null, "last_seen": null, "notes": "OSM footprint, height model=flat" }, "geometry": { "type": "Polygon", "coordinates": [ [ [ -96.7350328, 35.9361285 ], [ -96.7348529, 35.9361561 ], [ -96.7346997, 35.9362375 ], [ -96.7345967, 35.9363601 ], [ -96.7345594, 35.9365053 ], [ -96.7345936, 35.9366509 ], [ -96.734694, 35.9367749 ], [ -96.7348454, 35.9368584 ], [ -96.7350248, 35.9368886 ], [ -96.7352047, 35.9368609 ], [ -96.7353578, 35.9367795 ], [ -96.7354609, 35.936657 ], [ -96.7354982, 35.9365118 ], [ -96.735464, 35.9363661 ], [ -96.7353635, 35.9362421 ], [ -96.7352121, 35.9361586 ], [ -96.7350328, 35.9361285 ] ] ] } },
{ "type": "Feature", "properties": { "tank_id": "osm_way_460925673", "centroid_lon": -96.714743230328125, "centroid_lat": 35.962701361081614, "radius_m": 17.76, "height_m": 14.63, "roof_type": "unknown", "capacity_kbbl": 91.195, "first_seen": null, "last_seen": null, "notes": "OSM footprint, height model=flat" }, "geometry": { "type": "Polygon", "coordinates": [ [ [ -96.7147513, 35.9625418 ], [ -96.7146752, 35.9625515 ], [ -96.7146095, 35.9625839 ], [ -96.7145642, 35.9626343 ], [ -96.7145461, 35.9626949 ], [ -96.714558, 35.9627564 ], [ -96.7145981, 35.9628096 ], [ -96.7146604, 35.9628463 ], [ -96.7147352, 35.9628609 ], [ -96.7148112, 35.9628513 ], [ -96.7148769, 35.9628188 ], [ -96.7149223, 35.9627684 ], [ -96.7149404, 35.9627079 ], [ -96.7149284, 35.9626463 ], [ -96.7148883, 35.9625931 ], [ -96.7148261, 35.9625564 ], [ -96.7147513, 35.9625418 ] ] ] } },
{ "type": "Feature", "properties": { "tank_id": "osm_way_460925674", "centroid_lon": -96.723471135760164, "centroid_lat": 35.9626058468601, "radius_m": 17.76, "height_m": 14.63, "roof_type": "unknown", "capacity_kbbl": 91.207, "first_seen": null, "last_seen": null, "notes": "OSM footprint, height model=flat" }, "geometry": { "type": "Polygon", "coordinates": [ [ [ -96.7234792, 35.9624463 ], [ -96.7234031, 35.9624559 ], [ -96.7233374, 35.9624884 ], [ -96.7232921, 35.9625388 ], [ -96.723274, 35.9625993 ], [ -96.7232859, 35.9626609 ], [ -96.723326, 35.9627141 ], [ -96.7233883, 35.9627508 ], [ -96.7234631, 35.9627654 ], [ -96.7235391, 35.9627558 ], [ -96.7236048, 35.9627233 ], [ -96.7236502, 35.9626729 ], [ -96.7236683, 35.9626124 ], [ -96.7236564, 35.9625508 ], [ -96.7236162, 35.9624976 ], [ -96.723554, 35.9624609 ], [ -96.7234792, 35.9624463 ] ] ] } },
{ "type": "Feature", "properties": { "tank_id": "osm_way_460925676", "centroid_lon": -96.745765649576427, "centroid_lat": 36.011006062075516, "radius_m": 31.02, "height_m": 14.63, "roof_type": "unknown", "capacity_kbbl": 278.14, "first_seen": null, "last_seen": null, "notes": "OSM footprint, height model=flat" }, "geometry": { "type": "Polygon", "coordinates": [ [ [ -96.745775, 36.0107273 ], [ -96.7456424, 36.0107456 ], [ -96.7455286, 36.0108035 ], [ -96.7454508, 36.0108923 ], [ -96.745421, 36.0109985 ], [ -96.7454436, 36.0111057 ], [ -96.7455153, 36.0111978 ], [ -96.7456251, 36.0112607 ], [ -96.7457563, 36.0112849 ], [ -96.7458889, 36.0112665 ], [ -96.7460027, 36.0112086 ], [ -96.7460805, 36.0111198 ], [ -96.7461103, 36.0110136 ], [ -96.7460877, 36.0109064 ], [ -96.746016, 36.0108143 ], [ -96.7459062, 36.0107514 ], [ -96.745775, 36.0107273 ] ] ] } },
{ "type": "Feature", "properties": { "tank_id": "osm_way_460925677", "centroid_lon": -96.720674962582407, "centroid_lat": 35.939505379988617, "radius_m": 30.2, "height_m": 14.63, "roof_type": "unknown", "capacity_kbbl": 263.687, "first_seen": null, "last_seen": null, "notes": "OSM footprint, height model=flat" }, "geometry": { "type": "Polygon", "coordinates": [ [ [ -96.7206843, 35.9392339 ], [ -96.7205553, 35.9392517 ], [ -96.7204445, 35.9393081 ], [ -96.7203688, 35.9393945 ], [ -96.7203397, 35.9394978 ], [ -96.7203616, 35.9396022 ], [ -96.7204312, 35.9396919 ], [ -96.720538, 35.9397533 ], [ -96.7206656, 35.9397768 ], [ -96.7207946, 35.9397591 ], [ -96.7209054, 35.9397027 ], [ -96.7209811, 35.9396163 ], [ -96.7210102, 35.939513 ], [ -96.7209883, 35.9394085 ], [ -96.7209187, 35.9393188 ], [ -96.7208119, 35.9392575 ], [ -96.7206843, 35.9392339 ] ] ] } },
{ "type": "Feature", "properties": { "tank_id": "osm_way_460925678", "centroid_lon": -96.752620049974439, "centroid_lat": 36.004589049901341, "radius_m": 31.02, "height_m": 14.63, "roof_type": "unknown", "capacity_kbbl": 278.197, "first_seen": null, "last_seen": null, "notes": "OSM footprint, height model=flat" }, "geometry": { "type": "Polygon", "coordinates": [ [ [ -96.7526294, 36.0043102 ], [ -96.7524968, 36.0043285 ], [ -96.752383, 36.0043865 ], [ -96.7523052, 36.0044753 ], [ -96.7522754, 36.0045815 ], [ -96.752298, 36.0046887 ], [ -96.7523697, 36.0047808 ], [ -96.7524795, 36.0048437 ], [ -96.7526107, 36.0048679 ], [ -96.7527433, 36.0048496 ], [ -96.7528571, 36.0047916 ], [ -96.7529349, 36.0047028 ], [ -96.7529647, 36.0045966 ], [ -96.7529421, 36.0044894 ], [ -96.7528704, 36.0043973 ], [ -96.7527606, 36.0043344 ], [ -96.7526294, 36.0043102 ] ] ] } },
{ "type": "Feature", "properties": { "tank_id": "osm_way_460925679", "centroid_lon": -96.740029756631031, "centroid_lat": 35.937094845109023, "radius_m": 31.42, "height_m": 14.63, "roof_type": "unknown", "capacity_kbbl": 285.335, "first_seen": null, "last_seen": null, "notes": "OSM footprint, height model=flat" }, "geometry": { "type": "Polygon", "coordinates": [ [ [ -96.7400418, 35.9368125 ], [ -96.7399075, 35.9368303 ], [ -96.7397917, 35.9368883 ], [ -96.7397122, 35.9369778 ], [ -96.7396811, 35.9370851 ], [ -96.739703, 35.9371939 ], [ -96.7397747, 35.9372876 ], [ -96.7398852, 35.9373519 ], [ -96.7400177, 35.9373772 ], [ -96.740152, 35.9373594 ], [ -96.7402678, 35.9373014 ], [ -96.7403473, 35.9372119 ], [ -96.7403784, 35.9371046 ], [ -96.7403565, 35.9369958 ], [ -96.7402849, 35.9369021 ], [ -96.7401743, 35.9368378 ], [ -96.7400418, 35.9368125 ] ] ] } },
{ "type": "Feature", "properties": { "tank_id": "osm_way_460925680", "centroid_lon": -96.751763076010903, "centroid_lat": 35.954227556562358, "radius_m": 30.67, "height_m": 14.63, "roof_type": "unknown", "capacity_kbbl": 272.016, "first_seen": null, "last_seen": null, "notes": "OSM footprint, height model=flat" }, "geometry": { "type": "Polygon", "coordinates": [ [ [ -96.7517711, 35.9539518 ], [ -96.7516402, 35.9539703 ], [ -96.7515279, 35.954028 ], [ -96.7514515, 35.954116 ], [ -96.7514224, 35.954221 ], [ -96.7514453, 35.9543271 ], [ -96.7515165, 35.9544179 ], [ -96.7516253, 35.9544798 ], [ -96.751755, 35.9545033 ], [ -96.751886, 35.9544848 ], [ -96.7519983, 35.9544271 ], [ -96.7520747, 35.9543391 ], [ -96.7521037, 35.9542341 ], [ -96.7520809, 35.9541281 ], [ -96.7520096, 35.9540372 ], [ -96.7519009, 35.9539753 ], [ -96.7517711, 35.9539518 ] ] ] } },
{ "type": "Feature", "properties": { "tank_id": "osm_way_460925681", "centroid_lon": -96.753346945095331, "centroid_lat": 35.93455610612542, "radius_m": 42.28, "height_m": 14.63, "roof_type": "unknown", "capacity_kbbl": 516.838, "first_seen": null, "last_seen": null, "notes": "OSM footprint, height model=flat" }, "geometry": { "type": "Polygon", "coordinates": [ [ [ -96.753359, 35.934176 ], [ -96.7531785, 35.9342012 ], [ -96.7530236, 35.9342805 ], [ -96.7529179, 35.9344016 ], [ -96.7528775, 35.9345463 ], [ -96.7529087, 35.9346925 ], [ -96.7530065, 35.9348179 ], [ -96.7531562, 35.9349035 ], [ -96.7533349, 35.9349362 ], [ -96.7535154, 35.934911 ], [ -96.7536703, 35.9348318 ], [ -96.753776, 35.9347106 ], [ -96.7538163, 35.9345659 ], [ -96.7537852, 35.9344197 ], [ -96.7536874, 35.9342943 ], [ -96.7535377, 35.9342087 ], [ -96.753359, 35.934176 ] ] ] } },
{ "type": "Feature", "properties": { "tank_id": "osm_way_460925682", "centroid_lon": -96.723385303347001, "centroid_lat": 35.957104381026781, "radius_m": 17.76, "height_m": 14.63, "roof_type": "unknown", "capacity_kbbl": 91.208, "first_seen": null, "last_seen": null, "notes": "OSM footprint, height model=flat" }, "geometry": { "type": "Polygon", "coordinates": [ [ [ -96.7233934, 35.9569448 ], [ -96.7233173, 35.9569545 ], [ -96.7232516, 35.9569869 ], [ -96.7232062, 35.9570373 ], [ -96.7231882, 35.9570979 ], [ -96.7232001, 35.9571594 ], [ -96.7232402, 35.9572126 ], [ -96.7233024, 35.9572493 ], [ -96.7233773, 35.957264 ], [ -96.7234533, 35.9572543 ], [ -96.723519, 35.9572218 ], [ -96.7235644, 35.9571715 ], [ -96.7235824, 35.9571109 ], [ -96.7235705, 35.9570493 ], [ -96.7235304, 35.9569962 ], [ -96.7234682, 35.9569594 ], [ -96.7233934, 35.9569448 ] ] ] } },
{ "type": "Feature", "properties": { "tank_id": "osm_way_460925683", "centroid_lon": -96.737198684789419, "centroid_lat": 35.947752723757816, "radius_m": 32.01, "height_m": 14.63, "roof_type": "unknown", "capacity_kbbl": 296.141, "first_seen": null, "last_seen": null, "notes": "OSM footprint, height model=flat" }, "geometry": { "type": "Polygon", "coordinates": [ [ [ -96.7372067, 35.947465 ], [ -96.7370701, 35.9474844 ], [ -96.7369531, 35.9475447 ], [ -96.7368734, 35.9476366 ], [ -96.7368433, 35.9477462 ], [ -96.7368673, 35.9478568 ], [ -96.7369417, 35.9479516 ], [ -96.7370553, 35.9480161 ], [ -96.7371906, 35.9480404 ], [ -96.7373273, 35.948021 ], [ -96.7374443, 35.9479608 ], [ -96.7375239, 35.9478689 ], [ -96.7375541, 35.9477593 ], [ -96.7375301, 35.9476487 ], [ -96.7374557, 35.9475539 ], [ -96.7373421, 35.9474894 ], [ -96.7372067, 35.947465 ] ] ] } },
{ "type": "Feature", "properties": { "tank_id": "osm_way_460925684", "centroid_lon": -96.734905393546327, "centroid_lat": 35.941066757273646, "radius_m": 30.61, "height_m": 14.63, "roof_type": "unknown", "capacity_kbbl": 270.924, "first_seen": null, "last_seen": null, "notes": "OSM footprint, height model=flat" }, "geometry": { "type": "Polygon", "coordinates": [ [ [ -96.7349269, 35.9407921 ], [ -96.7347954, 35.9408063 ], [ -96.7346806, 35.9408602 ], [ -96.7346001, 35.9409456 ], [ -96.7345661, 35.9410494 ], [ -96.7345837, 35.9411558 ], [ -96.7346503, 35.9412487 ], [ -96.7347557, 35.9413139 ], [ -96.7348839, 35.9413415 ], [ -96.7350154, 35.9413272 ], [ -96.7351301, 35.9412733 ], [ -96.7352107, 35.9411879 ], [ -96.7352447, 35.9410841 ], [ -96.7352271, 35.9409777 ], [ -96.7351605, 35.9408848 ], [ -96.7350551, 35.9408196 ], [ -96.7349269, 35.9407921 ] ] ] } },
{ "type": "Feature", "properties": { "tank_id": "osm_way_460925685", "centroid_lon": -96.736935814577592, "centroid_lat": 35.936790846363898, "radius_m": 42.27, "height_m": 14.63, "roof_type": "unknown", "capacity_kbbl": 516.496, "first_seen": null, "last_seen": null, "notes": "OSM footprint, height model=flat" }, "geometry": { "type": "Polygon", "coordinates": [ [ [ -96.7369398, 35.9364108 ], [ -96.7367599, 35.9364385 ], [ -96.7366068, 35.9365198 ], [ -96.7365037, 35.9366424 ], [ -96.7364664, 35.9367876 ], [ -96.7365006, 35.9369333 ], [ -96.7366011, 35.9370573 ], [ -96.7367525, 35.9371407 ], [ -96.7369318, 35.9371709 ], [ -96.7371117, 35.9371432 ], [ -96.7372649, 35.9370619 ], [ -96.7373679, 35.9369393 ], [ -96.7374052, 35.9367941 ], [ -96.737371, 35.9366484 ], [ -96.7372706, 35.9365244 ], [ -96.7371192, 35.936441 ], [ -96.7369398, 35.9364108 ] ] ] } },
{ "type": "Feature", "properties": { "tank_id": "osm_way_460925686", "centroid_lon": -96.721979824992744, "centroid_lat": 35.963304899962225, "radius_m": 17.76, "height_m": 14.63, "roof_type": "unknown", "capacity_kbbl": 91.185, "first_seen": null, "last_seen": null, "notes": "OSM footprint, height model=flat" }, "geometry": { "type": "Polygon", "coordinates": [ [ [ -96.7219879, 35.9631453 ], [ -96.7219118, 35.963155 ], [ -96.7218461, 35.9631875 ], [ -96.7218008, 35.9632378 ], [ -96.7217827, 35.9632984 ], [ -96.7217946, 35.9633599 ], [ -96.7218347, 35.9634131 ], [ -96.721897, 35.9634498 ], [ -96.7219718, 35.9634645 ], [ -96.7220478, 35.9634548 ], [ -96.7221135, 35.9634223 ], [ -96.7221589, 35.963372 ], [ -96.722177, 35.9633114 ], [ -96.722165, 35.9632499 ], [ -96.7221249, 35.9631967 ], [ -96.7220627, 35.96316 ], [ -96.7219879, 35.9631453 ] ] ] } },
{ "type": "Feature", "properties": { "tank_id": "osm_way_460925687", "centroid_lon": -96.724924889570104, "centroid_lat": 35.96190244669971, "radius_m": 17.76, "height_m": 14.63, "roof_type": "unknown", "capacity_kbbl": 91.199, "first_seen": null, "last_seen": null, "notes": "OSM footprint, height model=flat" }, "geometry": { "type": "Polygon", "coordinates": [ [ [ -96.7249329, 35.9617429 ], [ -96.7248569, 35.9617525 ], [ -96.7247912, 35.961785 ], [ -96.7247458, 35.9618354 ], [ -96.7247278, 35.9618959 ], [ -96.7247397, 35.9619575 ], [ -96.7247798, 35.9620107 ], [ -96.724842, 35.9620474 ], [ -96.7249168, 35.962062 ], [ -96.7249929, 35.9620524 ], [ -96.7250586, 35.9620199 ], [ -96.7251039, 35.9619695 ], [ -96.725122, 35.961909 ], [ -96.7251101, 35.9618474 ], [ -96.72507, 35.9617942 ], [ -96.7250078, 35.9617575 ], [ -96.7249329, 35.9617429 ] ] ] } },
{ "type": "Feature", "properties": { "tank_id": "osm_way_460925688", "centroid_lon": -96.757992518157039, "centroid_lat": 36.016700096064348, "radius_m": 18.62, "height_m": 14.63, "roof_type": "unknown", "capacity_kbbl": 100.267, "first_seen": null, "last_seen": null, "notes": "OSM footprint, height model=flat" }, "geometry": { "type": "Polygon", "coordinates": [ [ [ -96.7581306, 36.0165753 ], [ -96.7580611, 36.0165421 ], [ -96.7579811, 36.0165329 ], [ -96.7579029, 36.0165491 ], [ -96.7578383, 36.0165884 ], [ -96.7577972, 36.0166446 ], [ -96.7577858, 36.0167093 ], [ -96.7578059, 36.0167726 ], [ -96.7578544, 36.0168248 ], [ -96.7579239, 36.0168581 ], [ -96.7580039, 36.0168673 ], [ -96.7580821, 36.0168511 ], [ -96.7581467, 36.0168118 ], [ -96.7581879, 36.0167556 ], [ -96.7581992, 36.0166909 ], [ -96.7581791, 36.0166276 ], [ -96.7581306, 36.0165753 ] ] ] } },
{ "type": "Feature", "properties": { "tank_id": "osm_way_460925690", "centroid_lon": -96.746256499974564, "centroid_lat": 36.01183919990131, "radius_m": 31.02, "height_m": 14.63, "roof_type": "unknown", "capacity_kbbl": 278.166, "first_seen": null, "last_seen": null, "notes": "OSM footprint, height model=flat" }, "geometry": { "type": "Polygon", "coordinates": [ [ [ -96.7462659, 36.0115604 ], [ -96.7461333, 36.0115787 ], [ -96.7460194, 36.0116367 ], [ -96.7459417, 36.0117255 ], [ -96.7459118, 36.0118316 ], [ -96.7459345, 36.0119389 ], [ -96.7460061, 36.012031 ], [ -96.7461159, 36.0120939 ], [ -96.7462471, 36.012118 ], [ -96.7463797, 36.0120997 ], [ -96.7464936, 36.0120417 ], [ -96.7465713, 36.0119529 ], [ -96.7466012, 36.0118468 ], [ -96.7465785, 36.0117395 ], [ -96.7465069, 36.0116474 ], [ -96.7463971, 36.0115845 ], [ -96.7462659, 36.0115604 ] ] ] } },
{ "type": "Feature", "properties": { "tank_id": "osm_way_460925691", "centroid_lon": -96.744891246832324, "centroid_lat": 35.94672349432539, "radius_m": 33.09, "height_m": 14.63, "roof_type": "unknown", "capacity_kbbl": 316.466, "first_seen": null, "last_seen": null, "notes": "OSM footprint, height model=flat" }, "geometry": { "type": "Polygon", "coordinates": [ [ [ -96.7448939, 35.946426 ], [ -96.7447531, 35.9464478 ], [ -96.7446333, 35.9465116 ], [ -96.7445528, 35.9466076 ], [ -96.7445238, 35.9467213 ], [ -96.7445507, 35.9468353 ], [ -96.7446295, 35.9469323 ], [ -96.7447482, 35.9469975 ], [ -96.7448886, 35.947021 ], [ -96.7450294, 35.9469992 ], [ -96.7451492, 35.9469354 ], [ -96.7452297, 35.9468393 ], [ -96.7452587, 35.9467257 ], [ -96.7452318, 35.9466117 ], [ -96.745153, 35.9465147 ], [ -96.7450344, 35.9464495 ], [ -96.7448939, 35.946426 ] ] ] } },
{ "type": "Feature", "properties": { "tank_id": "osm_way_460925693", "centroid_lon": -96.740914918131509, "centroid_lat": 35.938030819970088, "radius_m": 31.42, "height_m": 14.63, "roof_type": "unknown", "capacity_kbbl": 285.329, "first_seen": null, "last_seen": null, "notes": "OSM footprint, height model=flat" }, "geometry": { "type": "Polygon", "coordinates": [ [ [ -96.740927, 35.9377485 ], [ -96.7407926, 35.9377663 ], [ -96.7406769, 35.9378243 ], [ -96.7405974, 35.9379138 ], [ -96.7405662, 35.9380211 ], [ -96.7405881, 35.9381298 ], [ -96.7406598, 35.9382235 ], [ -96.7407703, 35.9382879 ], [ -96.7409028, 35.9383131 ], [ -96.7410372, 35.9382954 ], [ -96.7411529, 35.9382374 ], [ -96.7412324, 35.9381479 ], [ -96.7412636, 35.9380406 ], [ -96.7412417, 35.9379318 ], [ -96.74117, 35.9378381 ], [ -96.7410595, 35.9377737 ], [ -96.740927, 35.9377485 ] ] ] } },
{ "type": "Feature", "properties": { "tank_id": "osm_way_460925694", "centroid_lon": -96.751527049974499, "centroid_lat": 36.008823349901363, "radius_m": 31.02, "height_m": 14.63, "roof_type": "unknown", "capacity_kbbl": 278.159, "first_seen": null, "last_seen": null, "notes": "OSM footprint, height model=flat" }, "geometry": { "type": "Polygon", "coordinates": [ [ [ -96.7515364, 36.0085445 ], [ -96.7514038, 36.0085629 ], [ -96.75129, 36.0086208 ], [ -96.7512122, 36.0087096 ], [ -96.7511824, 36.0088158 ], [ -96.751205, 36.008923 ], [ -96.7512767, 36.0090151 ], [ -96.7513865, 36.009078 ], [ -96.7515177, 36.0091022 ], [ -96.7516503, 36.0090838 ], [ -96.7517641, 36.0090259 ], [ -96.7518419, 36.0089371 ], [ -96.7518717, 36.0088309 ], [ -96.7518491, 36.0087237 ], [ -96.7517774, 36.0086316 ], [ -96.7516676, 36.0085687 ], [ -96.7515364, 36.0085445 ] ] ] } },
{ "type": "Feature", "properties": { "tank_id": "osm_way_460925695", "centroid_lon": -96.754996472823393, "centroid_lat": 35.93306626311665, "radius_m": 42.28, "height_m": 14.63, "roof_type": "unknown", "capacity_kbbl": 516.852, "first_seen": null, "last_seen": null, "notes": "OSM footprint, height model=flat" }, "geometry": { "type": "Polygon", "coordinates": [ [ [ -96.7550086, 35.9326862 ], [ -96.754828, 35.9327114 ], [ -96.7546731, 35.9327906 ], [ -96.7545674, 35.9329118 ], [ -96.7545271, 35.9330565 ], [ -96.7545582, 35.9332027 ], [ -96.754656, 35.9333281 ], [ -96.7548057, 35.9334137 ], [ -96.7549844, 35.9334463 ], [ -96.755165, 35.9334211 ], [ -96.7553199, 35.9333419 ], [ -96.7554255, 35.9332207 ], [ -96.7554659, 35.933076 ], [ -96.7554348, 35.9329299 ], [ -96.7553369, 35.9328044 ], [ -96.7551873, 35.9327189 ], [ -96.7550086, 35.9326862 ] ] ] } },
{ "type": "Feature", "properties": { "tank_id": "osm_way_460925696", "centroid_lon": -96.756216884774759, "centroid_lat": 35.925896866715931, "radius_m": 32.74, "height_m": 14.63, "roof_type": "unknown", "capacity_kbbl": 309.886, "first_seen": null, "last_seen": null, "notes": "OSM footprint, height model=flat" }, "geometry": { "type": "Polygon", "coordinates": [ [ [ -96.7562249, 35.9256025 ], [ -96.7560852, 35.9256225 ], [ -96.7559656, 35.9256841 ], [ -96.7558842, 35.9257782 ], [ -96.7558535, 35.9258903 ], [ -96.755878, 35.9260035 ], [ -96.7559542, 35.9261004 ], [ -96.7560704, 35.9261663 ], [ -96.7562088, 35.9261912 ], [ -96.7563485, 35.9261713 ], [ -96.7564682, 35.9261096 ], [ -96.7565496, 35.9260155 ], [ -96.7565803, 35.9259034 ], [ -96.7565557, 35.9257902 ], [ -96.7564796, 35.9256934 ], [ -96.7563634, 35.9256274 ], [ -96.7562249, 35.9256025 ] ] ] } },
{ "type": "Feature", "properties": { "tank_id": "osm_way_460925697", "centroid_lon": -96.744669981548, "centroid_lat": 35.937624730585028, "radius_m": 19.45, "height_m": 14.63, "roof_type": "unknown", "capacity_kbbl": 109.345, "first_seen": null, "last_seen": null, "notes": "OSM footprint, height model=flat" }, "geometry": { "type": "Polygon", "coordinates": [ [ [ -96.7446753, 35.9374499 ], [ -96.7445923, 35.9374616 ], [ -96.7445211, 35.937498 ], [ -96.7444726, 35.9375538 ], [ -96.7444541, 35.9376204 ], [ -96.7444684, 35.9376876 ], [ -96.7445135, 35.9377453 ], [ -96.7445824, 35.9377846 ], [ -96.7446646, 35.9377995 ], [ -96.7447477, 35.9377879 ], [ -96.7448189, 35.9377514 ], [ -96.7448674, 35.9376956 ], [ -96.7448859, 35.9376291 ], [ -96.7448715, 35.9375618 ], [ -96.7448265, 35.9375042 ], [ -96.7447576, 35.9374649 ], [ -96.7446753, 35.9374499 ] ] ] } },
{ "type": "Feature", "properties": { "tank_id": "osm_way_460925698", "centroid_lon": -96.751211870145639, "centroid_lat": 35.932992430094302, "radius_m": 31.65, "height_m": 14.63, "roof_type": "unknown", "capacity_kbbl": 289.588, "first_seen": null, "last_seen": null, "notes": "OSM footprint, height model=flat" }, "geometry": { "type": "Polygon", "coordinates": [ [ [ -96.7512199, 35.9327079 ], [ -96.7510849, 35.9327271 ], [ -96.7509691, 35.9327866 ], [ -96.7508903, 35.9328775 ], [ -96.7508605, 35.9329859 ], [ -96.7508842, 35.9330953 ], [ -96.7509577, 35.933189 ], [ -96.75107, 35.9332528 ], [ -96.7512038, 35.9332769 ], [ -96.7513389, 35.9332578 ], [ -96.7514547, 35.9331982 ], [ -96.7515334, 35.9331073 ], [ -96.7515633, 35.9329989 ], [ -96.7515396, 35.9328896 ], [ -96.751466, 35.9327959 ], [ -96.7513538, 35.9327321 ], [ -96.7512199, 35.9327079 ] ] ] } },
{ "type": "Feature", "properties": { "tank_id": "osm_way_460925699", "centroid_lon": -96.716640899975545, "centroid_lat": 35.938714899906699, "radius_m": 30.2, "height_m": 14.63, "roof_type": "unknown", "capacity_kbbl": 263.712, "first_seen": null, "last_seen": null, "notes": "OSM footprint, height model=flat" }, "geometry": { "type": "Polygon", "coordinates": [ [ [ -96.7166503, 35.9384434 ], [ -96.7165213, 35.9384612 ], [ -96.7164105, 35.9385176 ], [ -96.7163347, 35.938604 ], [ -96.7163056, 35.9387073 ], [ -96.7163276, 35.9388118 ], [ -96.7163972, 35.9389015 ], [ -96.7165039, 35.9389628 ], [ -96.7166315, 35.9389864 ], [ -96.7167605, 35.9389686 ], [ -96.7168713, 35.9389122 ], [ -96.7169471, 35.9388258 ], [ -96.7169762, 35.9387225 ], [ -96.7169542, 35.938618 ], [ -96.7168846, 35.9385283 ], [ -96.7167779, 35.938467 ], [ -96.7166503, 35.9384434 ] ] ] } },
{ "type": "Feature", "properties": { "tank_id": "osm_way_460925700", "centroid_lon": -96.751835499962681, "centroid_lat": 36.02119839985555, "radius_m": 37.53, "height_m": 14.63, "roof_type": "unknown", "capacity_kbbl": 407.145, "first_seen": null, "last_seen": null, "notes": "OSM footprint, height model=flat" }, "geometry": { "type": "Polygon", "coordinates": [ [ [ -96.7518462, 36.0208611 ], [ -96.7516858, 36.0208834 ], [ -96.7515482, 36.0209537 ], [ -96.7514543, 36.0210613 ], [ -96.7514184, 36.0211897 ], [ -96.7514461, 36.0213195 ], [ -96.751533, 36.0214308 ], [ -96.751666, 36.0215067 ], [ -96.7518248, 36.0215357 ], [ -96.7519852, 36.0215134 ], [ -96.7521228, 36.0214431 ], [ -96.7522167, 36.0213355 ], [ -96.7522526, 36.0212071 ], [ -96.7522249, 36.0210773 ], [ -96.752138, 36.020966 ], [ -96.752005, 36.0208901 ], [ -96.7518462, 36.0208611 ] ] ] } },
{ "type": "Feature", "properties": { "tank_id": "osm_way_460925701", "centroid_lon": -96.74395383375294, "centroid_lat": 35.941464138128914, "radius_m": 22.95, "height_m": 14.63, "roof_type": "unknown", "capacity_kbbl": 152.291, "first_seen": null, "last_seen": null, "notes": "OSM footprint, height model=flat" }, "geometry": { "type": "Polygon", "coordinates": [ [ [ -96.7439605, 35.9412578 ], [ -96.7438625, 35.9412715 ], [ -96.7437784, 35.9413144 ], [ -96.743721, 35.9413802 ], [ -96.743699, 35.9414587 ], [ -96.7437159, 35.9415381 ], [ -96.7437689, 35.9416062 ], [ -96.7438501, 35.9416527 ], [ -96.7439471, 35.9416704 ], [ -96.7440451, 35.9416568 ], [ -96.7441293, 35.9416139 ], [ -96.7441867, 35.9415481 ], [ -96.7442086, 35.9414696 ], [ -96.7441918, 35.9413902 ], [ -96.7441388, 35.9413221 ], [ -96.7440575, 35.9412756 ], [ -96.7439605, 35.9412578 ] ] ] } },
{ "type": "Feature", "properties": { "tank_id": "osm_way_460925702", "centroid_lon": -96.753595032491972, "centroid_lat": 35.956049171372598, "radius_m": 30.68, "height_m": 14.63, "roof_type": "unknown", "capacity_kbbl": 272.032, "first_seen": null, "last_seen": null, "notes": "OSM footprint, height model=flat" }, "geometry": { "type": "Polygon", "coordinates": [ [ [ -96.7536031, 35.9557734 ], [ -96.7534721, 35.9557919 ], [ -96.7533599, 35.9558496 ], [ -96.7532834, 35.9559376 ], [ -96.7532544, 35.9560427 ], [ -96.7532772, 35.9561487 ], [ -96.7533485, 35.9562396 ], [ -96.7534572, 35.9563014 ], [ -96.753587, 35.9563249 ], [ -96.753718, 35.9563064 ], [ -96.7538302, 35.9562488 ], [ -96.7539067, 35.9561607 ], [ -96.7539357, 35.9560557 ], [ -96.7539128, 35.9559497 ], [ -96.7538416, 35.9558588 ], [ -96.7537328, 35.9557969 ], [ -96.7536031, 35.9557734 ] ] ] } },
{ "type": "Feature", "properties": { "tank_id": "osm_way_460925703", "centroid_lon": -96.736230402605003, "centroid_lat": 35.934123946081328, "radius_m": 25.73, "height_m": 14.63, "roof_type": "unknown", "capacity_kbbl": 191.424, "first_seen": null, "last_seen": null, "notes": "OSM footprint, height model=flat" }, "geometry": { "type": "Polygon", "coordinates": [ [ [ -96.7362385, 35.9338927 ], [ -96.7361285, 35.9339078 ], [ -96.7360341, 35.9339558 ], [ -96.7359696, 35.9340294 ], [ -96.7359447, 35.9341174 ], [ -96.7359634, 35.9342064 ], [ -96.7360227, 35.9342829 ], [ -96.7361137, 35.9343351 ], [ -96.7362224, 35.9343552 ], [ -96.7363323, 35.9343401 ], [ -96.7364267, 35.9342921 ], [ -96.7364912, 35.9342185 ], [ -96.7365161, 35.9341305 ], [ -96.7364974, 35.9340415 ], [ -96.7364381, 35.933965 ], [ -96.7363472, 35.9339128 ], [ -96.7362385, 35.9338927 ] ] ] } },
{ "type": "Feature", "properties": { "tank_id": "osm_way_460925704", "centroid_lon": -96.756153855742298, "centroid_lat": 36.016245584815337, "radius_m": 31.02, "height_m": 14.63, "roof_type": "unknown", "capacity_kbbl": 278.093, "first_seen": null, "last_seen": null, "notes": "OSM footprint, height model=flat" }, "geometry": { "type": "Polygon", "coordinates": [ [ [ -96.7562665, 36.015982 ], [ -96.7561332, 36.0159672 ], [ -96.7560031, 36.0159948 ], [ -96.7558959, 36.0160605 ], [ -96.755828, 36.0161545 ], [ -96.7558097, 36.0162623 ], [ -96.7558438, 36.0163675 ], [ -96.7559251, 36.0164542 ], [ -96.7560412, 36.0165092 ], [ -96.7561745, 36.016524 ], [ -96.7563046, 36.0164964 ], [ -96.7564118, 36.0164306 ], [ -96.7564797, 36.0163367 ], [ -96.756498, 36.0162289 ], [ -96.7564639, 36.0161236 ], [ -96.7563826, 36.0160369 ], [ -96.7562665, 36.015982 ] ] ] } },
{ "type": "Feature", "properties": { "tank_id": "osm_way_460925705", "centroid_lon": -96.747557370664055, "centroid_lat": 35.935429148706966, "radius_m": 23.22, "height_m": 14.63, "roof_type": "unknown", "capacity_kbbl": 155.919, "first_seen": null, "last_seen": null, "notes": "OSM footprint, height model=flat" }, "geometry": { "type": "Polygon", "coordinates": [ [ [ -96.7475721, 35.9352207 ], [ -96.7474725, 35.935232 ], [ -96.7473857, 35.9352733 ], [ -96.7473251, 35.9353383 ], [ -96.7472999, 35.9354172 ], [ -96.7473138, 35.9354979 ], [ -96.7473649, 35.9355681 ], [ -96.7474452, 35.9356172 ], [ -96.7475426, 35.9356376 ], [ -96.7476423, 35.9356263 ], [ -96.747729, 35.935585 ], [ -96.7477896, 35.93552 ], [ -96.7478149, 35.9354411 ], [ -96.7478009, 35.9353604 ], [ -96.7477499, 35.9352902 ], [ -96.7476695, 35.9352411 ], [ -96.7475721, 35.9352207 ] ] ] } },
{ "type": "Feature", "properties": { "tank_id": "osm_way_460925706", "centroid_lon": -96.762105682282368, "centroid_lat": 35.948011142848294, "radius_m": 42.8, "height_m": 14.63, "roof_type": "unknown", "capacity_kbbl": 529.547, "first_seen": null, "last_seen": null, "notes": "OSM footprint, height model=flat" }, "geometry": { "type": "Polygon", "coordinates": [ [ [ -96.7621298, 35.9476268 ], [ -96.7619463, 35.9476486 ], [ -96.7617871, 35.9477256 ], [ -96.7616763, 35.947846 ], [ -96.7616309, 35.9479916 ], [ -96.7616578, 35.9481402 ], [ -96.7617529, 35.9482691 ], [ -96.7619017, 35.9483587 ], [ -96.7620815, 35.9483955 ], [ -96.7622651, 35.9483737 ], [ -96.7624243, 35.9482967 ], [ -96.7625351, 35.9481763 ], [ -96.7625804, 35.9480307 ], [ -96.7625535, 35.9478821 ], [ -96.7624585, 35.9477532 ], [ -96.7623097, 35.9476635 ], [ -96.7621298, 35.9476268 ] ] ] } },
{ "type": "Feature", "properties": { "tank_id": "osm_way_460925707", "centroid_lon": -96.724924900487991, "centroid_lat": 35.960521660212919, "radius_m": 17.76, "height_m": 14.63, "roof_type": "unknown", "capacity_kbbl": 91.196, "first_seen": null, "last_seen": null, "notes": "OSM footprint, height model=flat" }, "geometry": { "type": "Polygon", "coordinates": [ [ [ -96.7249329, 35.9603621 ], [ -96.7248569, 35.9603718 ], [ -96.7247912, 35.9604042 ], [ -96.7247458, 35.9604546 ], [ -96.7247278, 35.9605152 ], [ -96.7247397, 35.9605767 ], [ -96.7247798, 35.9606299 ], [ -96.724842, 35.9606666 ], [ -96.7249168, 35.9606812 ], [ -96.7249929, 35.9606716 ], [ -96.7250586, 35.9606391 ], [ -96.7251039, 35.9605888 ], [ -96.725122, 35.9605282 ], [ -96.7251101, 35.9604666 ], [ -96.72507, 35.9604134 ], [ -96.7250078, 35.9603767 ], [ -96.7249329, 35.9603621 ] ] ] } },
{ "type": "Feature", "properties": { "tank_id": "osm_way_460925708", "centroid_lon": -96.735423067328412, "centroid_lat": 35.947778793594757, "radius_m": 32.01, "height_m": 14.63, "roof_type": "unknown", "capacity_kbbl": 296.131, "first_seen": null, "last_seen": null, "notes": "OSM footprint, height model=flat" }, "geometry": { "type": "Polygon", "coordinates": [ [ [ -96.7354311, 35.9474911 ], [ -96.7352945, 35.9475105 ], [ -96.7351775, 35.9475707 ], [ -96.7350978, 35.9476627 ], [ -96.7350677, 35.9477723 ], [ -96.7350916, 35.9478829 ], [ -96.7351661, 35.9479776 ], [ -96.7352796, 35.9480421 ], [ -96.735415, 35.9480665 ], [ -96.7355516, 35.9480471 ], [ -96.7356687, 35.9479868 ], [ -96.7357483, 35.9478949 ], [ -96.7357785, 35.9477853 ], [ -96.7357545, 35.9476747 ], [ -96.7356801, 35.94758 ], [ -96.7355665, 35.9475155 ], [ -96.7354311, 35.9474911 ] ] ] } },
{ "type": "Feature", "properties": { "tank_id": "osm_way_460925709", "centroid_lon": -96.734323370685487, "centroid_lat": 35.940393574184675, "radius_m": 30.61, "height_m": 14.63, "roof_type": "unknown", "capacity_kbbl": 270.9, "first_seen": null, "last_seen": null, "notes": "OSM footprint, height model=flat" }, "geometry": { "type": "Polygon", "coordinates": [ [ [ -96.7343448, 35.9401189 ], [ -96.7342133, 35.9401331 ], [ -96.7340986, 35.9401871 ], [ -96.7340181, 35.9402724 ], [ -96.7339841, 35.9403762 ], [ -96.7340017, 35.9404827 ], [ -96.7340683, 35.9405755 ], [ -96.7341737, 35.9406407 ], [ -96.7343019, 35.9406683 ], [ -96.7344334, 35.940654 ], [ -96.7345481, 35.9406001 ], [ -96.7346286, 35.9405148 ], [ -96.7346627, 35.940411 ], [ -96.734645, 35.9403045 ], [ -96.7345784, 35.9402116 ], [ -96.734473, 35.9401464 ], [ -96.7343448, 35.9401189 ] ] ] } },
{ "type": "Feature", "properties": { "tank_id": "osm_way_460925710", "centroid_lon": -96.752184185746344, "centroid_lat": 35.957283508112795, "radius_m": 26.92, "height_m": 14.63, "roof_type": "unknown", "capacity_kbbl": 209.567, "first_seen": null, "last_seen": null, "notes": "OSM footprint, height model=flat" }, "geometry": { "type": "Polygon", "coordinates": [ [ [ -96.7521869, 35.9570414 ], [ -96.7520722, 35.957059 ], [ -96.7519746, 35.9571108 ], [ -96.7519089, 35.9571889 ], [ -96.7518851, 35.9572813 ], [ -96.7519069, 35.9573741 ], [ -96.7519708, 35.9574532 ], [ -96.7520673, 35.9575063 ], [ -96.7521815, 35.9575256 ], [ -96.7522962, 35.957508 ], [ -96.7523938, 35.9574562 ], [ -96.7524595, 35.9573782 ], [ -96.7524832, 35.9572857 ], [ -96.7524615, 35.9571929 ], [ -96.7523976, 35.9571139 ], [ -96.7523011, 35.9570607 ], [ -96.7521869, 35.9570414 ] ] ] } },
{ "type": "Feature", "properties": { "tank_id": "osm_way_460925712", "centroid_lon": -96.750660686274045, "centroid_lat": 36.021189734193314, "radius_m": 37.53, "height_m": 14.63, "roof_type": "unknown", "capacity_kbbl": 407.169, "first_seen": null, "last_seen": null, "notes": "OSM footprint, height model=flat" }, "geometry": { "type": "Polygon", "coordinates": [ [ [ -96.7506714, 36.0208524 ], [ -96.750511, 36.0208747 ], [ -96.7503734, 36.0209451 ], [ -96.7502795, 36.0210526 ], [ -96.7502436, 36.0211811 ], [ -96.7502712, 36.0213108 ], [ -96.7503582, 36.0214221 ], [ -96.7504912, 36.0214981 ], [ -96.75065, 36.0215271 ], [ -96.7508104, 36.0215047 ], [ -96.750948, 36.0214344 ], [ -96.7510419, 36.0213268 ], [ -96.7510778, 36.0211984 ], [ -96.7510501, 36.0210687 ], [ -96.7509632, 36.0209573 ], [ -96.7508302, 36.0208814 ], [ -96.7506714, 36.0208524 ] ] ] } },
{ "type": "Feature", "properties": { "tank_id": "osm_way_460925713", "centroid_lon": -96.721947652547428, "centroid_lat": 35.960556408428118, "radius_m": 17.76, "height_m": 14.63, "roof_type": "unknown", "capacity_kbbl": 91.203, "first_seen": null, "last_seen": null, "notes": "OSM footprint, height model=flat" }, "geometry": { "type": "Polygon", "coordinates": [ [ [ -96.7219557, 35.9603968 ], [ -96.7218796, 35.9604065 ], [ -96.7218139, 35.960439 ], [ -96.7217686, 35.9604893 ], [ -96.7217505, 35.9605499 ], [ -96.7217624, 35.9606115 ], [ -96.7218026, 35.9606646 ], [ -96.7218648, 35.9607013 ], [ -96.7219396, 35.960716 ], [ -96.7220157, 35.9607063 ], [ -96.7220814, 35.9606739 ], [ -96.7221267, 35.9606235 ], [ -96.7221448, 35.9605629 ], [ -96.7221329, 35.9605014 ], [ -96.7220927, 35.9604482 ], [ -96.7220305, 35.9604115 ], [ -96.7219557, 35.9603968 ] ] ] } },
{ "type": "Feature", "properties": { "tank_id": "osm_way_460925714", "centroid_lon": -96.757287082615676, "centroid_lat": 35.924841219227332, "radius_m": 32.74, "height_m": 14.63, "roof_type": "unknown", "capacity_kbbl": 309.883, "first_seen": null, "last_seen": null, "notes": "OSM footprint, height model=flat" }, "geometry": { "type": "Polygon", "coordinates": [ [ [ -96.7572951, 35.9245469 ], [ -96.7571554, 35.9245668 ], [ -96.7570358, 35.9246285 ], [ -96.7569544, 35.9247226 ], [ -96.7569236, 35.9248347 ], [ -96.7569482, 35.9249478 ], [ -96.7570244, 35.9250447 ], [ -96.7571406, 35.9251107 ], [ -96.757279, 35.9251355 ], [ -96.7574187, 35.9251156 ], [ -96.7575384, 35.925054 ], [ -96.7576198, 35.9249599 ], [ -96.7576505, 35.9248478 ], [ -96.7576259, 35.9247346 ], [ -96.7575498, 35.9246377 ], [ -96.7574336, 35.9245718 ], [ -96.7572951, 35.9245469 ] ] ] } },
{ "type": "Feature", "properties": { "tank_id": "osm_way_460925715", "centroid_lon": -96.764734249666091, "centroid_lat": 35.942969037436022, "radius_m": 25.36, "height_m": 14.63, "roof_type": "unknown", "capacity_kbbl": 185.882, "first_seen": null, "last_seen": null, "notes": "OSM footprint, height model=flat" }, "geometry": { "type": "Polygon", "coordinates": [ [ [ -96.7647342, 35.942741 ], [ -96.7646265, 35.9427584 ], [ -96.7645351, 35.9428078 ], [ -96.7644741, 35.9428818 ], [ -96.7644526, 35.942969 ], [ -96.7644741, 35.9430563 ], [ -96.7645351, 35.9431303 ], [ -96.7646265, 35.9431797 ], [ -96.7647342, 35.943197 ], [ -96.764842, 35.9431797 ], [ -96.7649334, 35.9431303 ], [ -96.7649944, 35.9430563 ], [ -96.7650159, 35.942969 ], [ -96.7649944, 35.9428818 ], [ -96.7649334, 35.9428078 ], [ -96.764842, 35.9427584 ], [ -96.7647342, 35.942741 ] ] ] } },
{ "type": "Feature", "properties": { "tank_id": "osm_way_460925716", "centroid_lon": -96.7379899366329, "centroid_lat": 35.940354494179424, "radius_m": 30.61, "height_m": 14.63, "roof_type": "unknown", "capacity_kbbl": 270.903, "first_seen": null, "last_seen": null, "notes": "OSM footprint, height model=flat" }, "geometry": { "type": "Polygon", "coordinates": [ [ [ -96.7380114, 35.9400798 ], [ -96.7378799, 35.9400941 ], [ -96.7377652, 35.940148 ], [ -96.7376847, 35.9402333 ], [ -96.7376506, 35.9403371 ], [ -96.7376683, 35.9404436 ], [ -96.7377348, 35.9405365 ], [ -96.7378403, 35.9406016 ], [ -96.7379685, 35.9406292 ], [ -96.7381, 35.9406149 ], [ -96.7382147, 35.940561 ], [ -96.7382952, 35.9404757 ], [ -96.7383292, 35.9403719 ], [ -96.7383116, 35.9402654 ], [ -96.738245, 35.9401725 ], [ -96.7381396, 35.9401073 ], [ -96.7380114, 35.9400798 ] ] ] } },
{ "type": "Feature", "properties": { "tank_id": "osm_way_460925717", "centroid_lon": -96.743948458217531, "centroid_lat": 35.938132901199488, "radius_m": 19.45, "height_m": 14.63, "roof_type": "unknown", "capacity_kbbl": 109.344, "first_seen": null, "last_seen": null, "notes": "OSM footprint, height model=flat" }, "geometry": { "type": "Polygon", "coordinates": [ [ [ -96.7439538, 35.9379581 ], [ -96.7438708, 35.9379697 ], [ -96.7437996, 35.9380062 ], [ -96.743751, 35.938062 ], [ -96.7437325, 35.9381286 ], [ -96.7437469, 35.9381958 ], [ -96.743792, 35.9382534 ], [ -96.7438609, 35.9382927 ], [ -96.7439431, 35.9383077 ], [ -96.7440261, 35.9382961 ], [ -96.7440974, 35.9382596 ], [ -96.7441459, 35.9382038 ], [ -96.7441644, 35.9381372 ], [ -96.74415, 35.93807 ], [ -96.7441049, 35.9380124 ], [ -96.7440361, 35.9379731 ], [ -96.7439538, 35.9379581 ] ] ] } },
{ "type": "Feature", "properties": { "tank_id": "osm_way_460925718", "centroid_lon": -96.742956031820029, "centroid_lat": 35.938004779825498, "radius_m": 31.42, "height_m": 14.63, "roof_type": "unknown", "capacity_kbbl": 285.31, "first_seen": null, "last_seen": null, "notes": "OSM footprint, height model=flat" }, "geometry": { "type": "Polygon", "coordinates": [ [ [ -96.7429681, 35.9377225 ], [ -96.7428338, 35.9377402 ], [ -96.742718, 35.9377982 ], [ -96.7426385, 35.9378877 ], [ -96.7426074, 35.937995 ], [ -96.7426293, 35.9381038 ], [ -96.742701, 35.9381975 ], [ -96.7428115, 35.9382619 ], [ -96.742944, 35.9382871 ], [ -96.7430783, 35.9382693 ], [ -96.7431941, 35.9382113 ], [ -96.7432736, 35.9381218 ], [ -96.7433047, 35.9380145 ], [ -96.7432828, 35.9379058 ], [ -96.7432111, 35.9378121 ], [ -96.7431006, 35.9377477 ], [ -96.7429681, 35.9377225 ] ] ] } },
{ "type": "Feature", "properties": { "tank_id": "osm_way_460925719", "centroid_lon": -96.756161899974629, "centroid_lat": 36.021220099901313, "radius_m": 31.02, "height_m": 14.63, "roof_type": "unknown", "capacity_kbbl": 278.113, "first_seen": null, "last_seen": null, "notes": "OSM footprint, height model=flat" }, "geometry": { "type": "Polygon", "coordinates": [ [ [ -96.7562746, 36.0209565 ], [ -96.7561413, 36.0209417 ], [ -96.7560111, 36.0209693 ], [ -96.7559039, 36.0210351 ], [ -96.755836, 36.021129 ], [ -96.7558177, 36.0212368 ], [ -96.7558518, 36.0213421 ], [ -96.7559331, 36.0214287 ], [ -96.7560492, 36.0214837 ], [ -96.7561825, 36.0214985 ], [ -96.7563127, 36.0214709 ], [ -96.7564199, 36.0214051 ], [ -96.7564878, 36.0213112 ], [ -96.7565061, 36.0212034 ], [ -96.756472, 36.0210981 ], [ -96.7563907, 36.0210115 ], [ -96.7562746, 36.0209565 ] ] ] } },
{ "type": "Feature", "properties": { "tank_id": "osm_way_460925720", "centroid_lon": -96.75941812597226, "centroid_lat": 35.948467128764435, "radius_m": 42.8, "height_m": 14.63, "roof_type": "unknown", "capacity_kbbl": 529.551, "first_seen": null, "last_seen": null, "notes": "OSM footprint, height model=flat" }, "geometry": { "type": "Polygon", "coordinates": [ [ [ -96.7594422, 35.9480828 ], [ -96.7592587, 35.9481046 ], [ -96.7590995, 35.9481815 ], [ -96.7589887, 35.948302 ], [ -96.7589434, 35.9484476 ], [ -96.7589703, 35.9485961 ], [ -96.7590653, 35.9487251 ], [ -96.7592141, 35.9488147 ], [ -96.759394, 35.9488515 ], [ -96.7595775, 35.9488297 ], [ -96.7597367, 35.9487527 ], [ -96.7598475, 35.9486323 ], [ -96.7598929, 35.9484867 ], [ -96.759866, 35.9483381 ], [ -96.7597709, 35.9482092 ], [ -96.7596221, 35.9481195 ], [ -96.7594422, 35.9480828 ] ] ] } },
{ "type": "Feature", "properties": { "tank_id": "osm_way_460925721", "centroid_lon": -96.737193314664097, "centroid_lat": 35.946944990416789, "radius_m": 32.01, "height_m": 14.63, "roof_type": "unknown", "capacity_kbbl": 296.132, "first_seen": null, "last_seen": null, "notes": "OSM footprint, height model=flat" }, "geometry": { "type": "Polygon", "coordinates": [ [ [ -96.7372014, 35.9466573 ], [ -96.7370648, 35.9466767 ], [ -96.7369477, 35.9467369 ], [ -96.7368681, 35.9468289 ], [ -96.7368379, 35.9469385 ], [ -96.7368619, 35.9470491 ], [ -96.7369363, 35.9471438 ], [ -96.7370499, 35.9472083 ], [ -96.7371853, 35.9472327 ], [ -96.7373219, 35.9472133 ], [ -96.7374389, 35.947153 ], [ -96.7375186, 35.9470611 ], [ -96.7375487, 35.9469515 ], [ -96.7375247, 35.9468409 ], [ -96.7374503, 35.9467461 ], [ -96.7373368, 35.9466817 ], [ -96.7372014, 35.9466573 ] ] ] } },
{ "type": "Feature", "properties": { "tank_id": "osm_way_460925722", "centroid_lon": -96.757647857646461, "centroid_lat": 35.947770106801144, "radius_m": 21.02, "height_m": 14.63, "roof_type": "unknown", "capacity_kbbl": 127.678, "first_seen": null, "last_seen": null, "notes": "OSM footprint, height model=flat" }, "geometry": { "type": "Polygon", "coordinates": [ [ [ -96.7576532, 35.9475812 ], [ -96.7575635, 35.9475939 ], [ -96.7574866, 35.9476335 ], [ -96.7574343, 35.9476938 ], [ -96.7574145, 35.9477658 ], [ -96.7574302, 35.9478384 ], [ -96.7574791, 35.9479006 ], [ -96.7575536, 35.947943 ], [ -96.7576425, 35.947959 ], [ -96.7577322, 35.9479463 ], [ -96.7578091, 35.9479068 ], [ -96.7578614, 35.9478464 ], [ -96.7578812, 35.9477745 ], [ -96.7578655, 35.9477018 ], [ -96.7578166, 35.9476396 ], [ -96.7577421, 35.9475972 ], [ -96.7576532, 35.9475812 ] ] ] } },
{ "type": "Feature", "properties": { "tank_id": "osm_way_460925724", "centroid_lon": -96.757696135523773, "centroid_lat": 35.945466241272094, "radius_m": 17.63, "height_m": 14.63, "roof_type": "unknown", "capacity_kbbl": 89.862, "first_seen": null, "last_seen": null, "notes": "OSM footprint, height model=flat" }, "geometry": { "type": "Polygon", "coordinates": [ [ [ -96.7576988, 35.9453077 ], [ -96.7576237, 35.945319 ], [ -96.7575596, 35.9453526 ], [ -96.7575163, 35.9454036 ], [ -96.7575003, 35.9454641 ], [ -96.7575142, 35.9455249 ], [ -96.7575558, 35.9455768 ], [ -96.7576187, 35.9456119 ], [ -96.7576934, 35.9456247 ], [ -96.7577686, 35.9456135 ], [ -96.7578327, 35.9455799 ], [ -96.757876, 35.9455289 ], [ -96.7578919, 35.9454684 ], [ -96.7578781, 35.9454076 ], [ -96.7578365, 35.9453557 ], [ -96.7577735, 35.9453206 ], [ -96.7576988, 35.9453077 ] ] ] } },
{ "type": "Feature", "properties": { "tank_id": "osm_way_460925725", "centroid_lon": -96.718405778546554, "centroid_lat": 35.939416339810336, "radius_m": 30.2, "height_m": 14.63, "roof_type": "unknown", "capacity_kbbl": 263.691, "first_seen": null, "last_seen": null, "notes": "OSM footprint, height model=flat" }, "geometry": { "type": "Polygon", "coordinates": [ [ [ -96.7184152, 35.9391449 ], [ -96.7182862, 35.9391626 ], [ -96.7181754, 35.939219 ], [ -96.7180996, 35.9393054 ], [ -96.7180705, 35.9394087 ], [ -96.7180924, 35.9395132 ], [ -96.7181621, 35.9396029 ], [ -96.7182688, 35.9396642 ], [ -96.7183964, 35.9396878 ], [ -96.7185254, 35.93967 ], [ -96.7186362, 35.9396137 ], [ -96.718712, 35.9395272 ], [ -96.7187411, 35.9394239 ], [ -96.7187191, 35.9393195 ], [ -96.7186495, 35.9392298 ], [ -96.7185428, 35.9391685 ], [ -96.7184152, 35.9391449 ] ] ] } },
{ "type": "Feature", "properties": { "tank_id": "osm_way_460925726", "centroid_lon": -96.751808672810228, "centroid_lat": 36.020235194962211, "radius_m": 37.53, "height_m": 14.63, "roof_type": "unknown", "capacity_kbbl": 407.181, "first_seen": null, "last_seen": null, "notes": "OSM footprint, height model=flat" }, "geometry": { "type": "Polygon", "coordinates": [ [ [ -96.7518194, 36.0198979 ], [ -96.751659, 36.0199202 ], [ -96.7515213, 36.0199905 ], [ -96.7514274, 36.0200981 ], [ -96.7513916, 36.0202265 ], [ -96.7514192, 36.0203563 ], [ -96.7515062, 36.0204676 ], [ -96.7516392, 36.0205435 ], [ -96.7517979, 36.0205725 ], [ -96.7519584, 36.0205502 ], [ -96.752096, 36.0204799 ], [ -96.7521899, 36.0203723 ], [ -96.7522258, 36.0202439 ], [ -96.7521981, 36.0201141 ], [ -96.7521112, 36.0200028 ], [ -96.7519782, 36.0199269 ], [ -96.7518194, 36.0198979 ] ] ] } },
{ "type": "Feature", "properties": { "tank_id": "osm_way_460925727", "centroid_lon": -96.751382204745269, "centroid_lat": 35.934235767242065, "radius_m": 28.15, "height_m": 14.63, "roof_type": "unknown", "capacity_kbbl": 229.109, "first_seen": null, "last_seen": null, "notes": "OSM footprint, height model=flat" }, "geometry": { "type": "Polygon", "coordinates": [ [ [ -96.7513916, 35.9339828 ], [ -96.7512713, 35.9339991 ], [ -96.7511679, 35.9340515 ], [ -96.7510971, 35.9341319 ], [ -96.7510697, 35.9342282 ], [ -96.7510899, 35.9343256 ], [ -96.7511546, 35.9344093 ], [ -96.751254, 35.9344666 ], [ -96.7513728, 35.9344888 ], [ -96.7514931, 35.9344724 ], [ -96.7515965, 35.9344201 ], [ -96.7516673, 35.9343396 ], [ -96.7516947, 35.9342434 ], [ -96.7516745, 35.934146 ], [ -96.7516098, 35.9340622 ], [ -96.7515105, 35.9340049 ], [ -96.7513916, 35.9339828 ] ] ] } },
{ "type": "Feature", "properties": { "tank_id": "osm_way_596601285", "centroid_lon": -96.746755949974542, "centroid_lat": 36.009588899901331, "radius_m": 31.02, "height_m": 14.63, "roof_type": "unknown", "capacity_kbbl": 278.167, "first_seen": null, "last_seen": null, "notes": "OSM footprint, height model=flat" }, "geometry": { "type": "Polygon", "coordinates": [ [ [ -96.7467653, 36.0093101 ], [ -96.7466327, 36.0093284 ], [ -96.7465189, 36.0093864 ], [ -96.7464411, 36.0094752 ], [ -96.7464113, 36.0095813 ], [ -96.7464339, 36.0096886 ], [ -96.7465056, 36.0097807 ], [ -96.7466154, 36.0098436 ], [ -96.7467466, 36.0098677 ], [ -96.7468792, 36.0098494 ], [ -96.746993, 36.0097914 ], [ -96.7470708, 36.0097026 ], [ -96.7471006, 36.0095965 ], [ -96.747078, 36.0094892 ], [ -96.7470063, 36.0093971 ], [ -96.7468965, 36.0093342 ], [ -96.7467653, 36.0093101 ] ] ] } },
{ "type": "Feature", "properties": { "tank_id": "osm_way_596601286", "centroid_lon": -96.745887349974538, "centroid_lat": 36.009596399901348, "radius_m": 31.02, "height_m": 14.63, "roof_type": "unknown", "capacity_kbbl": 278.167, "first_seen": null, "last_seen": null, "notes": "OSM footprint, height model=flat" }, "geometry": { "type": "Polygon", "coordinates": [ [ [ -96.7458967, 36.0093176 ], [ -96.7457641, 36.0093359 ], [ -96.7456503, 36.0093939 ], [ -96.7455725, 36.0094827 ], [ -96.7455427, 36.0095888 ], [ -96.7455653, 36.0096961 ], [ -96.745637, 36.0097882 ], [ -96.7457468, 36.0098511 ], [ -96.745878, 36.0098752 ], [ -96.7460106, 36.0098569 ], [ -96.7461244, 36.0097989 ], [ -96.7462022, 36.0097101 ], [ -96.746232, 36.009604 ], [ -96.7462094, 36.0094967 ], [ -96.7461377, 36.0094046 ], [ -96.7460279, 36.0093417 ], [ -96.7458967, 36.0093176 ] ] ] } },
{ "type": "Feature", "properties": { "tank_id": "osm_way_596601287", "centroid_lon": -96.745000049974522, "centroid_lat": 36.009581299901335, "radius_m": 31.02, "height_m": 14.63, "roof_type": "unknown", "capacity_kbbl": 278.168, "first_seen": null, "last_seen": null, "notes": "OSM footprint, height model=flat" }, "geometry": { "type": "Polygon", "coordinates": [ [ [ -96.7450094, 36.0093025 ], [ -96.7448768, 36.0093208 ], [ -96.744763, 36.0093788 ], [ -96.7446852, 36.0094676 ], [ -96.7446554, 36.0095737 ], [ -96.744678, 36.009681 ], [ -96.7447497, 36.0097731 ], [ -96.7448595, 36.009836 ], [ -96.7449907, 36.0098601 ], [ -96.7451233, 36.0098418 ], [ -96.7452371, 36.0097838 ], [ -96.7453149, 36.009695 ], [ -96.7453447, 36.0095889 ], [ -96.7453221, 36.0094816 ], [ -96.7452504, 36.0093895 ], [ -96.7451406, 36.0093266 ], [ -96.7450094, 36.0093025 ] ] ] } },
{ "type": "Feature", "properties": { "tank_id": "osm_way_596601288", "centroid_lon": -96.745009449974518, "centroid_lat": 36.008886199901355, "radius_m": 31.02, "height_m": 14.63, "roof_type": "unknown", "capacity_kbbl": 278.17, "first_seen": null, "last_seen": null, "notes": "OSM footprint, height model=flat" }, "geometry": { "type": "Polygon", "coordinates": [ [ [ -96.7450188, 36.0086074 ], [ -96.7448862, 36.0086257 ], [ -96.7447724, 36.0086837 ], [ -96.7446946, 36.0087725 ], [ -96.7446648, 36.0088786 ], [ -96.7446874, 36.0089859 ], [ -96.7447591, 36.009078 ], [ -96.7448689, 36.0091409 ], [ -96.7450001, 36.009165 ], [ -96.7451327, 36.0091467 ], [ -96.7452465, 36.0090887 ], [ -96.7453243, 36.0089999 ], [ -96.7453541, 36.0088938 ], [ -96.7453315, 36.0087865 ], [ -96.7452598, 36.0086944 ], [ -96.74515, 36.0086315 ], [ -96.7450188, 36.0086074 ] ] ] } },
{ "type": "Feature", "properties": { "tank_id": "osm_way_596601289", "centroid_lon": -96.745868649974526, "centroid_lat": 36.008863549901264, "radius_m": 31.02, "height_m": 14.63, "roof_type": "unknown", "capacity_kbbl": 278.233, "first_seen": null, "last_seen": null, "notes": "OSM footprint, height model=flat" }, "geometry": { "type": "Polygon", "coordinates": [ [ [ -96.745878, 36.0085847 ], [ -96.7457454, 36.008603 ], [ -96.7456316, 36.008661 ], [ -96.7455538, 36.0087498 ], [ -96.745524, 36.0088559 ], [ -96.7455466, 36.0089633 ], [ -96.7456183, 36.0090554 ], [ -96.7457281, 36.0091183 ], [ -96.7458593, 36.0091424 ], [ -96.7459919, 36.0091241 ], [ -96.7461057, 36.0090661 ], [ -96.7461835, 36.0089773 ], [ -96.7462133, 36.0088712 ], [ -96.7461907, 36.0087638 ], [ -96.746119, 36.0086717 ], [ -96.7460092, 36.0086088 ], [ -96.745878, 36.0085847 ] ] ] } },
{ "type": "Feature", "properties": { "tank_id": "osm_way_596601290", "centroid_lon": -96.746765349974538, "centroid_lat": 36.008871099901349, "radius_m": 31.02, "height_m": 14.63, "roof_type": "unknown", "capacity_kbbl": 278.17, "first_seen": null, "last_seen": null, "notes": "OSM footprint, height model=flat" }, "geometry": { "type": "Polygon", "coordinates": [ [ [ -96.7467747, 36.0085923 ], [ -96.7466421, 36.0086106 ], [ -96.7465283, 36.0086686 ], [ -96.7464505, 36.0087574 ], [ -96.7464207, 36.0088635 ], [ -96.7464433, 36.0089708 ], [ -96.746515, 36.0090629 ], [ -96.7466248, 36.0091258 ], [ -96.746756, 36.0091499 ], [ -96.7468886, 36.0091316 ], [ -96.7470024, 36.0090736 ], [ -96.7470802, 36.0089848 ], [ -96.74711, 36.0088787 ], [ -96.7470874, 36.0087714 ], [ -96.7470157, 36.0086793 ], [ -96.7469059, 36.0086164 ], [ -96.7467747, 36.0085923 ] ] ] } },
{ "type": "Feature", "properties": { "tank_id": "osm_way_794163901", "centroid_lon": -96.729040233146733, "centroid_lat": 35.946605327576506, "radius_m": 31.46, "height_m": 14.63, "roof_type": "unknown", "capacity_kbbl": 286.206, "first_seen": null, "last_seen": null, "notes": "OSM footprint, height model=flat" }, "geometry": { "type": "Polygon", "coordinates": [ [ [ -96.7293752, 35.9465248 ], [ -96.7293875, 35.9465743 ], [ -96.7293888, 35.9466249 ], [ -96.7293789, 35.9466749 ], [ -96.7293582, 35.9467226 ], [ -96.7293273, 35.9467666 ], [ -96.7292873, 35.9468054 ], [ -96.7292393, 35.9468378 ], [ -96.729185, 35.9468628 ], [ -96.729126, 35.9468796 ], [ -96.7290644, 35.9468876 ], [ -96.7290019, 35.9468865 ], [ -96.7289406, 35.9468765 ], [ -96.7288783, 35.9468561 ], [ -96.7288219, 35.9468263 ], [ -96.7287737, 35.9467883 ], [ -96.7287353, 35.9467436 ], [ -96.7287082, 35.9466937 ], [ -96.7286934, 35.9466406 ], [ -96.7286915, 35.9465861 ], [ -96.7287025, 35.9465324 ], [ -96.7287261, 35.9464813 ], [ -96.7287595, 35.9464368 ], [ -96.7288025, 35.9463979 ], [ -96.7288535, 35.9463661 ], [ -96.7289109, 35.9463425 ], [ -96.7289727, 35.9463277 ], [ -96.7290367, 35.9463224 ], [ -96.7291009, 35.9463267 ], [ -96.729163, 35.9463405 ], [ -96.729221, 35.9463632 ], [ -96.7292728, 35.9463942 ], [ -96.7293167, 35.9464323 ], [ -96.7293512, 35.9464764 ], [ -96.7293752, 35.9465248 ] ] ] } },
{ "type": "Feature", "properties": { "tank_id": "osm_way_794163902", "centroid_lon": -96.729807329555669, "centroid_lat": 35.946223174450019, "radius_m": 31.46, "height_m": 14.63, "roof_type": "unknown", "capacity_kbbl": 286.185, "first_seen": null, "last_seen": null, "notes": "OSM footprint, height model=flat" }, "geometry": { "type": "Polygon", "coordinates": [ [ [ -96.7301423, 35.9461426 ], [ -96.7301546, 35.9461922 ], [ -96.7301559, 35.9462427 ], [ -96.730146, 35.9462927 ], [ -96.7301253, 35.9463404 ], [ -96.7300944, 35.9463844 ], [ -96.7300544, 35.9464232 ], [ -96.7300064, 35.9464556 ], [ -96.7299521, 35.9464806 ], [ -96.7298932, 35.9464974 ], [ -96.7298315, 35.9465054 ], [ -96.729769, 35.9465044 ], [ -96.7297077, 35.9464944 ], [ -96.7296454, 35.9464739 ], [ -96.729589, 35.9464441 ], [ -96.7295408, 35.9464062 ], [ -96.7295024, 35.9463614 ], [ -96.7294753, 35.9463115 ], [ -96.7294605, 35.9462584 ], [ -96.7294586, 35.9462039 ], [ -96.7294696, 35.9461502 ], [ -96.7294932, 35.9460992 ], [ -96.7295266, 35.9460546 ], [ -96.7295696, 35.9460158 ], [ -96.7296206, 35.945984 ], [ -96.729678, 35.9459603 ], [ -96.7297398, 35.9459456 ], [ -96.7298038, 35.9459403 ], [ -96.729868, 35.9459446 ], [ -96.7299301, 35.9459583 ], [ -96.7299881, 35.9459811 ], [ -96.7300399, 35.946012 ], [ -96.7300838, 35.9460502 ], [ -96.7301183, 35.9460942 ], [ -96.7301423, 35.9461426 ] ] ] } },
{ "type": "Feature", "properties": { "tank_id": "osm_way_794163903", "centroid_lon": -96.72890074709575, "centroid_lat": 35.945871387048065, "radius_m": 31.46, "height_m": 14.63, "roof_type": "unknown", "capacity_kbbl": 286.198, "first_seen": null, "last_seen": null, "notes": "OSM footprint, height model=flat" }, "geometry": { "type": "Polygon", "coordinates": [ [ [ -96.7292357, 35.9457908 ], [ -96.7292481, 35.9458404 ], [ -96.7292493, 35.945891 ], [ -96.7292394, 35.9459409 ], [ -96.7292187, 35.9459886 ], [ -96.7291879, 35.9460326 ], [ -96.7291478, 35.9460714 ], [ -96.7290998, 35.9461039 ], [ -96.7290455, 35.9461289 ], [ -96.7289866, 35.9461456 ], [ -96.7289249, 35.9461536 ], [ -96.7288624, 35.9461526 ], [ -96.7288012, 35.9461426 ], [ -96.7287388, 35.9461221 ], [ -96.7286824, 35.9460923 ], [ -96.7286342, 35.9460544 ], [ -96.7285958, 35.9460096 ], [ -96.7285687, 35.9459598 ], [ -96.7285539, 35.9459066 ], [ -96.728552, 35.9458522 ], [ -96.7285631, 35.9457984 ], [ -96.7285866, 35.9457474 ], [ -96.72862, 35.9457028 ], [ -96.728663, 35.945664 ], [ -96.728714, 35.9456322 ], [ -96.7287714, 35.9456085 ], [ -96.7288332, 35.9455938 ], [ -96.7288973, 35.9455885 ], [ -96.7289614, 35.9455928 ], [ -96.7290236, 35.9456065 ], [ -96.7290815, 35.9456293 ], [ -96.7291333, 35.9456603 ], [ -96.7291772, 35.9456984 ], [ -96.7292117, 35.9457424 ], [ -96.7292357, 35.9457908 ] ] ] } },
{ "type": "Feature", "properties": { "tank_id": "osm_way_794163904", "centroid_lon": -96.72968395185049, "centroid_lat": 35.945467487783255, "radius_m": 31.46, "height_m": 14.63, "roof_type": "unknown", "capacity_kbbl": 286.196, "first_seen": null, "last_seen": null, "notes": "OSM footprint, height model=flat" }, "geometry": { "type": "Polygon", "coordinates": [ [ [ -96.7300189, 35.9453869 ], [ -96.7300313, 35.9454365 ], [ -96.7300325, 35.9454871 ], [ -96.7300226, 35.945537 ], [ -96.7300019, 35.9455847 ], [ -96.7299711, 35.9456287 ], [ -96.729931, 35.9456675 ], [ -96.729883, 35.9457 ], [ -96.7298287, 35.945725 ], [ -96.7297698, 35.9457417 ], [ -96.7297081, 35.9457497 ], [ -96.7296456, 35.9457487 ], [ -96.7295844, 35.9457387 ], [ -96.729522, 35.9457182 ], [ -96.7294657, 35.9456885 ], [ -96.7294174, 35.9456505 ], [ -96.729379, 35.9456057 ], [ -96.7293519, 35.9455559 ], [ -96.7293372, 35.9455027 ], [ -96.7293352, 35.9454483 ], [ -96.7293463, 35.9453945 ], [ -96.7293698, 35.9453435 ], [ -96.7294032, 35.9452989 ], [ -96.7294462, 35.9452601 ], [ -96.7294972, 35.9452283 ], [ -96.7295546, 35.9452046 ], [ -96.7296164, 35.9451899 ], [ -96.7296805, 35.9451846 ], [ -96.7297446, 35.9451889 ], [ -96.7298068, 35.9452026 ], [ -96.7298647, 35.9452254 ], [ -96.7299165, 35.9452564 ], [ -96.7299604, 35.9452945 ], [ -96.7299949, 35.9453385 ], [ -96.7300189, 35.9453869 ] ] ] } },
{ "type": "Feature", "properties": { "tank_id": "osm_way_794163905", "centroid_lon": -96.73047012027881, "centroid_lat": 35.945104776736223, "radius_m": 31.46, "height_m": 14.63, "roof_type": "unknown", "capacity_kbbl": 286.186, "first_seen": null, "last_seen": null, "notes": "OSM footprint, height model=flat" }, "geometry": { "type": "Polygon", "coordinates": [ [ [ -96.730805, 35.9450242 ], [ -96.7308174, 35.9450738 ], [ -96.7308187, 35.9451243 ], [ -96.7308088, 35.9451743 ], [ -96.7307881, 35.945222 ], [ -96.7307572, 35.945266 ], [ -96.7307172, 35.9453048 ], [ -96.7306692, 35.9453372 ], [ -96.7306149, 35.9453622 ], [ -96.7305559, 35.945379 ], [ -96.7304942, 35.945387 ], [ -96.7304318, 35.945386 ], [ -96.7303705, 35.945376 ], [ -96.7303082, 35.9453555 ], [ -96.7302518, 35.9453257 ], [ -96.7302035, 35.9452878 ], [ -96.7301652, 35.945243 ], [ -96.7301381, 35.9451931 ], [ -96.7301233, 35.94514 ], [ -96.7301214, 35.9450855 ], [ -96.7301324, 35.9450318 ], [ -96.730156, 35.9449808 ], [ -96.7301894, 35.9449362 ], [ -96.7302324, 35.9448974 ], [ -96.7302834, 35.9448656 ], [ -96.7303408, 35.9448419 ], [ -96.7304026, 35.9448272 ], [ -96.7304666, 35.9448219 ], [ -96.7305308, 35.9448262 ], [ -96.7305929, 35.9448399 ], [ -96.7306509, 35.9448627 ], [ -96.7307027, 35.9448936 ], [ -96.7307466, 35.9449318 ], [ -96.7307811, 35.9449758 ], [ -96.730805, 35.9450242 ] ] ] } },
{ "type": "Feature", "properties": { "tank_id": "osm_way_794163911", "centroid_lon": -96.716551762582355, "centroid_lat": 35.937992679988604, "radius_m": 30.2, "height_m": 14.63, "roof_type": "unknown", "capacity_kbbl": 263.693, "first_seen": null, "last_seen": null, "notes": "OSM footprint, height model=flat" }, "geometry": { "type": "Polygon", "coordinates": [ [ [ -96.7165611, 35.9377212 ], [ -96.7164321, 35.937739 ], [ -96.7163213, 35.9377954 ], [ -96.7162456, 35.9378818 ], [ -96.7162165, 35.9379851 ], [ -96.7162384, 35.9380895 ], [ -96.716308, 35.9381792 ], [ -96.7164148, 35.9382406 ], [ -96.7165424, 35.9382641 ], [ -96.7166714, 35.9382464 ], [ -96.7167822, 35.93819 ], [ -96.7168579, 35.9381036 ], [ -96.716887, 35.9380003 ], [ -96.7168651, 35.9378958 ], [ -96.7167955, 35.9378061 ], [ -96.7166887, 35.9377448 ], [ -96.7165611, 35.9377212 ] ] ] } },
{ "type": "Feature", "properties": { "tank_id": "osm_way_794163912", "centroid_lon": -96.717463761588235, "centroid_lat": 35.93797532554202, "radius_m": 30.2, "height_m": 14.63, "roof_type": "unknown", "capacity_kbbl": 263.744, "first_seen": null, "last_seen": null, "notes": "OSM footprint, height model=flat" }, "geometry": { "type": "Polygon", "coordinates": [ [ [ -96.7174731, 35.9377038 ], [ -96.7173441, 35.9377216 ], [ -96.7172333, 35.937778 ], [ -96.7171576, 35.9378644 ], [ -96.7171285, 35.9379677 ], [ -96.7171504, 35.9380721 ], [ -96.71722, 35.9381619 ], [ -96.7173268, 35.9382233 ], [ -96.7174544, 35.9382468 ], [ -96.7175834, 35.9382291 ], [ -96.7176942, 35.9381727 ], [ -96.7177699, 35.9380862 ], [ -96.717799, 35.9379829 ], [ -96.7177771, 35.9378784 ], [ -96.7177075, 35.9377887 ], [ -96.7176007, 35.9377274 ], [ -96.7174731, 35.9377038 ] ] ] } },
{ "type": "Feature", "properties": { "tank_id": "osm_way_794163913", "centroid_lon": -96.721637262582405, "centroid_lat": 35.938722379988604, "radius_m": 30.2, "height_m": 14.63, "roof_type": "unknown", "capacity_kbbl": 263.689, "first_seen": null, "last_seen": null, "notes": "OSM footprint, height model=flat" }, "geometry": { "type": "Polygon", "coordinates": [ [ [ -96.7216466, 35.9384509 ], [ -96.7215176, 35.9384687 ], [ -96.7214068, 35.9385251 ], [ -96.7213311, 35.9386115 ], [ -96.721302, 35.9387148 ], [ -96.7213239, 35.9388192 ], [ -96.7213935, 35.9389089 ], [ -96.7215003, 35.9389703 ], [ -96.7216279, 35.9389938 ], [ -96.7217569, 35.9389761 ], [ -96.7218677, 35.9389197 ], [ -96.7219434, 35.9388333 ], [ -96.7219725, 35.93873 ], [ -96.7219506, 35.9386255 ], [ -96.721881, 35.9385358 ], [ -96.7217742, 35.9384745 ], [ -96.7216466, 35.9384509 ] ] ] } },
{ "type": "Feature", "properties": { "tank_id": "osm_way_794163914", "centroid_lon": -96.721621162582409, "centroid_lat": 35.939499779988601, "radius_m": 30.2, "height_m": 14.63, "roof_type": "unknown", "capacity_kbbl": 263.687, "first_seen": null, "last_seen": null, "notes": "OSM footprint, height model=flat" }, "geometry": { "type": "Polygon", "coordinates": [ [ [ -96.7216305, 35.9392283 ], [ -96.7215015, 35.9392461 ], [ -96.7213907, 35.9393025 ], [ -96.721315, 35.9393889 ], [ -96.7212859, 35.9394922 ], [ -96.7213078, 35.9395966 ], [ -96.7213774, 35.9396863 ], [ -96.7214842, 35.9397477 ], [ -96.7216118, 35.9397712 ], [ -96.7217408, 35.9397535 ], [ -96.7218516, 35.9396971 ], [ -96.7219273, 35.9396107 ], [ -96.7219564, 35.9395074 ], [ -96.7219345, 35.9394029 ], [ -96.7218649, 35.9393132 ], [ -96.7217581, 35.9392519 ], [ -96.7216305, 35.9392283 ] ] ] } },
{ "type": "Feature", "properties": { "tank_id": "osm_way_794163916", "centroid_lon": -96.737349619519847, "centroid_lat": 35.932915185134142, "radius_m": 25.73, "height_m": 14.63, "roof_type": "unknown", "capacity_kbbl": 191.459, "first_seen": null, "last_seen": null, "notes": "OSM footprint, height model=flat" }, "geometry": { "type": "Polygon", "coordinates": [ [ [ -96.7373577, 35.9326839 ], [ -96.7372477, 35.932699 ], [ -96.7371533, 35.932747 ], [ -96.7370888, 35.9328206 ], [ -96.737064, 35.9329087 ], [ -96.7370826, 35.9329977 ], [ -96.7371419, 35.9330741 ], [ -96.7372329, 35.9331264 ], [ -96.7373416, 35.9331465 ], [ -96.7374515, 35.9331314 ], [ -96.7375459, 35.9330833 ], [ -96.7376105, 35.9330097 ], [ -96.7376353, 35.9329217 ], [ -96.7376166, 35.9328327 ], [ -96.7375573, 35.9327562 ], [ -96.7374664, 35.932704 ], [ -96.7373577, 35.9326839 ] ] ] } },
{ "type": "Feature", "properties": { "tank_id": "osm_way_794163917", "centroid_lon": -96.739039405636433, "centroid_lat": 35.935516977442369, "radius_m": 31.16, "height_m": 14.63, "roof_type": "unknown", "capacity_kbbl": 280.731, "first_seen": null, "last_seen": null, "notes": "OSM footprint, height model=flat" }, "geometry": { "type": "Polygon", "coordinates": [ [ [ -96.7390461, 35.9352368 ], [ -96.7389132, 35.9352561 ], [ -96.7387995, 35.9353151 ], [ -96.7387223, 35.9354048 ], [ -96.7386934, 35.9355116 ], [ -96.7387172, 35.9356192 ], [ -96.73879, 35.9357113 ], [ -96.7389008, 35.9357737 ], [ -96.7390327, 35.9357971 ], [ -96.7391656, 35.9357779 ], [ -96.7392793, 35.9357189 ], [ -96.7393565, 35.9356292 ], [ -96.7393854, 35.9355224 ], [ -96.7393616, 35.9354148 ], [ -96.7392888, 35.9353227 ], [ -96.739178, 35.9352602 ], [ -96.7390461, 35.9352368 ] ] ] } },
{ "type": "Feature", "properties": { "tank_id": "osm_way_794163918", "centroid_lon": -96.745085105917298, "centroid_lat": 35.930669527764877, "radius_m": 31.17, "height_m": 14.63, "roof_type": "unknown", "capacity_kbbl": 280.809, "first_seen": null, "last_seen": null, "notes": "OSM footprint, height model=flat" }, "geometry": { "type": "Polygon", "coordinates": [ [ [ -96.7450918, 35.9303893 ], [ -96.7449589, 35.9304086 ], [ -96.7448452, 35.9304676 ], [ -96.744768, 35.9305573 ], [ -96.7447391, 35.9306642 ], [ -96.7447629, 35.9307718 ], [ -96.7448357, 35.9308639 ], [ -96.7449465, 35.9309263 ], [ -96.7450784, 35.9309497 ], [ -96.7452113, 35.9309305 ], [ -96.745325, 35.9308715 ], [ -96.7454022, 35.9307818 ], [ -96.7454311, 35.930675 ], [ -96.7454073, 35.9305673 ], [ -96.7453345, 35.9304752 ], [ -96.7452237, 35.9304127 ], [ -96.7450918, 35.9303893 ] ] ] } },
{ "type": "Feature", "properties": { "tank_id": "osm_way_794163919", "centroid_lon": -96.7441088056365, "centroid_lat": 35.930934477442392, "radius_m": 31.16, "height_m": 14.63, "roof_type": "unknown", "capacity_kbbl": 280.746, "first_seen": null, "last_seen": null, "notes": "OSM footprint, height model=flat" }, "geometry": { "type": "Polygon", "coordinates": [ [ [ -96.7441155, 35.9306543 ], [ -96.7439826, 35.9306736 ], [ -96.7438689, 35.9307326 ], [ -96.7437917, 35.9308223 ], [ -96.7437628, 35.9309291 ], [ -96.7437866, 35.9310367 ], [ -96.7438594, 35.9311288 ], [ -96.7439702, 35.9311912 ], [ -96.7441021, 35.9312146 ], [ -96.744235, 35.9311954 ], [ -96.7443487, 35.9311364 ], [ -96.7444259, 35.9310467 ], [ -96.7444548, 35.9309399 ], [ -96.744431, 35.9308323 ], [ -96.7443582, 35.9307402 ], [ -96.7442474, 35.9306777 ], [ -96.7441155, 35.9306543 ] ] ] } },
{ "type": "Feature", "properties": { "tank_id": "osm_way_794163920", "centroid_lon": -96.744918805636487, "centroid_lat": 35.931499177442383, "radius_m": 31.16, "height_m": 14.63, "roof_type": "unknown", "capacity_kbbl": 280.743, "first_seen": null, "last_seen": null, "notes": "OSM footprint, height model=flat" }, "geometry": { "type": "Polygon", "coordinates": [ [ [ -96.7449255, 35.931219 ], [ -96.7447926, 35.9312383 ], [ -96.7446789, 35.9312973 ], [ -96.7446017, 35.931387 ], [ -96.7445728, 35.9314938 ], [ -96.7445966, 35.9316014 ], [ -96.7446694, 35.9316935 ], [ -96.7447802, 35.9317559 ], [ -96.7449121, 35.9317793 ], [ -96.745045, 35.9317601 ], [ -96.7451587, 35.9317011 ], [ -96.7452359, 35.9316114 ], [ -96.7452648, 35.9315046 ], [ -96.745241, 35.931397 ], [ -96.7451682, 35.9313049 ], [ -96.7450574, 35.9312424 ], [ -96.7449255, 35.931219 ] ] ] } },
{ "type": "Feature", "properties": { "tank_id": "osm_way_794163922", "centroid_lon": -96.745385505636506, "centroid_lat": 35.932776177442378, "radius_m": 31.16, "height_m": 14.63, "roof_type": "unknown", "capacity_kbbl": 280.739, "first_seen": null, "last_seen": null, "notes": "OSM footprint, height model=flat" }, "geometry": { "type": "Polygon", "coordinates": [ [ [ -96.7453922, 35.932496 ], [ -96.7452593, 35.9325153 ], [ -96.7451456, 35.9325743 ], [ -96.7450684, 35.932664 ], [ -96.7450395, 35.9327708 ], [ -96.7450633, 35.9328784 ], [ -96.7451361, 35.9329705 ], [ -96.7452469, 35.9330329 ], [ -96.7453788, 35.9330563 ], [ -96.7455117, 35.9330371 ], [ -96.7456254, 35.9329781 ], [ -96.7457026, 35.9328884 ], [ -96.7457315, 35.9327816 ], [ -96.7457077, 35.932674 ], [ -96.7456349, 35.9325819 ], [ -96.7455241, 35.9325194 ], [ -96.7453922, 35.932496 ] ] ] } },
{ "type": "Feature", "properties": { "tank_id": "osm_way_794163923", "centroid_lon": -96.746179505636505, "centroid_lat": 35.932311477442383, "radius_m": 31.16, "height_m": 14.63, "roof_type": "unknown", "capacity_kbbl": 280.74, "first_seen": null, "last_seen": null, "notes": "OSM footprint, height model=flat" }, "geometry": { "type": "Polygon", "coordinates": [ [ [ -96.7461862, 35.9320313 ], [ -96.7460533, 35.9320506 ], [ -96.7459396, 35.9321096 ], [ -96.7458624, 35.9321993 ], [ -96.7458335, 35.9323061 ], [ -96.7458573, 35.9324137 ], [ -96.7459301, 35.9325058 ], [ -96.7460409, 35.9325682 ], [ -96.7461728, 35.9325916 ], [ -96.7463057, 35.9325724 ], [ -96.7464194, 35.9325134 ], [ -96.7464966, 35.9324237 ], [ -96.7465255, 35.9323169 ], [ -96.7465017, 35.9322093 ], [ -96.7464289, 35.9321172 ], [ -96.7463181, 35.9320547 ], [ -96.7461862, 35.9320313 ] ] ] } },
{ "type": "Feature", "properties": { "tank_id": "osm_way_794163924", "centroid_lon": -96.747096804950999, "centroid_lat": 35.932728423004924, "radius_m": 31.17, "height_m": 14.63, "roof_type": "unknown", "capacity_kbbl": 280.792, "first_seen": null, "last_seen": null, "notes": "OSM footprint, height model=flat" }, "geometry": { "type": "Polygon", "coordinates": [ [ [ -96.7471035, 35.9324482 ], [ -96.7469706, 35.9324675 ], [ -96.7468569, 35.9325265 ], [ -96.7467797, 35.9326162 ], [ -96.7467508, 35.932723 ], [ -96.7467746, 35.9328306 ], [ -96.7468474, 35.9329228 ], [ -96.7469582, 35.9329852 ], [ -96.7470901, 35.9330086 ], [ -96.747223, 35.9329894 ], [ -96.7473367, 35.9329304 ], [ -96.7474139, 35.9328406 ], [ -96.7474428, 35.9327338 ], [ -96.747419, 35.9326262 ], [ -96.7473462, 35.9325341 ], [ -96.7472354, 35.9324716 ], [ -96.7471035, 35.9324482 ] ] ] } },
{ "type": "Feature", "properties": { "tank_id": "osm_way_794163925", "centroid_lon": -96.74612580563651, "centroid_lat": 35.933544977442374, "radius_m": 31.16, "height_m": 14.63, "roof_type": "unknown", "capacity_kbbl": 280.736, "first_seen": null, "last_seen": null, "notes": "OSM footprint, height model=flat" }, "geometry": { "type": "Polygon", "coordinates": [ [ [ -96.7461325, 35.9332648 ], [ -96.7459996, 35.9332841 ], [ -96.7458859, 35.9333431 ], [ -96.7458087, 35.9334328 ], [ -96.7457798, 35.9335396 ], [ -96.7458036, 35.9336472 ], [ -96.7458764, 35.9337393 ], [ -96.7459872, 35.9338017 ], [ -96.7461191, 35.9338251 ], [ -96.746252, 35.9338059 ], [ -96.7463657, 35.9337469 ], [ -96.7464429, 35.9336572 ], [ -96.7464718, 35.9335504 ], [ -96.746448, 35.9334428 ], [ -96.7463752, 35.9333507 ], [ -96.7462644, 35.9332882 ], [ -96.7461325, 35.9332648 ] ] ] } },
{ "type": "Feature", "properties": { "tank_id": "osm_way_794163926", "centroid_lon": -96.747166505636514, "centroid_lat": 35.933562377442364, "radius_m": 31.16, "height_m": 14.63, "roof_type": "unknown", "capacity_kbbl": 280.736, "first_seen": null, "last_seen": null, "notes": "OSM footprint, height model=flat" }, "geometry": { "type": "Polygon", "coordinates": [ [ [ -96.7471732, 35.9332822 ], [ -96.7470403, 35.9333015 ], [ -96.7469266, 35.9333605 ], [ -96.7468494, 35.9334502 ], [ -96.7468205, 35.933557 ], [ -96.7468443, 35.9336646 ], [ -96.7469171, 35.9337567 ], [ -96.7470279, 35.9338191 ], [ -96.7471598, 35.9338425 ], [ -96.7472927, 35.9338233 ], [ -96.7474064, 35.9337643 ], [ -96.7474836, 35.9336746 ], [ -96.7475125, 35.9335678 ], [ -96.7474887, 35.9334602 ], [ -96.7474159, 35.9333681 ], [ -96.7473051, 35.9333056 ], [ -96.7471732, 35.9332822 ] ] ] } },
{ "type": "Feature", "properties": { "tank_id": "osm_way_794163927", "centroid_lon": -96.745337305636511, "centroid_lat": 35.934331177442353, "radius_m": 31.16, "height_m": 14.63, "roof_type": "unknown", "capacity_kbbl": 280.733, "first_seen": null, "last_seen": null, "notes": "OSM footprint, height model=flat" }, "geometry": { "type": "Polygon", "coordinates": [ [ [ -96.745344, 35.934051 ], [ -96.7452111, 35.9340703 ], [ -96.7450974, 35.9341293 ], [ -96.7450202, 35.934219 ], [ -96.7449913, 35.9343258 ], [ -96.7450151, 35.9344334 ], [ -96.7450879, 35.9345255 ], [ -96.7451987, 35.9345879 ], [ -96.7453306, 35.9346113 ], [ -96.7454635, 35.9345921 ], [ -96.7455772, 35.9345331 ], [ -96.7456544, 35.9344434 ], [ -96.7456833, 35.9343366 ], [ -96.7456595, 35.934229 ], [ -96.7455867, 35.9341369 ], [ -96.7454759, 35.9340744 ], [ -96.745344, 35.934051 ] ] ] } },
{ "type": "Feature", "properties": { "tank_id": "osm_way_794163928", "centroid_lon": -96.74633500563651, "centroid_lat": 35.934344277442385, "radius_m": 31.16, "height_m": 14.63, "roof_type": "unknown", "capacity_kbbl": 280.733, "first_seen": null, "last_seen": null, "notes": "OSM footprint, height model=flat" }, "geometry": { "type": "Polygon", "coordinates": [ [ [ -96.7463417, 35.9340641 ], [ -96.7462088, 35.9340834 ], [ -96.7460951, 35.9341424 ], [ -96.7460179, 35.9342321 ], [ -96.745989, 35.9343389 ], [ -96.7460128, 35.9344465 ], [ -96.7460856, 35.9345386 ], [ -96.7461964, 35.934601 ], [ -96.7463283, 35.9346244 ], [ -96.7464612, 35.9346052 ], [ -96.7465749, 35.9345462 ], [ -96.7466521, 35.9344565 ], [ -96.746681, 35.9343497 ], [ -96.7466572, 35.9342421 ], [ -96.7465844, 35.93415 ], [ -96.7464736, 35.9340875 ], [ -96.7463417, 35.9340641 ] ] ] } },
{ "type": "Feature", "properties": { "tank_id": "osm_way_794163931", "centroid_lon": -96.747439867758757, "centroid_lat": 35.926486405367015, "radius_m": 23.57, "height_m": 14.63, "roof_type": "unknown", "capacity_kbbl": 160.62, "first_seen": null, "last_seen": null, "notes": "OSM footprint, height model=flat" }, "geometry": { "type": "Polygon", "coordinates": [ [ [ -96.7476871, 35.9264168 ], [ -96.7476995, 35.9264599 ], [ -96.7477007, 35.9265042 ], [ -96.7476904, 35.9265477 ], [ -96.7476692, 35.9265886 ], [ -96.7476379, 35.926625 ], [ -96.747598, 35.9266553 ], [ -96.7475512, 35.9266782 ], [ -96.7474996, 35.9266928 ], [ -96.7474453, 35.9266983 ], [ -96.7473908, 35.9266946 ], [ -96.7473384, 35.9266818 ], [ -96.7472897, 35.92666 ], [ -96.7472478, 35.9266304 ], [ -96.7472145, 35.9265943 ], [ -96.7471915, 35.9265533 ], [ -96.7471796, 35.9265093 ], [ -96.7471796, 35.9264642 ], [ -96.7471912, 35.9264202 ], [ -96.7472141, 35.9263792 ], [ -96.7472472, 35.926343 ], [ -96.7472876, 35.926314 ], [ -96.7473344, 35.9262924 ], [ -96.7473857, 35.926279 ], [ -96.7474393, 35.9262745 ], [ -96.747493, 35.9262789 ], [ -96.7475444, 35.9262921 ], [ -96.7475913, 35.9263136 ], [ -96.7476318, 35.9263424 ], [ -96.7476642, 35.9263773 ], [ -96.7476871, 35.9264168 ] ] ] } },
{ "type": "Feature", "properties": { "tank_id": "osm_way_794163932", "centroid_lon": -96.748115788992962, "centroid_lat": 35.926482049906156, "radius_m": 23.57, "height_m": 14.63, "roof_type": "unknown", "capacity_kbbl": 160.622, "first_seen": null, "last_seen": null, "notes": "OSM footprint, height model=flat" }, "geometry": { "type": "Polygon", "coordinates": [ [ [ -96.748363, 35.9264125 ], [ -96.7483755, 35.9264556 ], [ -96.7483766, 35.9264999 ], [ -96.7483663, 35.9265434 ], [ -96.7483451, 35.9265842 ], [ -96.7483138, 35.9266206 ], [ -96.7482739, 35.9266509 ], [ -96.7482271, 35.9266739 ], [ -96.7481755, 35.9266884 ], [ -96.7481212, 35.926694 ], [ -96.7480667, 35.9266903 ], [ -96.7480143, 35.9266774 ], [ -96.7479656, 35.9266557 ], [ -96.7479237, 35.9266261 ], [ -96.7478905, 35.9265899 ], [ -96.7478674, 35.926549 ], [ -96.7478556, 35.9265049 ], [ -96.7478555, 35.9264599 ], [ -96.7478671, 35.9264159 ], [ -96.74789, 35.9263748 ], [ -96.7479231, 35.9263386 ], [ -96.7479635, 35.9263097 ], [ -96.7480103, 35.9262881 ], [ -96.7480616, 35.9262747 ], [ -96.7481153, 35.9262701 ], [ -96.7481689, 35.9262745 ], [ -96.7482203, 35.9262878 ], [ -96.7482672, 35.9263092 ], [ -96.7483078, 35.926338 ], [ -96.7483401, 35.9263729 ], [ -96.748363, 35.9264125 ] ] ] } },
{ "type": "Feature", "properties": { "tank_id": "osm_way_794163933", "centroid_lon": -96.747445239070998, "centroid_lat": 35.927042417415763, "radius_m": 23.57, "height_m": 14.63, "roof_type": "unknown", "capacity_kbbl": 160.61, "first_seen": null, "last_seen": null, "notes": "OSM footprint, height model=flat" }, "geometry": { "type": "Polygon", "coordinates": [ [ [ -96.7476924, 35.9269728 ], [ -96.7477049, 35.927016 ], [ -96.747706, 35.9270603 ], [ -96.7476958, 35.9271038 ], [ -96.7476745, 35.9271446 ], [ -96.7476433, 35.927181 ], [ -96.7476034, 35.9272113 ], [ -96.7475566, 35.9272342 ], [ -96.7475049, 35.9272488 ], [ -96.7474506, 35.9272543 ], [ -96.7473961, 35.9272506 ], [ -96.7473437, 35.9272378 ], [ -96.7472951, 35.927216 ], [ -96.7472531, 35.9271864 ], [ -96.7472199, 35.9271503 ], [ -96.7471969, 35.9271093 ], [ -96.747185, 35.9270653 ], [ -96.7471849, 35.9270203 ], [ -96.7471966, 35.9269762 ], [ -96.7472195, 35.9269352 ], [ -96.7472525, 35.926899 ], [ -96.7472929, 35.9268701 ], [ -96.7473398, 35.9268484 ], [ -96.7473911, 35.9268351 ], [ -96.7474447, 35.9268305 ], [ -96.7474983, 35.9268349 ], [ -96.7475497, 35.9268481 ], [ -96.7475967, 35.9268696 ], [ -96.7476372, 35.9268984 ], [ -96.7476696, 35.9269333 ], [ -96.7476924, 35.9269728 ] ] ] } },
{ "type": "Feature", "properties": { "tank_id": "osm_way_794163934", "centroid_lon": -96.748126328369196, "centroid_lat": 35.927055535962729, "radius_m": 23.57, "height_m": 14.63, "roof_type": "unknown", "capacity_kbbl": 160.62, "first_seen": null, "last_seen": null, "notes": "OSM footprint, height model=flat" }, "geometry": { "type": "Polygon", "coordinates": [ [ [ -96.7483735, 35.9269859 ], [ -96.748386, 35.9270291 ], [ -96.7483871, 35.9270734 ], [ -96.7483768, 35.9271169 ], [ -96.7483556, 35.9271577 ], [ -96.7483244, 35.9271941 ], [ -96.7482845, 35.9272244 ], [ -96.7482377, 35.9272474 ], [ -96.748186, 35.9272619 ], [ -96.7481317, 35.9272675 ], [ -96.7480772, 35.9272637 ], [ -96.7480248, 35.9272509 ], [ -96.7479761, 35.9272291 ], [ -96.7479342, 35.9271995 ], [ -96.747901, 35.9271634 ], [ -96.7478779, 35.9271224 ], [ -96.7478661, 35.9270784 ], [ -96.747866, 35.9270334 ], [ -96.7478777, 35.9269894 ], [ -96.7479005, 35.9269483 ], [ -96.7479336, 35.9269121 ], [ -96.747974, 35.9268832 ], [ -96.7480209, 35.9268616 ], [ -96.7480722, 35.9268482 ], [ -96.7481258, 35.9268436 ], [ -96.7481794, 35.926848 ], [ -96.7482308, 35.9268612 ], [ -96.7482778, 35.9268827 ], [ -96.7483183, 35.9269115 ], [ -96.7483507, 35.9269464 ], [ -96.7483735, 35.9269859 ] ] ] } },
{ "type": "Feature", "properties": { "tank_id": "osm_way_794163935", "centroid_lon": -96.759070157292399, "centroid_lat": 35.924661906501576, "radius_m": 29.48, "height_m": 14.63, "roof_type": "unknown", "capacity_kbbl": 251.29, "first_seen": null, "last_seen": null, "notes": "OSM footprint, height model=flat" }, "geometry": { "type": "Polygon", "coordinates": [ [ [ -96.7590795, 35.9243969 ], [ -96.7589536, 35.9244142 ], [ -96.7588454, 35.9244692 ], [ -96.7587714, 35.9245535 ], [ -96.7587429, 35.9246543 ], [ -96.7587642, 35.9247563 ], [ -96.7588321, 35.9248439 ], [ -96.7589363, 35.9249038 ], [ -96.7590608, 35.9249269 ], [ -96.7591867, 35.9249096 ], [ -96.7592949, 35.9248547 ], [ -96.7593689, 35.9247703 ], [ -96.7593974, 35.9246695 ], [ -96.7593761, 35.9245675 ], [ -96.7593082, 35.9244799 ], [ -96.759204, 35.92442 ], [ -96.7590795, 35.9243969 ] ] ] } },
{ "type": "Feature", "properties": { "tank_id": "osm_way_794163936", "centroid_lon": -96.759091657292387, "centroid_lat": 35.925539406501571, "radius_m": 29.48, "height_m": 14.63, "roof_type": "unknown", "capacity_kbbl": 251.287, "first_seen": null, "last_seen": null, "notes": "OSM footprint, height model=flat" }, "geometry": { "type": "Polygon", "coordinates": [ [ [ -96.759101, 35.9252744 ], [ -96.7589751, 35.9252917 ], [ -96.7588669, 35.9253467 ], [ -96.7587929, 35.925431 ], [ -96.7587644, 35.9255318 ], [ -96.7587857, 35.9256338 ], [ -96.7588536, 35.9257214 ], [ -96.7589578, 35.9257813 ], [ -96.7590823, 35.9258044 ], [ -96.7592082, 35.9257871 ], [ -96.7593164, 35.9257322 ], [ -96.7593904, 35.9256478 ], [ -96.7594189, 35.925547 ], [ -96.7593976, 35.925445 ], [ -96.7593297, 35.9253574 ], [ -96.7592255, 35.9252975 ], [ -96.759101, 35.9252744 ] ] ] } },
{ "type": "Feature", "properties": { "tank_id": "osm_way_794163937", "centroid_lon": -96.758957557292405, "centroid_lat": 35.926416906501579, "radius_m": 29.48, "height_m": 14.63, "roof_type": "unknown", "capacity_kbbl": 251.285, "first_seen": null, "last_seen": null, "notes": "OSM footprint, height model=flat" }, "geometry": { "type": "Polygon", "coordinates": [ [ [ -96.7589669, 35.9261519 ], [ -96.758841, 35.9261692 ], [ -96.7587328, 35.9262242 ], [ -96.7586588, 35.9263085 ], [ -96.7586303, 35.9264093 ], [ -96.7586516, 35.9265113 ], [ -96.7587195, 35.9265989 ], [ -96.7588237, 35.9266588 ], [ -96.7589482, 35.9266819 ], [ -96.7590741, 35.9266646 ], [ -96.7591823, 35.9266097 ], [ -96.7592563, 35.9265253 ], [ -96.7592848, 35.9264245 ], [ -96.7592635, 35.9263225 ], [ -96.7591956, 35.9262349 ], [ -96.7590914, 35.926175 ], [ -96.7589669, 35.9261519 ] ] ] } },
{ "type": "Feature", "properties": { "tank_id": "osm_way_1034325351", "centroid_lon": -96.766357939372782, "centroid_lat": 35.929855199976821, "radius_m": 34.69, "height_m": 14.63, "roof_type": "unknown", "capacity_kbbl": 347.873, "first_seen": null, "last_seen": null, "notes": "OSM footprint, height model=flat" }, "geometry": { "type": "Polygon", "coordinates": [ [ [ -96.7660429, 35.9296757 ], [ -96.7661337, 35.9296015 ], [ -96.7662497, 35.9295557 ], [ -96.7663778, 35.9295436 ], [ -96.7665038, 35.9295663 ], [ -96.7666134, 35.9296215 ], [ -96.7666943, 35.9297029 ], [ -96.7667375, 35.9298013 ], [ -96.7667381, 35.9299058 ], [ -96.7666961, 35.9300046 ], [ -96.7666162, 35.9300866 ], [ -96.7665072, 35.9301426 ], [ -96.7663887, 35.930166 ], [ -96.7662672, 35.9301582 ], [ -96.7661547, 35.93012 ], [ -96.7660626, 35.9300552 ], [ -96.7660001, 35.9299704 ], [ -96.7659736, 35.929874 ], [ -96.7659874, 35.9297701 ], [ -96.7660429, 35.9296757 ] ] ] } },
{ "type": "Feature", "properties": { "tank_id": "osm_way_1034325352", "centroid_lon": -96.766115759623062, "centroid_lat": 35.930687413727711, "radius_m": 34.69, "height_m": 14.63, "roof_type": "unknown", "capacity_kbbl": 347.847, "first_seen": null, "last_seen": null, "notes": "OSM footprint, height model=flat" }, "geometry": { "type": "Polygon", "coordinates": [ [ [ -96.7658007, 35.930508 ], [ -96.7658915, 35.9304337 ], [ -96.7660075, 35.930388 ], [ -96.7661357, 35.9303758 ], [ -96.7662616, 35.9303985 ], [ -96.7663712, 35.9304537 ], [ -96.7664521, 35.9305351 ], [ -96.7664953, 35.9306335 ], [ -96.7664959, 35.930738 ], [ -96.7664539, 35.9308368 ], [ -96.766374, 35.9309188 ], [ -96.7662651, 35.9309748 ], [ -96.7661466, 35.9309982 ], [ -96.766025, 35.9309904 ], [ -96.7659125, 35.9309522 ], [ -96.7658204, 35.9308874 ], [ -96.765758, 35.9308026 ], [ -96.7657314, 35.9307062 ], [ -96.7657452, 35.9306023 ], [ -96.7658007, 35.930508 ] ] ] } },
{ "type": "Feature", "properties": { "tank_id": "osm_way_1034325353", "centroid_lon": -96.766372615781492, "centroid_lat": 35.931564693793895, "radius_m": 34.69, "height_m": 14.63, "roof_type": "unknown", "capacity_kbbl": 347.862, "first_seen": null, "last_seen": null, "notes": "OSM footprint, height model=flat" }, "geometry": { "type": "Polygon", "coordinates": [ [ [ -96.7660575, 35.9313852 ], [ -96.7661484, 35.931311 ], [ -96.7662643, 35.9312652 ], [ -96.7663925, 35.9312531 ], [ -96.7665184, 35.9312758 ], [ -96.766628, 35.931331 ], [ -96.766709, 35.9314124 ], [ -96.7667522, 35.9315108 ], [ -96.7667528, 35.9316153 ], [ -96.7667108, 35.9317141 ], [ -96.7666308, 35.9317961 ], [ -96.7665219, 35.9318521 ], [ -96.7664034, 35.9318755 ], [ -96.7662818, 35.9318677 ], [ -96.7661693, 35.9318294 ], [ -96.7660773, 35.9317647 ], [ -96.7660148, 35.9316798 ], [ -96.7659882, 35.9315835 ], [ -96.7660021, 35.9314796 ], [ -96.7660575, 35.9313852 ] ] ] } },
{ "type": "Feature", "properties": { "tank_id": "osm_way_1034325354", "centroid_lon": -96.764481253636603, "centroid_lat": 35.93164411011773, "radius_m": 34.69, "height_m": 14.63, "roof_type": "unknown", "capacity_kbbl": 347.85, "first_seen": null, "last_seen": null, "notes": "OSM footprint, height model=flat" }, "geometry": { "type": "Polygon", "coordinates": [ [ [ -96.7641662, 35.9314646 ], [ -96.764257, 35.9313904 ], [ -96.764373, 35.9313447 ], [ -96.7645012, 35.9313325 ], [ -96.7646271, 35.9313552 ], [ -96.7647367, 35.9314104 ], [ -96.7648176, 35.9314918 ], [ -96.7648608, 35.9315902 ], [ -96.7648614, 35.9316947 ], [ -96.7648194, 35.9317935 ], [ -96.7647395, 35.9318755 ], [ -96.7646306, 35.9319315 ], [ -96.7645121, 35.9319549 ], [ -96.7643905, 35.9319471 ], [ -96.764278, 35.9319089 ], [ -96.7641859, 35.9318441 ], [ -96.7641235, 35.9317593 ], [ -96.7640969, 35.9316629 ], [ -96.7641107, 35.931559 ], [ -96.7641662, 35.9314646 ] ] ] } },
{ "type": "Feature", "properties": { "tank_id": "osm_way_1034325355", "centroid_lon": -96.765354550539669, "centroid_lat": 35.93210921624182, "radius_m": 34.69, "height_m": 14.63, "roof_type": "unknown", "capacity_kbbl": 347.849, "first_seen": null, "last_seen": null, "notes": "OSM footprint, height model=flat" }, "geometry": { "type": "Polygon", "coordinates": [ [ [ -96.7650395, 35.9319298 ], [ -96.7651303, 35.9318555 ], [ -96.7652463, 35.9318098 ], [ -96.7653744, 35.9317976 ], [ -96.7655004, 35.9318203 ], [ -96.76561, 35.9318755 ], [ -96.7656909, 35.9319569 ], [ -96.7657341, 35.9320553 ], [ -96.7657347, 35.9321598 ], [ -96.7656927, 35.9322586 ], [ -96.7656128, 35.9323406 ], [ -96.7655039, 35.9323966 ], [ -96.7653853, 35.93242 ], [ -96.7652638, 35.9324122 ], [ -96.7651513, 35.932374 ], [ -96.7650592, 35.9323092 ], [ -96.7649967, 35.9322244 ], [ -96.7649702, 35.932128 ], [ -96.764984, 35.9320241 ], [ -96.7650395, 35.9319298 ] ] ] } },
{ "type": "Feature", "properties": { "tank_id": "osm_way_1034325356", "centroid_lon": -96.764956064642462, "centroid_lat": 35.929160715503855, "radius_m": 38.85, "height_m": 14.63, "roof_type": "unknown", "capacity_kbbl": 436.287, "first_seen": null, "last_seen": null, "notes": "OSM footprint, height model=flat" }, "geometry": { "type": "Polygon", "coordinates": [ [ [ -96.7648665, 35.9288191 ], [ -96.7650073, 35.9288139 ], [ -96.7651426, 35.9288458 ], [ -96.765258, 35.9289113 ], [ -96.7653412, 35.9290035 ], [ -96.7653832, 35.9291124 ], [ -96.7653797, 35.9292265 ], [ -96.7653309, 35.9293336 ], [ -96.7652421, 35.9294222 ], [ -96.7651207, 35.9294836 ], [ -96.7649811, 35.9295095 ], [ -96.7648388, 35.9294969 ], [ -96.7647093, 35.9294473 ], [ -96.7646071, 35.9293662 ], [ -96.7645433, 35.9292624 ], [ -96.7645249, 35.9291474 ], [ -96.7645541, 35.9290338 ], [ -96.7646276, 35.9289343 ], [ -96.7647352, 35.9288607 ], [ -96.7648665, 35.9288191 ] ] ] } },
{ "type": "Feature", "properties": { "tank_id": "osm_way_1034325357", "centroid_lon": -96.766195031993576, "centroid_lat": 35.9289049224395, "radius_m": 38.85, "height_m": 14.63, "roof_type": "unknown", "capacity_kbbl": 436.31, "first_seen": null, "last_seen": null, "notes": "OSM footprint, height model=flat" }, "geometry": { "type": "Polygon", "coordinates": [ [ [ -96.7661054, 35.9285633 ], [ -96.7662462, 35.9285581 ], [ -96.7663816, 35.92859 ], [ -96.766497, 35.9286555 ], [ -96.7665801, 35.9287477 ], [ -96.7666222, 35.9288566 ], [ -96.7666187, 35.9289707 ], [ -96.7665699, 35.9290778 ], [ -96.7664811, 35.9291664 ], [ -96.7663597, 35.9292278 ], [ -96.7662201, 35.9292537 ], [ -96.7660777, 35.9292411 ], [ -96.7659483, 35.9291915 ], [ -96.765846, 35.9291104 ], [ -96.7657822, 35.9290066 ], [ -96.7657639, 35.9288916 ], [ -96.7657931, 35.928778 ], [ -96.7658665, 35.9286785 ], [ -96.7659742, 35.9286049 ], [ -96.7661054, 35.9285633 ] ] ] } },
{ "type": "Feature", "properties": { "tank_id": "osm_way_1034325358", "centroid_lon": -96.764317700280799, "centroid_lat": 35.930050711037666, "radius_m": 38.85, "height_m": 14.63, "roof_type": "unknown", "capacity_kbbl": 436.26, "first_seen": null, "last_seen": null, "notes": "OSM footprint, height model=flat" }, "geometry": { "type": "Polygon", "coordinates": [ [ [ -96.7642281, 35.9297091 ], [ -96.7643689, 35.9297039 ], [ -96.7645042, 35.9297358 ], [ -96.7646196, 35.9298013 ], [ -96.7647028, 35.9298935 ], [ -96.7647449, 35.9300024 ], [ -96.7647413, 35.9301165 ], [ -96.7646925, 35.9302235 ], [ -96.7646038, 35.9303122 ], [ -96.7644823, 35.9303736 ], [ -96.7643427, 35.9303995 ], [ -96.7642004, 35.9303869 ], [ -96.764071, 35.9303373 ], [ -96.7639687, 35.9302561 ], [ -96.7639049, 35.9301523 ], [ -96.7638866, 35.9300374 ], [ -96.7639157, 35.9299238 ], [ -96.7639892, 35.9298243 ], [ -96.7640969, 35.9297507 ], [ -96.7642281, 35.9297091 ] ] ] } },
{ "type": "Feature", "properties": { "tank_id": "osm_way_1034325359", "centroid_lon": -96.763687232015599, "centroid_lat": 35.93093557396692, "radius_m": 38.85, "height_m": 14.63, "roof_type": "unknown", "capacity_kbbl": 436.28, "first_seen": null, "last_seen": null, "notes": "OSM footprint, height model=flat" }, "geometry": { "type": "Polygon", "coordinates": [ [ [ -96.7635976, 35.9305939 ], [ -96.7637384, 35.9305888 ], [ -96.7638738, 35.9306207 ], [ -96.7639892, 35.9306862 ], [ -96.7640723, 35.9307783 ], [ -96.7641144, 35.9308872 ], [ -96.7641109, 35.9310013 ], [ -96.7640621, 35.9311084 ], [ -96.7639733, 35.931197 ], [ -96.7638519, 35.9312585 ], [ -96.7637123, 35.9312843 ], [ -96.7635699, 35.9312718 ], [ -96.7634405, 35.9312222 ], [ -96.7633383, 35.931141 ], [ -96.7632744, 35.9310372 ], [ -96.7632561, 35.9309222 ], [ -96.7632853, 35.9308087 ], [ -96.7633587, 35.9307092 ], [ -96.7634664, 35.9306355 ], [ -96.7635976, 35.9305939 ] ] ] } },
{ "type": "Feature", "properties": { "tank_id": "osm_way_1034325360", "centroid_lon": -96.765455590235376, "centroid_lat": 35.931302758963149, "radius_m": 25.79, "height_m": 14.63, "roof_type": "unknown", "capacity_kbbl": 192.331, "first_seen": null, "last_seen": null, "notes": "OSM footprint, height model=flat" }, "geometry": { "type": "Polygon", "coordinates": [ [ [ -96.7655566, 35.9310856 ], [ -96.7656402, 35.9311253 ], [ -96.7657027, 35.9311852 ], [ -96.765737, 35.9312586 ], [ -96.765739, 35.9313371 ], [ -96.7657087, 35.9314116 ], [ -96.7656494, 35.9314736 ], [ -96.7655679, 35.9315161 ], [ -96.7654792, 35.9315338 ], [ -96.7653881, 35.931528 ], [ -96.7653039, 35.9314993 ], [ -96.7652351, 35.9314506 ], [ -96.7651888, 35.9313868 ], [ -96.7651697, 35.9313144 ], [ -96.7651797, 35.9312408 ], [ -96.7652178, 35.9311736 ], [ -96.7652801, 35.9311195 ], [ -96.7653656, 35.9310825 ], [ -96.7654614, 35.9310708 ], [ -96.7655566, 35.9310856 ] ] ] } },
{ "type": "Feature", "properties": { "tank_id": "osm_way_1034325361", "centroid_lon": -96.764765260355375, "centroid_lat": 35.930891632931797, "radius_m": 25.79, "height_m": 14.63, "roof_type": "unknown", "capacity_kbbl": 192.323, "first_seen": null, "last_seen": null, "notes": "OSM footprint, height model=flat" }, "geometry": { "type": "Polygon", "coordinates": [ [ [ -96.7648663, 35.9306745 ], [ -96.7649499, 35.9307141 ], [ -96.7650124, 35.9307741 ], [ -96.7650466, 35.9308475 ], [ -96.7650487, 35.9309259 ], [ -96.7650183, 35.9310004 ], [ -96.764959, 35.9310625 ], [ -96.7648776, 35.931105 ], [ -96.7647888, 35.9311227 ], [ -96.7646977, 35.9311169 ], [ -96.7646135, 35.9310882 ], [ -96.7645448, 35.9310394 ], [ -96.7644985, 35.9309756 ], [ -96.7644794, 35.9309033 ], [ -96.7644894, 35.9308297 ], [ -96.7645275, 35.9307624 ], [ -96.7645898, 35.9307083 ], [ -96.7646753, 35.9306714 ], [ -96.7647711, 35.9306597 ], [ -96.7648663, 35.9306745 ] ] ] } },
{ "type": "Feature", "properties": { "tank_id": "osm_way_1034325362", "centroid_lon": -96.765409719085696, "centroid_lat": 35.929980292713871, "radius_m": 25.79, "height_m": 14.63, "roof_type": "unknown", "capacity_kbbl": 192.347, "first_seen": null, "last_seen": null, "notes": "OSM footprint, height model=flat" }, "geometry": { "type": "Polygon", "coordinates": [ [ [ -96.7655107, 35.9297631 ], [ -96.7655943, 35.9298028 ], [ -96.7656569, 35.9298627 ], [ -96.7656911, 35.9299361 ], [ -96.7656932, 35.9300146 ], [ -96.7656628, 35.9300891 ], [ -96.7656035, 35.9301511 ], [ -96.765522, 35.9301936 ], [ -96.7654333, 35.9302114 ], [ -96.7653422, 35.9302056 ], [ -96.765258, 35.9301768 ], [ -96.7651892, 35.9301281 ], [ -96.7651429, 35.9300643 ], [ -96.7651238, 35.9299919 ], [ -96.7651338, 35.9299184 ], [ -96.7651719, 35.9298511 ], [ -96.7652343, 35.929797 ], [ -96.7653198, 35.9297601 ], [ -96.7654156, 35.9297483 ], [ -96.7655107, 35.9297631 ] ] ] } }
]
}
